OFF_RATING,DEF_RATING,NET_RATING,PACE,OPP_FG_PCT,OPP_FG3_PCT,OPP_REB,OPP_AST,OPP_TOV,RESULT
-7.099999999999994,-8.5,1.4,3.5799999999999983,-0.014000000000000012,0.02999999999999997,6.700000000000003,3.099999999999998,2.0,1
7.099999999999994,8.5,-1.4,-3.5799999999999983,0.014000000000000012,-0.02999999999999997,-6.700000000000003,-3.099999999999998,-2.0,0
0.30000000000001137,-11.200000000000003,11.5,0.9599999999999937,-0.02699999999999997,-0.07,8.200000000000003,-0.6000000000000014,4.4,1
-0.30000000000001137,11.200000000000003,-11.5,-0.9599999999999937,0.02699999999999997,0.07,-8.200000000000003,0.6000000000000014,-4.4,0
-0.8999999999999915,-5.299999999999997,4.5,5.109999999999999,0.010000000000000009,-0.02100000000000002,2.0,0.0,4.5,1
0.8999999999999915,5.299999999999997,-4.5,-5.109999999999999,-0.010000000000000009,0.02100000000000002,-2.0,0.0,-4.5,0
-6.8999999999999915,-9.200000000000003,2.3000000000000003,-1.720000000000013,-0.046999999999999986,-0.02100000000000002,3.3999999999999986,0.5,1.200000000000001,0
6.8999999999999915,9.200000000000003,-2.3000000000000003,1.720000000000013,0.046999999999999986,0.02100000000000002,-3.3999999999999986,-0.5,-1.200000000000001,0
-8.299999999999997,-13.099999999999994,4.8,-5.290000000000006,-0.019999999999999962,-0.0020000000000000018,4.0,-3.3000000000000007,0.5999999999999996,0
8.299999999999997,13.099999999999994,-4.8,5.290000000000006,0.019999999999999962,0.0020000000000000018,-4.0,3.3000000000000007,-0.5999999999999996,0
-12.299999999999997,-12.899999999999991,0.6000000000000001,-1.6000000000000085,-0.0040000000000000036,-0.0020000000000000018,2.299999999999997,1.8999999999999986,3.0999999999999996,1
12.299999999999997,12.899999999999991,-0.6000000000000001,1.6000000000000085,0.0040000000000000036,0.0020000000000000018,-2.299999999999997,-1.8999999999999986,-3.0999999999999996,0
-1.0,-3.0999999999999943,2.2,2.5999999999999943,0.015000000000000013,0.009000000000000008,5.100000000000001,1.8999999999999986,1.3000000000000007,0
1.0,3.0999999999999943,-2.2,-2.5999999999999943,-0.015000000000000013,-0.009000000000000008,-5.100000000000001,-1.8999999999999986,-1.3000000000000007,1
-11.799999999999997,-9.5,-2.3,-4.560000000000002,-0.017000000000000015,0.007000000000000006,1.0,-2.1000000000000014,-1.4999999999999982,0
11.799999999999997,9.5,2.3,4.560000000000002,0.017000000000000015,-0.007000000000000006,-1.0,2.1000000000000014,1.4999999999999982,1
0.5,-4.599999999999994,5.1000000000000005,0.8999999999999915,0.015000000000000013,0.03799999999999998,-3.1000000000000014,1.7999999999999972,-0.6999999999999993,0
-0.5,4.599999999999994,-5.1000000000000005,-0.8999999999999915,-0.015000000000000013,-0.03799999999999998,3.1000000000000014,-1.7999999999999972,0.6999999999999993,0
-10.599999999999994,-8.399999999999991,-2.0999999999999996,4.72999999999999,-0.02799999999999997,-0.04200000000000004,7.0,0.29999999999999716,1.0999999999999996,0
10.599999999999994,8.399999999999991,2.0999999999999996,-4.72999999999999,0.02799999999999997,0.04200000000000004,-7.0,-0.29999999999999716,-1.0999999999999996,1
-4.699999999999989,-6.799999999999997,2.1,-1.960000000000008,0.008000000000000007,0.01200000000000001,3.1000000000000014,-2.400000000000002,3.4000000000000004,0
4.699999999999989,6.799999999999997,-2.1,1.960000000000008,-0.008000000000000007,-0.01200000000000001,-3.1000000000000014,2.400000000000002,-3.4000000000000004,1
-5.799999999999997,-12.099999999999994,6.3,-3.010000000000005,-0.014000000000000012,0.014000000000000012,-1.7999999999999972,0.5999999999999979,3.0999999999999996,0
5.799999999999997,12.099999999999994,-6.3,3.010000000000005,0.014000000000000012,-0.014000000000000012,1.7999999999999972,-0.5999999999999979,-3.0999999999999996,1
-11.899999999999991,-1.8999999999999915,-10.0,-1.8400000000000034,0.0050000000000000044,0.01200000000000001,4.799999999999997,2.6999999999999993,0.7000000000000011,0
11.899999999999991,1.8999999999999915,10.0,1.8400000000000034,-0.0050000000000000044,-0.01200000000000001,-4.799999999999997,-2.6999999999999993,-0.7000000000000011,1
-4.599999999999994,-7.3999999999999915,2.8000000000000003,1.3499999999999943,-0.01100000000000001,0.059,7.899999999999999,2.099999999999998,3.200000000000001,0
4.599999999999994,7.3999999999999915,-2.8000000000000003,-1.3499999999999943,0.01100000000000001,-0.059,-7.899999999999999,-2.099999999999998,-3.200000000000001,0
0.4000000000000057,1.2000000000000028,-0.8,3.089999999999989,0.020000000000000018,-0.007000000000000006,6.299999999999997,1.1999999999999993,2.3000000000000007,0
-0.4000000000000057,-1.2000000000000028,0.8,-3.089999999999989,-0.020000000000000018,0.007000000000000006,-6.299999999999997,-1.1999999999999993,-2.3000000000000007,1
7.400000000000006,-2.700000000000003,10.100000000000001,-2.6200000000000045,-0.012999999999999956,-0.09999999999999998,1.5,-3.6999999999999993,2.4000000000000004,1
-7.400000000000006,2.700000000000003,-10.100000000000001,2.6200000000000045,0.012999999999999956,0.09999999999999998,-1.5,3.6999999999999993,-2.4000000000000004,0
6.200000000000003,3.200000000000003,3.0999999999999996,1.5300000000000011,0.02400000000000002,-0.05099999999999999,-4.700000000000003,-3.099999999999998,2.5,1
-6.200000000000003,-3.200000000000003,-3.0999999999999996,-1.5300000000000011,-0.02400000000000002,0.05099999999999999,4.700000000000003,3.099999999999998,-2.5,0
0.20000000000000284,-0.7000000000000028,0.9000000000000001,-5.300000000000011,-0.032999999999999974,-0.05099999999999999,-3.3000000000000043,-2.599999999999998,-0.7999999999999989,0
-0.20000000000000284,0.7000000000000028,-0.9000000000000001,5.300000000000011,0.032999999999999974,0.05099999999999999,3.3000000000000043,2.599999999999998,0.7999999999999989,1
-1.2000000000000028,-4.599999999999994,3.3999999999999995,-8.870000000000005,-0.00599999999999995,-0.03199999999999997,-2.700000000000003,-6.399999999999999,-1.4000000000000004,0
1.2000000000000028,4.599999999999994,-3.3999999999999995,8.870000000000005,0.00599999999999995,0.03199999999999997,2.700000000000003,6.399999999999999,1.4000000000000004,1
-5.200000000000003,-4.3999999999999915,-0.7999999999999999,-5.180000000000007,0.010000000000000009,-0.03199999999999997,-4.400000000000006,-1.1999999999999993,1.0999999999999996,1
5.200000000000003,4.3999999999999915,0.7999999999999999,5.180000000000007,-0.010000000000000009,0.03199999999999997,4.400000000000006,1.1999999999999993,-1.0999999999999996,0
6.099999999999994,5.400000000000006,0.8,-0.980000000000004,0.029000000000000026,-0.020999999999999963,-1.6000000000000014,-1.1999999999999993,-0.6999999999999993,0
-6.099999999999994,-5.400000000000006,-0.8,0.980000000000004,-0.029000000000000026,0.020999999999999963,1.6000000000000014,1.1999999999999993,0.6999999999999993,1
-4.700000000000003,-1.0,-3.7,-8.14,-0.0030000000000000027,-0.022999999999999965,-5.700000000000003,-5.199999999999999,-3.4999999999999982,0
4.700000000000003,1.0,3.7,8.14,0.0030000000000000027,0.022999999999999965,5.700000000000003,5.199999999999999,3.4999999999999982,1
7.599999999999994,3.9000000000000057,3.7,-2.680000000000007,0.029000000000000026,0.008000000000000007,-9.800000000000004,-1.3000000000000007,-2.6999999999999993,0
-7.599999999999994,-3.9000000000000057,-3.7,2.680000000000007,-0.029000000000000026,-0.008000000000000007,9.800000000000004,1.3000000000000007,2.6999999999999993,1
-3.5,0.10000000000000853,-3.5,1.1499999999999915,-0.013999999999999957,-0.07200000000000001,0.29999999999999716,-2.8000000000000007,-0.9000000000000004,0
3.5,-0.10000000000000853,3.5,-1.1499999999999915,0.013999999999999957,0.07200000000000001,-0.29999999999999716,2.8000000000000007,0.9000000000000004,1
2.4000000000000057,1.7000000000000028,0.7,-5.540000000000006,0.02200000000000002,-0.01799999999999996,-3.6000000000000014,-5.5,1.4000000000000004,0
-2.4000000000000057,-1.7000000000000028,-0.7,5.540000000000006,-0.02200000000000002,0.01799999999999996,3.6000000000000014,5.5,-1.4000000000000004,1
1.2999999999999972,-3.5999999999999943,4.8999999999999995,-6.590000000000003,0.0,-0.01599999999999996,-8.5,-2.5,1.0999999999999996,0
-1.2999999999999972,3.5999999999999943,-4.8999999999999995,6.590000000000003,0.0,0.01599999999999996,8.5,2.5,-1.0999999999999996,1
-4.799999999999997,6.6000000000000085,-11.399999999999999,-5.420000000000002,0.019000000000000017,-0.01799999999999996,-1.9000000000000057,-0.3999999999999986,-1.299999999999999,0
4.799999999999997,-6.6000000000000085,11.399999999999999,5.420000000000002,-0.019000000000000017,0.01799999999999996,1.9000000000000057,0.3999999999999986,1.299999999999999,1
2.5,1.1000000000000085,1.4000000000000001,-2.230000000000004,0.0030000000000000027,0.029000000000000026,1.1999999999999957,-1.0,1.200000000000001,0
-2.5,-1.1000000000000085,-1.4000000000000001,2.230000000000004,-0.0030000000000000027,-0.029000000000000026,-1.1999999999999957,1.0,-1.200000000000001,1
7.5,9.700000000000003,-2.2,-0.4900000000000091,0.03400000000000003,-0.03699999999999998,-0.4000000000000057,-1.8999999999999986,0.3000000000000007,0
-7.5,-9.700000000000003,2.2,0.4900000000000091,-0.03400000000000003,0.03699999999999998,0.4000000000000057,1.8999999999999986,-0.3000000000000007,1
-1.2000000000000028,5.900000000000006,-7.000000000000001,4.150000000000006,0.03699999999999998,0.04899999999999999,-6.200000000000003,0.6000000000000014,0.09999999999999964,0
1.2000000000000028,-5.900000000000006,7.000000000000001,-4.150000000000006,-0.03699999999999998,-0.04899999999999999,6.200000000000003,-0.6000000000000014,-0.09999999999999964,1
-7.200000000000003,2.0,-9.200000000000001,-2.680000000000007,-0.020000000000000018,0.04899999999999999,-4.800000000000004,1.1000000000000014,-3.1999999999999993,0
7.200000000000003,-2.0,9.200000000000001,2.680000000000007,0.020000000000000018,-0.04899999999999999,4.800000000000004,-1.1000000000000014,3.1999999999999993,1
-8.600000000000009,-1.8999999999999915,-6.700000000000001,-6.25,0.007000000000000006,0.068,-4.200000000000003,-2.6999999999999993,-3.8000000000000007,0
8.600000000000009,1.8999999999999915,6.700000000000001,6.25,-0.007000000000000006,-0.068,4.200000000000003,2.6999999999999993,3.8000000000000007,1
-12.600000000000009,-1.6999999999999886,-10.9,-2.5600000000000023,0.022999999999999965,0.068,-5.900000000000006,2.5,-1.3000000000000007,0
12.600000000000009,1.6999999999999886,10.9,2.5600000000000023,-0.022999999999999965,-0.068,5.900000000000006,-2.5,1.3000000000000007,1
-1.3000000000000114,8.100000000000009,-9.3,1.6400000000000006,0.04199999999999998,0.07900000000000001,-3.1000000000000014,2.5,-3.0999999999999996,0
1.3000000000000114,-8.100000000000009,9.3,-1.6400000000000006,-0.04199999999999998,-0.07900000000000001,3.1000000000000014,-2.5,3.0999999999999996,1
-12.100000000000009,1.7000000000000028,-13.8,-5.519999999999996,0.009999999999999953,0.07700000000000001,-7.200000000000003,-1.5,-5.899999999999999,0
12.100000000000009,-1.7000000000000028,13.8,5.519999999999996,-0.009999999999999953,-0.07700000000000001,7.200000000000003,1.5,5.899999999999999,1
0.19999999999998863,6.6000000000000085,-6.4,-0.060000000000002274,0.04199999999999998,0.10799999999999998,-11.300000000000004,2.3999999999999986,-5.1,0
-0.19999999999998863,-6.6000000000000085,6.4,0.060000000000002274,-0.04199999999999998,-0.10799999999999998,11.300000000000004,-2.3999999999999986,5.1,1
-10.900000000000006,2.8000000000000114,-13.600000000000001,3.769999999999996,-0.0010000000000000009,0.02799999999999997,-1.2000000000000028,0.8999999999999986,-3.3000000000000007,0
10.900000000000006,-2.8000000000000114,13.600000000000001,-3.769999999999996,0.0010000000000000009,-0.02799999999999997,1.2000000000000028,-0.8999999999999986,3.3000000000000007,1
-5.0,4.400000000000006,-9.4,-2.9200000000000017,0.034999999999999976,0.08200000000000002,-5.100000000000001,-1.8000000000000007,-1.0,0
5.0,-4.400000000000006,9.4,2.9200000000000017,-0.034999999999999976,-0.08200000000000002,5.100000000000001,1.8000000000000007,1.0,1
-6.1000000000000085,-0.8999999999999915,-5.200000000000001,-3.969999999999999,0.012999999999999956,0.08400000000000002,-10.0,1.1999999999999993,-1.3000000000000007,0
6.1000000000000085,0.8999999999999915,5.200000000000001,3.969999999999999,-0.012999999999999956,-0.08400000000000002,10.0,-1.1999999999999993,1.3000000000000007,1
-12.200000000000003,9.300000000000011,-21.5,-2.799999999999997,0.03199999999999997,0.08200000000000002,-3.4000000000000057,3.3000000000000007,-3.6999999999999993,0
12.200000000000003,-9.300000000000011,21.5,2.799999999999997,-0.03199999999999997,-0.08200000000000002,3.4000000000000057,-3.3000000000000007,3.6999999999999993,1
-4.900000000000006,3.8000000000000114,-8.700000000000001,0.39000000000000057,0.01599999999999996,0.129,-0.30000000000000426,2.6999999999999993,-1.1999999999999993,0
4.900000000000006,-3.8000000000000114,8.700000000000001,-0.39000000000000057,-0.01599999999999996,-0.129,0.30000000000000426,-2.6999999999999993,1.1999999999999993,1
0.09999999999999432,12.400000000000006,-12.3,2.1299999999999955,0.046999999999999986,0.063,-1.9000000000000057,1.8000000000000007,-2.0999999999999996,0
-0.09999999999999432,-12.400000000000006,12.3,-2.1299999999999955,-0.046999999999999986,-0.063,1.9000000000000057,-1.8000000000000007,2.0999999999999996,1
-6.0,-3.9000000000000057,-2.1999999999999997,-6.8300000000000125,-0.056999999999999995,0.0,1.3999999999999986,0.5,-3.299999999999999,0
6.0,3.9000000000000057,2.1999999999999997,6.8300000000000125,0.056999999999999995,0.0,-1.3999999999999986,-0.5,3.299999999999999,1
-7.400000000000006,-7.799999999999997,0.2999999999999998,-10.400000000000006,-0.02999999999999997,0.019000000000000017,2.0,-3.3000000000000007,-3.9000000000000004,0
7.400000000000006,7.799999999999997,-0.2999999999999998,10.400000000000006,0.02999999999999997,-0.019000000000000017,-2.0,3.3000000000000007,3.9000000000000004,1
-11.400000000000006,-7.599999999999994,-3.9,-6.710000000000008,-0.014000000000000012,0.019000000000000017,0.29999999999999716,1.8999999999999986,-1.4000000000000004,0
11.400000000000006,7.599999999999994,3.9,6.710000000000008,0.014000000000000012,-0.019000000000000017,-0.29999999999999716,-1.8999999999999986,1.4000000000000004,1
-0.10000000000000853,2.200000000000003,-2.3,-2.510000000000005,0.0050000000000000044,0.030000000000000027,3.1000000000000014,1.8999999999999986,-3.1999999999999993,0
0.10000000000000853,-2.200000000000003,2.3,2.510000000000005,-0.0050000000000000044,-0.030000000000000027,-3.1000000000000014,-1.8999999999999986,3.1999999999999993,1
-10.900000000000006,-4.200000000000003,-6.8,-9.670000000000002,-0.027000000000000024,0.028000000000000025,-1.0,-2.1000000000000014,-5.999999999999998,0
10.900000000000006,4.200000000000003,6.8,9.670000000000002,0.027000000000000024,-0.028000000000000025,1.0,2.1000000000000014,5.999999999999998,1
1.3999999999999915,0.7000000000000028,0.6000000000000005,-4.210000000000008,0.0050000000000000044,0.059,-5.100000000000001,1.7999999999999972,-5.199999999999999,0
-1.3999999999999915,-0.7000000000000028,-0.6000000000000005,4.210000000000008,-0.0050000000000000044,-0.059,5.100000000000001,-1.7999999999999972,5.199999999999999,1
-9.700000000000003,-3.0999999999999943,-6.6,-0.38000000000000966,-0.03799999999999998,-0.02100000000000002,5.0,0.29999999999999716,-3.4000000000000004,0
9.700000000000003,3.0999999999999943,6.6,0.38000000000000966,0.03799999999999998,0.02100000000000002,-5.0,-0.29999999999999716,3.4000000000000004,1
-3.799999999999997,-1.5,-2.4,-7.070000000000007,-0.0020000000000000018,0.03300000000000003,1.1000000000000014,-2.400000000000002,-1.0999999999999996,0
3.799999999999997,1.5,2.4,7.070000000000007,0.0020000000000000018,-0.03300000000000003,-1.1000000000000014,2.400000000000002,1.0999999999999996,1
-4.900000000000006,-6.799999999999997,1.7999999999999998,-8.120000000000005,-0.02400000000000002,0.03500000000000003,-3.799999999999997,0.5999999999999979,-1.4000000000000004,0
4.900000000000006,6.799999999999997,-1.7999999999999998,8.120000000000005,0.02400000000000002,-0.03500000000000003,3.799999999999997,-0.5999999999999979,1.4000000000000004,1
-11.0,3.4000000000000057,-14.5,-6.950000000000003,-0.0050000000000000044,0.03300000000000003,2.799999999999997,2.6999999999999993,-3.799999999999999,0
11.0,-3.4000000000000057,14.5,6.950000000000003,0.0050000000000000044,-0.03300000000000003,-2.799999999999997,-2.6999999999999993,3.799999999999999,1
-3.700000000000003,-2.0999999999999943,-1.6999999999999997,-3.760000000000005,-0.02100000000000002,0.08000000000000002,5.899999999999999,2.099999999999998,-1.299999999999999,0
3.700000000000003,2.0999999999999943,1.6999999999999997,3.760000000000005,0.02100000000000002,-0.08000000000000002,-5.899999999999999,-2.099999999999998,1.299999999999999,1
1.2999999999999972,6.5,-5.3,-2.0200000000000102,0.010000000000000009,0.014000000000000012,4.299999999999997,1.1999999999999993,-2.1999999999999993,0
-1.2999999999999972,-6.5,5.3,2.0200000000000102,-0.010000000000000009,-0.014000000000000012,-4.299999999999997,-1.1999999999999993,2.1999999999999993,1
-1.4000000000000057,-3.8999999999999915,2.4999999999999996,-3.569999999999993,0.027000000000000024,0.019000000000000017,0.6000000000000014,-3.8000000000000007,-0.6000000000000014,0
1.4000000000000057,3.8999999999999915,-2.4999999999999996,3.569999999999993,-0.027000000000000024,-0.019000000000000017,-0.6000000000000014,3.8000000000000007,0.6000000000000014,0
-5.400000000000006,-3.6999999999999886,-1.7000000000000002,0.12000000000000455,0.04299999999999998,0.019000000000000017,-1.1000000000000014,1.3999999999999986,1.8999999999999986,1
5.400000000000006,3.6999999999999886,1.7000000000000002,-0.12000000000000455,-0.04299999999999998,-0.019000000000000017,1.1000000000000014,-1.3999999999999986,-1.8999999999999986,0
5.8999999999999915,6.1000000000000085,-0.10000000000000009,4.320000000000007,0.062,0.030000000000000027,1.7000000000000028,1.3999999999999986,0.09999999999999964,0
-5.8999999999999915,-6.1000000000000085,0.10000000000000009,-4.320000000000007,-0.062,-0.030000000000000027,-1.7000000000000028,-1.3999999999999986,-0.09999999999999964,1
-4.900000000000006,-0.29999999999999716,-4.6,-2.839999999999989,0.02999999999999997,0.028000000000000025,-2.3999999999999986,-2.6000000000000014,-2.6999999999999993,0
4.900000000000006,0.29999999999999716,4.6,2.839999999999989,-0.02999999999999997,-0.028000000000000025,2.3999999999999986,2.6000000000000014,2.6999999999999993,1
7.3999999999999915,4.6000000000000085,2.8000000000000003,2.6200000000000045,0.062,0.059,-6.5,1.2999999999999972,-1.9000000000000004,0
-7.3999999999999915,-4.6000000000000085,-2.8000000000000003,-2.6200000000000045,-0.062,-0.059,6.5,-1.2999999999999972,1.9000000000000004,0
-3.700000000000003,0.8000000000000114,-4.4,6.450000000000003,0.019000000000000017,-0.02100000000000002,3.6000000000000014,-0.20000000000000284,-0.10000000000000142,0
3.700000000000003,-0.8000000000000114,4.4,-6.450000000000003,-0.019000000000000017,0.02100000000000002,-3.6000000000000014,0.20000000000000284,0.10000000000000142,1
2.200000000000003,2.4000000000000057,-0.20000000000000018,-0.23999999999999488,0.05499999999999999,0.03300000000000003,-0.29999999999999716,-2.900000000000002,2.1999999999999993,0
-2.200000000000003,-2.4000000000000057,0.20000000000000018,0.23999999999999488,-0.05499999999999999,-0.03300000000000003,0.29999999999999716,2.900000000000002,-2.1999999999999993,1
1.0999999999999943,-2.8999999999999915,3.9999999999999996,-1.289999999999992,0.032999999999999974,0.03500000000000003,-5.199999999999996,0.09999999999999787,1.8999999999999986,0
-1.0999999999999943,2.8999999999999915,-3.9999999999999996,1.289999999999992,-0.032999999999999974,-0.03500000000000003,5.199999999999996,-0.09999999999999787,-1.8999999999999986,1
-5.0,7.300000000000011,-12.299999999999999,-0.11999999999999034,0.05199999999999999,0.03300000000000003,1.3999999999999986,2.1999999999999993,-0.5,0
5.0,-7.300000000000011,12.299999999999999,0.11999999999999034,-0.05199999999999999,-0.03300000000000003,-1.3999999999999986,-2.1999999999999993,0.5,1
2.299999999999997,1.8000000000000114,0.5,3.0700000000000074,0.035999999999999976,0.08000000000000002,4.5,1.5999999999999979,2.0,0
-2.299999999999997,-1.8000000000000114,-0.5,-3.0700000000000074,-0.035999999999999976,-0.08000000000000002,-4.5,-1.5999999999999979,-2.0,0
7.299999999999997,10.400000000000006,-3.1,4.810000000000002,0.067,0.014000000000000012,2.8999999999999986,0.6999999999999993,1.0999999999999996,0
-7.299999999999997,-10.400000000000006,3.1,-4.810000000000002,-0.067,-0.014000000000000012,-2.8999999999999986,-0.6999999999999993,-1.0999999999999996,1
-4.0,0.20000000000000284,-4.199999999999999,3.6899999999999977,0.01599999999999996,0.0,-1.7000000000000028,5.199999999999999,2.5,1
4.0,-0.20000000000000284,4.199999999999999,-3.6899999999999977,-0.01599999999999996,0.0,1.7000000000000028,-5.199999999999999,-2.5,0
7.299999999999997,10.0,-2.5999999999999996,7.890000000000001,0.034999999999999976,0.01100000000000001,1.1000000000000014,5.199999999999999,0.7000000000000011,0
-7.299999999999997,-10.0,2.5999999999999996,-7.890000000000001,-0.034999999999999976,-0.01100000000000001,-1.1000000000000014,-5.199999999999999,-0.7000000000000011,1
-3.5,3.5999999999999943,-7.1,0.730000000000004,0.002999999999999947,0.009000000000000008,-3.0,1.1999999999999993,-2.099999999999998,0
3.5,-3.5999999999999943,7.1,-0.730000000000004,-0.002999999999999947,-0.009000000000000008,3.0,-1.1999999999999993,2.099999999999998,1
8.799999999999997,8.5,0.3000000000000007,6.189999999999998,0.034999999999999976,0.03999999999999998,-7.100000000000001,5.099999999999998,-1.299999999999999,0
-8.799999999999997,-8.5,-0.3000000000000007,-6.189999999999998,-0.034999999999999976,-0.03999999999999998,7.100000000000001,-5.099999999999998,1.299999999999999,0
-2.299999999999997,4.700000000000003,-6.8999999999999995,10.019999999999996,-0.008000000000000007,-0.040000000000000036,3.0,3.599999999999998,0.5,0
2.299999999999997,-4.700000000000003,6.8999999999999995,-10.019999999999996,0.008000000000000007,0.040000000000000036,-3.0,-3.599999999999998,-0.5,1
3.6000000000000085,6.299999999999997,-2.6999999999999997,3.3299999999999983,0.02799999999999997,0.014000000000000012,-0.8999999999999986,0.8999999999999986,2.8000000000000007,0
-3.6000000000000085,-6.299999999999997,2.6999999999999997,-3.3299999999999983,-0.02799999999999997,-0.014000000000000012,0.8999999999999986,-0.8999999999999986,-2.8000000000000007,1
2.5,1.0,1.5,2.280000000000001,0.00599999999999995,0.016000000000000014,-5.799999999999997,3.8999999999999986,2.5,0
-2.5,-1.0,-1.5,-2.280000000000001,-0.00599999999999995,-0.016000000000000014,5.799999999999997,-3.8999999999999986,-2.5,1
-3.5999999999999943,11.200000000000003,-14.799999999999999,3.450000000000003,0.024999999999999967,0.014000000000000012,0.7999999999999972,6.0,0.10000000000000142,0
3.5999999999999943,-11.200000000000003,14.799999999999999,-3.450000000000003,-0.024999999999999967,-0.014000000000000012,-0.7999999999999972,-6.0,-0.10000000000000142,1
3.700000000000003,5.700000000000003,-1.9999999999999996,6.640000000000001,0.008999999999999952,0.061,3.8999999999999986,5.399999999999999,2.6000000000000014,0
-3.700000000000003,-5.700000000000003,1.9999999999999996,-6.640000000000001,-0.008999999999999952,-0.061,-3.8999999999999986,-5.399999999999999,-2.6000000000000014,0
8.700000000000003,14.299999999999997,-5.6,8.379999999999995,0.03999999999999998,-0.0050000000000000044,2.299999999999997,4.5,1.700000000000001,0
-8.700000000000003,-14.299999999999997,5.6,-8.379999999999995,-0.03999999999999998,0.0050000000000000044,-2.299999999999997,-4.5,-1.700000000000001,1
11.299999999999997,9.799999999999997,1.6,4.200000000000003,0.019000000000000017,0.01100000000000001,2.8000000000000043,0.0,-1.799999999999999,0
-11.299999999999997,-9.799999999999997,-1.6,-4.200000000000003,-0.019000000000000017,-0.01100000000000001,-2.8000000000000043,0.0,1.799999999999999,1
0.5,3.3999999999999915,-2.9,-2.9599999999999937,-0.013000000000000012,0.009000000000000008,-1.2999999999999972,-4.0,-4.599999999999998,0
-0.5,-3.3999999999999915,2.9,2.9599999999999937,0.013000000000000012,-0.009000000000000008,1.2999999999999972,4.0,4.599999999999998,1
12.799999999999997,8.299999999999997,4.5,2.5,0.019000000000000017,0.03999999999999998,-5.399999999999999,-0.10000000000000142,-3.799999999999999,0
-12.799999999999997,-8.299999999999997,-4.5,-2.5,-0.019000000000000017,-0.03999999999999998,5.399999999999999,0.10000000000000142,3.799999999999999,1
1.7000000000000028,4.5,-2.6999999999999997,6.329999999999998,-0.023999999999999966,-0.040000000000000036,4.700000000000003,-1.6000000000000014,-2.0,0
-1.7000000000000028,-4.5,2.6999999999999997,-6.329999999999998,0.023999999999999966,0.040000000000000036,-4.700000000000003,1.6000000000000014,2.0,1
7.6000000000000085,6.099999999999994,1.5,-0.35999999999999943,0.01200000000000001,0.014000000000000012,0.8000000000000043,-4.300000000000001,0.3000000000000007,0
-7.6000000000000085,-6.099999999999994,-1.5,0.35999999999999943,-0.01200000000000001,-0.014000000000000012,-0.8000000000000043,4.300000000000001,-0.3000000000000007,1
6.5,0.7999999999999972,5.699999999999999,-1.4099999999999966,-0.010000000000000009,0.016000000000000014,-4.099999999999994,-1.3000000000000007,0.0,0
-6.5,-0.7999999999999972,-5.699999999999999,1.4099999999999966,0.010000000000000009,-0.016000000000000014,4.099999999999994,1.3000000000000007,0.0,1
0.4000000000000057,11.0,-10.6,-0.23999999999999488,0.009000000000000008,0.014000000000000012,2.5,0.8000000000000007,-2.3999999999999986,0
-0.4000000000000057,-11.0,10.6,0.23999999999999488,-0.009000000000000008,-0.014000000000000012,-2.5,-0.8000000000000007,2.3999999999999986,1
7.700000000000003,5.5,2.2,2.950000000000003,-0.007000000000000006,0.061,5.600000000000001,0.1999999999999993,0.10000000000000142,0
-7.700000000000003,-5.5,-2.2,-2.950000000000003,0.007000000000000006,-0.061,-5.600000000000001,-0.1999999999999993,-0.10000000000000142,1
12.700000000000003,14.099999999999994,-1.4,4.689999999999998,0.02400000000000002,-0.0050000000000000044,4.0,-0.6999999999999993,-0.7999999999999989,0
-12.700000000000003,-14.099999999999994,1.4,-4.689999999999998,-0.02400000000000002,0.0050000000000000044,-4.0,0.6999999999999993,0.7999999999999989,1
-10.799999999999997,-6.400000000000006,-4.5,-7.159999999999997,-0.03200000000000003,-0.0020000000000000018,-4.100000000000001,-4.0,-2.799999999999999,1
10.799999999999997,6.400000000000006,4.5,7.159999999999997,0.03200000000000003,0.0020000000000000018,4.100000000000001,4.0,2.799999999999999,0
1.5,-1.5,2.9000000000000004,-1.7000000000000028,0.0,0.02899999999999997,-8.200000000000003,-0.10000000000000142,-2.0,1
-1.5,1.5,-2.9000000000000004,1.7000000000000028,0.0,-0.02899999999999997,8.200000000000003,0.10000000000000142,2.0,0
-9.599999999999994,-5.299999999999997,-4.3,2.1299999999999955,-0.04299999999999998,-0.051000000000000045,1.8999999999999986,-1.6000000000000014,-0.20000000000000107,0
9.599999999999994,5.299999999999997,4.3,-2.1299999999999955,0.04299999999999998,0.051000000000000045,-1.8999999999999986,1.6000000000000014,0.20000000000000107,1
-3.6999999999999886,-3.700000000000003,-0.10000000000000009,-4.560000000000002,-0.007000000000000006,0.0030000000000000027,-2.0,-4.300000000000001,2.0999999999999996,0
3.6999999999999886,3.700000000000003,0.10000000000000009,4.560000000000002,0.007000000000000006,-0.0030000000000000027,2.0,4.300000000000001,-2.0999999999999996,0
-4.799999999999997,-9.0,4.1,-5.609999999999999,-0.029000000000000026,0.0050000000000000044,-6.899999999999999,-1.3000000000000007,1.799999999999999,1
4.799999999999997,9.0,-4.1,5.609999999999999,0.029000000000000026,-0.0050000000000000044,6.899999999999999,1.3000000000000007,-1.799999999999999,0
-10.899999999999991,1.2000000000000028,-12.2,-4.439999999999998,-0.010000000000000009,0.0030000000000000027,-0.30000000000000426,0.8000000000000007,-0.5999999999999996,0
10.899999999999991,-1.2000000000000028,12.2,4.439999999999998,0.010000000000000009,-0.0030000000000000027,0.30000000000000426,-0.8000000000000007,0.5999999999999996,1
-3.5999999999999943,-4.299999999999997,0.6000000000000001,-1.25,-0.026000000000000023,0.04999999999999999,2.799999999999997,0.1999999999999993,1.9000000000000004,1
3.5999999999999943,4.299999999999997,-0.6000000000000001,1.25,0.026000000000000023,-0.04999999999999999,-2.799999999999997,-0.1999999999999993,-1.9000000000000004,0
1.4000000000000057,4.299999999999997,-3.0,0.4899999999999949,0.0050000000000000044,-0.016000000000000014,1.1999999999999957,-0.6999999999999993,1.0,0
-1.4000000000000057,-4.299999999999997,3.0,-0.4899999999999949,-0.0050000000000000044,0.016000000000000014,-1.1999999999999957,0.6999999999999993,-1.0,1
12.299999999999997,4.900000000000006,7.4,5.459999999999994,0.03200000000000003,0.030999999999999972,-4.100000000000001,3.8999999999999986,0.7999999999999989,1
-12.299999999999997,-4.900000000000006,-7.4,-5.459999999999994,-0.03200000000000003,-0.030999999999999972,4.100000000000001,-3.8999999999999986,-0.7999999999999989,0
1.2000000000000028,1.1000000000000085,0.20000000000000018,9.289999999999992,-0.010999999999999954,-0.049000000000000044,6.0,2.3999999999999986,2.599999999999998,0
-1.2000000000000028,-1.1000000000000085,-0.20000000000000018,-9.289999999999992,0.010999999999999954,0.049000000000000044,-6.0,-2.3999999999999986,-2.599999999999998,1
7.1000000000000085,2.700000000000003,4.4,2.5999999999999943,0.025000000000000022,0.0050000000000000044,2.1000000000000014,-0.3000000000000007,4.899999999999999,0
-7.1000000000000085,-2.700000000000003,-4.4,-2.5999999999999943,-0.025000000000000022,-0.0050000000000000044,-2.1000000000000014,0.3000000000000007,-4.899999999999999,1
6.0,-2.5999999999999943,8.6,1.5499999999999972,0.0030000000000000027,0.007000000000000006,-2.799999999999997,2.6999999999999993,4.599999999999998,1
-6.0,2.5999999999999943,-8.6,-1.5499999999999972,-0.0030000000000000027,-0.007000000000000006,2.799999999999997,-2.6999999999999993,-4.599999999999998,0
-0.09999999999999432,7.6000000000000085,-7.699999999999999,2.719999999999999,0.02200000000000002,0.0050000000000000044,3.799999999999997,4.800000000000001,2.1999999999999993,0
0.09999999999999432,-7.6000000000000085,7.699999999999999,-2.719999999999999,-0.02200000000000002,-0.0050000000000000044,-3.799999999999997,-4.800000000000001,-2.1999999999999993,1
7.200000000000003,2.1000000000000085,5.1,5.909999999999997,0.006000000000000005,0.05199999999999999,6.899999999999999,4.199999999999999,4.699999999999999,1
-7.200000000000003,-2.1000000000000085,-5.1,-5.909999999999997,-0.006000000000000005,-0.05199999999999999,-6.899999999999999,-4.199999999999999,-4.699999999999999,0
12.200000000000003,10.700000000000003,1.5,7.6499999999999915,0.03700000000000003,-0.014000000000000012,5.299999999999997,3.3000000000000007,3.799999999999999,0
-12.200000000000003,-10.700000000000003,-1.5,-7.6499999999999915,-0.03700000000000003,0.014000000000000012,-5.299999999999997,-3.3000000000000007,-3.799999999999999,1
-11.099999999999994,-3.799999999999997,-7.2,3.8299999999999983,-0.04299999999999998,-0.08000000000000002,10.100000000000001,-1.5,1.799999999999999,0
11.099999999999994,3.799999999999997,7.2,-3.8299999999999983,0.04299999999999998,0.08000000000000002,-10.100000000000001,1.5,-1.799999999999999,1
-5.199999999999989,-2.200000000000003,-3.0000000000000004,-2.8599999999999994,-0.007000000000000006,-0.025999999999999968,6.200000000000003,-4.199999999999999,4.1,0
5.199999999999989,2.200000000000003,3.0000000000000004,2.8599999999999994,0.007000000000000006,0.025999999999999968,-6.200000000000003,4.199999999999999,-4.1,1
-6.299999999999997,-7.5,1.1999999999999993,-3.9099999999999966,-0.029000000000000026,-0.023999999999999966,1.3000000000000043,-1.1999999999999993,3.799999999999999,0
6.299999999999997,7.5,-1.1999999999999993,3.9099999999999966,0.029000000000000026,0.023999999999999966,-1.3000000000000043,1.1999999999999993,-3.799999999999999,1
-12.399999999999991,2.700000000000003,-15.1,-2.739999999999995,-0.010000000000000009,-0.025999999999999968,7.899999999999999,0.9000000000000021,1.4000000000000004,0
12.399999999999991,-2.700000000000003,15.1,2.739999999999995,0.010000000000000009,0.025999999999999968,-7.899999999999999,-0.9000000000000021,-1.4000000000000004,1
-5.099999999999994,-2.799999999999997,-2.3000000000000003,0.45000000000000284,-0.026000000000000023,0.02100000000000002,11.0,0.3000000000000007,3.9000000000000004,0
5.099999999999994,2.799999999999997,2.3000000000000003,-0.45000000000000284,0.026000000000000023,-0.02100000000000002,-11.0,-0.3000000000000007,-3.9000000000000004,0
-0.09999999999999432,5.799999999999997,-5.9,2.1899999999999977,0.0050000000000000044,-0.044999999999999984,9.399999999999999,-0.5999999999999979,3.0,0
0.09999999999999432,-5.799999999999997,5.9,-2.1899999999999977,-0.0050000000000000044,0.044999999999999984,-9.399999999999999,0.5999999999999979,-3.0,1
5.900000000000006,1.5999999999999943,4.199999999999999,-6.689999999999998,0.035999999999999976,0.05400000000000005,-3.8999999999999986,-2.6999999999999993,2.3000000000000007,1
-5.900000000000006,-1.5999999999999943,-4.199999999999999,6.689999999999998,-0.035999999999999976,-0.05400000000000005,3.8999999999999986,2.6999999999999993,-2.3000000000000007,0
4.799999999999997,-3.700000000000003,8.399999999999999,-7.739999999999995,0.013999999999999957,0.05600000000000005,-8.799999999999997,0.3000000000000007,2.0,1
-4.799999999999997,3.700000000000003,-8.399999999999999,7.739999999999995,-0.013999999999999957,-0.05600000000000005,8.799999999999997,-0.3000000000000007,-2.0,0
-1.2999999999999972,6.5,-7.8999999999999995,-6.569999999999993,0.032999999999999974,0.05400000000000005,-2.200000000000003,2.400000000000002,-0.3999999999999986,0
1.2999999999999972,-6.5,7.8999999999999995,6.569999999999993,-0.032999999999999974,-0.05400000000000005,2.200000000000003,-2.400000000000002,0.3999999999999986,1
6.0,1.0,4.9,-3.3799999999999955,0.01699999999999996,0.10100000000000003,0.8999999999999986,1.8000000000000007,2.1000000000000014,1
-6.0,-1.0,-4.9,3.3799999999999955,-0.01699999999999996,-0.10100000000000003,-0.8999999999999986,-1.8000000000000007,-2.1000000000000014,0
11.0,9.599999999999994,1.2999999999999998,-1.6400000000000006,0.04799999999999999,0.03500000000000003,-0.7000000000000028,0.9000000000000021,1.200000000000001,1
-11.0,-9.599999999999994,-1.2999999999999998,1.6400000000000006,-0.04799999999999999,-0.03500000000000003,0.7000000000000028,-0.9000000000000021,-1.200000000000001,0
-1.1000000000000085,-5.299999999999997,4.199999999999999,-1.0499999999999972,-0.02200000000000002,0.0020000000000000018,-4.899999999999999,3.0,-0.3000000000000007,1
1.1000000000000085,5.299999999999997,-4.199999999999999,1.0499999999999972,0.02200000000000002,-0.0020000000000000018,4.899999999999999,-3.0,0.3000000000000007,0
-7.200000000000003,4.900000000000006,-12.1,0.12000000000000455,-0.0030000000000000027,0.0,1.6999999999999957,5.100000000000001,-2.6999999999999993,0
7.200000000000003,-4.900000000000006,12.1,-0.12000000000000455,0.0030000000000000027,0.0,-1.6999999999999957,-5.100000000000001,2.6999999999999993,1
0.09999999999999432,-0.5999999999999943,0.7000000000000002,3.3100000000000023,-0.019000000000000017,0.046999999999999986,4.799999999999997,4.5,-0.1999999999999993,1
-0.09999999999999432,0.5999999999999943,-0.7000000000000002,-3.3100000000000023,0.019000000000000017,-0.046999999999999986,-4.799999999999997,-4.5,0.1999999999999993,0
5.099999999999994,8.0,-2.9,5.049999999999997,0.01200000000000001,-0.019000000000000017,3.1999999999999957,3.6000000000000014,-1.0999999999999996,0
-5.099999999999994,-8.0,2.9,-5.049999999999997,-0.01200000000000001,0.019000000000000017,-3.1999999999999957,-3.6000000000000014,1.0999999999999996,1
-6.099999999999994,10.200000000000003,-16.299999999999997,1.1700000000000017,0.019000000000000017,-0.0020000000000000018,6.599999999999994,2.1000000000000014,-2.3999999999999986,0
6.099999999999994,-10.200000000000003,16.299999999999997,-1.1700000000000017,-0.019000000000000017,0.0020000000000000018,-6.599999999999994,-2.1000000000000014,2.3999999999999986,1
1.2000000000000028,4.700000000000003,-3.4999999999999996,4.359999999999999,0.0030000000000000027,0.044999999999999984,9.699999999999996,1.5,0.10000000000000142,1
-1.2000000000000028,-4.700000000000003,3.4999999999999996,-4.359999999999999,-0.0030000000000000027,-0.044999999999999984,-9.699999999999996,-1.5,-0.10000000000000142,0
6.200000000000003,13.299999999999997,-7.1,6.099999999999994,0.03400000000000003,-0.02100000000000002,8.099999999999994,0.6000000000000014,-0.7999999999999989,0
-6.200000000000003,-13.299999999999997,7.1,-6.099999999999994,-0.03400000000000003,0.02100000000000002,-8.099999999999994,-0.6000000000000014,0.7999999999999989,1
7.299999999999997,-5.5,12.799999999999999,3.1899999999999977,-0.016000000000000014,0.046999999999999986,3.1000000000000014,-0.6000000000000014,2.5,1
-7.299999999999997,5.5,-12.799999999999999,-3.1899999999999977,0.016000000000000014,-0.046999999999999986,-3.1000000000000014,0.6000000000000014,-2.5,0
12.299999999999997,3.0999999999999943,9.2,4.929999999999993,0.015000000000000013,-0.019000000000000017,1.5,-1.5,1.5999999999999996,1
-12.299999999999997,-3.0999999999999943,-9.2,-4.929999999999993,-0.015000000000000013,0.019000000000000017,-1.5,1.5,-1.5999999999999996,0
5.0,8.599999999999994,-3.6,1.7399999999999949,0.031000000000000028,-0.066,-1.6000000000000014,-0.8999999999999986,-0.9000000000000004,0
-5.0,-8.599999999999994,3.6,-1.7399999999999949,-0.031000000000000028,0.066,1.6000000000000014,0.8999999999999986,0.9000000000000004,1
2.299999999999997,-6.0,8.200000000000001,-0.7299999999999898,-0.008000000000000007,0.05499999999999999,0.10000000000000142,4.5,1.5,1
-2.299999999999997,6.0,-8.200000000000001,0.7299999999999898,0.008000000000000007,-0.05499999999999999,-0.10000000000000142,-4.5,-1.5,0
2.5999999999999943,-3.0,5.5,-0.37999999999999545,-0.01100000000000001,0.02100000000000002,1.3999999999999986,-4.399999999999999,0.6999999999999993,1
-2.5999999999999943,3.0,-5.5,0.37999999999999545,0.01100000000000001,-0.02100000000000002,-1.3999999999999986,4.399999999999999,-0.6999999999999993,0
-1.4000000000000057,1.8000000000000114,-3.3000000000000003,3.8400000000000034,0.02300000000000002,0.03899999999999998,3.5,1.6000000000000014,1.5,0
1.4000000000000057,-1.8000000000000114,3.3000000000000003,-3.8400000000000034,-0.02300000000000002,-0.03899999999999998,-3.5,-1.6000000000000014,-1.5,0
-3.799999999999997,0.7000000000000028,-4.6000000000000005,2.680000000000007,0.01100000000000001,0.065,5.600000000000001,1.1000000000000014,2.3000000000000007,0
3.799999999999997,-0.7000000000000028,4.6000000000000005,-2.680000000000007,-0.01100000000000001,-0.065,-5.600000000000001,-1.1000000000000014,-2.3000000000000007,1
-4.200000000000003,-8.399999999999991,4.1,-8.549999999999997,-0.03600000000000003,0.02400000000000002,1.1000000000000014,-2.099999999999998,-0.40000000000000036,1
4.200000000000003,8.399999999999991,-4.1,8.549999999999997,0.03600000000000003,-0.02400000000000002,-1.1000000000000014,2.099999999999998,0.40000000000000036,0
-4.299999999999997,4.1000000000000085,-8.399999999999999,-0.9799999999999898,0.013000000000000012,0.07100000000000001,3.3999999999999986,1.4000000000000021,-0.3000000000000007,0
4.299999999999997,-4.1000000000000085,8.399999999999999,0.9799999999999898,-0.013000000000000012,-0.07100000000000001,-3.3999999999999986,-1.4000000000000021,0.3000000000000007,1
-3.200000000000003,-5.5,2.1999999999999997,-7.909999999999997,-0.030000000000000027,0.03799999999999998,0.30000000000000426,-2.8000000000000007,-0.40000000000000036,0
3.200000000000003,5.5,-2.1999999999999997,7.909999999999997,0.030000000000000027,-0.03799999999999998,-0.30000000000000426,2.8000000000000007,0.40000000000000036,1
-5.1000000000000085,-3.799999999999997,-1.3,-4.929999999999993,-0.016000000000000014,0.020000000000000018,-0.19999999999999574,-1.8000000000000007,-0.09999999999999964,0
5.1000000000000085,3.799999999999997,1.3,4.929999999999993,0.016000000000000014,-0.020000000000000018,0.19999999999999574,1.8000000000000007,0.09999999999999964,0
1.0999999999999943,-0.19999999999998863,1.3,1.0100000000000051,-0.006000000000000005,0.0020000000000000018,3.5,1.1000000000000014,-0.5999999999999996,0
-1.0999999999999943,0.19999999999998863,-1.3,-1.0100000000000051,0.006000000000000005,-0.0020000000000000018,-3.5,-1.1000000000000014,0.5999999999999996,1
10.799999999999997,-1.5999999999999943,12.3,1.0500000000000114,-0.007000000000000006,-0.02400000000000002,-2.8999999999999986,-4.899999999999999,-3.5,1
-10.799999999999997,1.5999999999999943,-12.3,-1.0500000000000114,0.007000000000000006,0.02400000000000002,2.8999999999999986,4.899999999999999,3.5,0
-0.7999999999999972,-8.899999999999991,7.999999999999999,-0.6299999999999955,-0.019000000000000017,-0.0040000000000000036,0.6000000000000014,-4.5,1.6999999999999993,1
0.7999999999999972,8.899999999999991,-7.999999999999999,0.6299999999999955,0.019000000000000017,0.0040000000000000036,-0.6000000000000014,4.5,-1.6999999999999993,0
1.2999999999999972,-6.199999999999989,7.3999999999999995,1.8500000000000085,-0.008000000000000007,0.0040000000000000036,2.5,2.5,5.800000000000001,1
-1.2999999999999972,6.199999999999989,-7.3999999999999995,-1.8500000000000085,0.008000000000000007,-0.0040000000000000036,-2.5,-2.5,-5.800000000000001,0
-4.900000000000006,-3.799999999999997,-1.3,-0.7199999999999989,-0.03600000000000003,0.04199999999999998,2.200000000000003,0.3000000000000007,1.5999999999999996,1
4.900000000000006,3.799999999999997,1.3,0.7199999999999989,0.03600000000000003,-0.04199999999999998,-2.200000000000003,-0.3000000000000007,-1.5999999999999996,0
4.299999999999997,-10.5,14.700000000000001,-0.8799999999999955,-0.05199999999999999,-0.068,-1.1999999999999957,-5.0,-0.5,1
-4.299999999999997,10.5,-14.700000000000001,0.8799999999999955,0.05199999999999999,0.068,1.1999999999999957,5.0,0.5,0
-2.200000000000003,1.9000000000000057,-4.1,-1.1099999999999994,0.007000000000000006,0.056999999999999995,4.899999999999999,-1.5999999999999979,0.6999999999999993,0
2.200000000000003,-1.9000000000000057,4.1,1.1099999999999994,-0.007000000000000006,-0.056999999999999995,-4.899999999999999,1.5999999999999979,-0.6999999999999993,1
0.29999999999999716,3.0,-2.7,0.3499999999999943,-0.0030000000000000027,-0.033999999999999975,1.2999999999999972,-8.899999999999999,-0.8000000000000007,0
-0.29999999999999716,-3.0,2.7,-0.3499999999999943,0.0030000000000000027,0.033999999999999975,-1.2999999999999972,8.899999999999999,0.8000000000000007,1
-3.700000000000003,7.800000000000011,-11.5,4.569999999999993,0.031000000000000028,-0.016000000000000014,3.3999999999999986,-2.8999999999999986,0.0,0
3.700000000000003,-7.800000000000011,11.5,-4.569999999999993,-0.031000000000000028,0.016000000000000014,-3.3999999999999986,2.8999999999999986,0.0,1
-6.099999999999994,6.700000000000003,-12.8,3.4099999999999966,0.019000000000000017,0.010000000000000009,5.5,-3.3999999999999986,0.8000000000000007,0
6.099999999999994,-6.700000000000003,12.8,-3.4099999999999966,-0.019000000000000017,-0.010000000000000009,-5.5,3.3999999999999986,-0.8000000000000007,1
-6.5,-2.3999999999999915,-4.1000000000000005,-7.820000000000007,-0.028000000000000025,-0.030999999999999972,1.0,-6.599999999999998,-1.9000000000000004,0
6.5,2.3999999999999915,4.1000000000000005,7.820000000000007,0.028000000000000025,0.030999999999999972,-1.0,6.599999999999998,1.9000000000000004,1
-6.599999999999994,10.100000000000009,-16.6,-0.25,0.02100000000000002,0.016000000000000014,3.299999999999997,-3.099999999999998,-1.8000000000000007,0
6.599999999999994,-10.100000000000009,16.6,0.25,-0.02100000000000002,-0.016000000000000014,-3.299999999999997,3.099999999999998,1.8000000000000007,1
-5.5,0.5,-6.0,-7.180000000000007,-0.02200000000000002,-0.017000000000000015,0.20000000000000284,-7.300000000000001,-1.9000000000000004,0
5.5,-0.5,6.0,7.180000000000007,0.02200000000000002,0.017000000000000015,-0.20000000000000284,7.300000000000001,1.9000000000000004,1
-7.400000000000006,2.200000000000003,-9.5,-4.200000000000003,-0.008000000000000007,-0.034999999999999976,-0.29999999999999716,-6.300000000000001,-1.5999999999999996,0
7.400000000000006,-2.200000000000003,9.5,4.200000000000003,0.008000000000000007,0.034999999999999976,0.29999999999999716,6.300000000000001,1.5999999999999996,1
-1.2000000000000028,5.800000000000011,-6.9,1.7399999999999949,0.0020000000000000018,-0.05299999999999999,3.3999999999999986,-3.3999999999999986,-2.0999999999999996,0
1.2000000000000028,-5.800000000000011,6.9,-1.7399999999999949,-0.0020000000000000018,0.05299999999999999,-3.3999999999999986,3.3999999999999986,2.0999999999999996,1
8.5,4.400000000000006,4.1,1.7800000000000011,0.0010000000000000009,-0.07900000000000001,-3.0,-9.399999999999999,-5.0,0
-8.5,-4.400000000000006,-4.1,-1.7800000000000011,-0.0010000000000000009,0.07900000000000001,3.0,9.399999999999999,5.0,1
-3.0999999999999943,-2.8999999999999915,-0.20000000000000107,0.09999999999999432,-0.01100000000000001,-0.059,0.5,-9.0,0.1999999999999993,0
3.0999999999999943,2.8999999999999915,0.20000000000000107,-0.09999999999999432,0.01100000000000001,0.059,-0.5,9.0,-0.1999999999999993,0
-1.0,-0.19999999999998863,-0.8000000000000007,2.5799999999999983,0.0,-0.05099999999999999,2.3999999999999986,-2.0,4.300000000000001,0
1.0,0.19999999999998863,0.8000000000000007,-2.5799999999999983,0.0,0.05099999999999999,-2.3999999999999986,2.0,-4.300000000000001,1
-7.200000000000003,2.200000000000003,-9.5,0.009999999999990905,-0.028000000000000025,-0.013000000000000012,2.1000000000000014,-4.199999999999999,0.09999999999999964,0
7.200000000000003,-2.200000000000003,9.5,-0.009999999999990905,0.028000000000000025,0.013000000000000012,-2.1000000000000014,4.199999999999999,-0.09999999999999964,1
2.0,-4.5,6.5,-0.15000000000000568,-0.043999999999999984,-0.123,-1.2999999999999972,-9.5,-2.0,0
-2.0,4.5,-6.5,0.15000000000000568,0.043999999999999984,0.123,1.2999999999999972,9.5,2.0,0
-4.5,7.900000000000006,-12.3,-0.38000000000000966,0.015000000000000013,0.0020000000000000018,4.799999999999997,-6.099999999999998,-0.8000000000000007,0
4.5,-7.900000000000006,12.3,0.38000000000000966,-0.015000000000000013,-0.0020000000000000018,-4.799999999999997,6.099999999999998,0.8000000000000007,1
-4.0,4.800000000000011,-8.8,4.219999999999999,0.03400000000000003,0.01799999999999996,2.1000000000000014,6.0,0.8000000000000007,0
4.0,-4.800000000000011,8.8,-4.219999999999999,-0.03400000000000003,-0.01799999999999996,-2.1000000000000014,-6.0,-0.8000000000000007,1
-6.3999999999999915,3.700000000000003,-10.100000000000001,3.0600000000000023,0.02200000000000002,0.043999999999999984,4.200000000000003,5.5,1.6000000000000014,0
6.3999999999999915,-3.700000000000003,10.100000000000001,-3.0600000000000023,-0.02200000000000002,-0.043999999999999984,-4.200000000000003,-5.5,-1.6000000000000014,1
-6.799999999999997,-5.3999999999999915,-1.4000000000000004,-8.170000000000002,-0.025000000000000022,0.0030000000000000027,-0.29999999999999716,2.3000000000000007,-1.0999999999999996,1
6.799999999999997,5.3999999999999915,1.4000000000000004,8.170000000000002,0.025000000000000022,-0.0030000000000000027,0.29999999999999716,-2.3000000000000007,1.0999999999999996,0
-6.8999999999999915,7.1000000000000085,-13.899999999999999,-0.5999999999999943,0.02400000000000002,0.04999999999999999,2.0,5.800000000000001,-1.0,0
6.8999999999999915,-7.1000000000000085,13.899999999999999,0.5999999999999943,-0.02400000000000002,-0.04999999999999999,-2.0,-5.800000000000001,1.0,1
-5.799999999999997,-2.5,-3.3000000000000003,-7.530000000000001,-0.019000000000000017,0.01699999999999996,-1.0999999999999943,1.5999999999999979,-1.0999999999999996,0
5.799999999999997,2.5,3.3000000000000003,7.530000000000001,0.019000000000000017,-0.01699999999999996,1.0999999999999943,-1.5999999999999979,1.0999999999999996,1
-7.700000000000003,-0.7999999999999972,-6.800000000000001,-4.549999999999997,-0.0050000000000000044,-0.0010000000000000009,-1.5999999999999943,2.599999999999998,-0.7999999999999989,0
7.700000000000003,0.7999999999999972,6.800000000000001,4.549999999999997,0.0050000000000000044,0.0010000000000000009,1.5999999999999943,-2.599999999999998,0.7999999999999989,1
-1.5,2.8000000000000114,-4.2,1.3900000000000006,0.0050000000000000044,-0.019000000000000017,2.1000000000000014,5.5,-1.299999999999999,0
1.5,-2.8000000000000114,4.2,-1.3900000000000006,-0.0050000000000000044,0.019000000000000017,-2.1000000000000014,-5.5,1.299999999999999,1
8.200000000000003,1.4000000000000057,6.8,1.4300000000000068,0.0040000000000000036,-0.04500000000000004,-4.299999999999997,-0.5,-4.199999999999999,0
-8.200000000000003,-1.4000000000000057,-6.8,-1.4300000000000068,-0.0040000000000000036,0.04500000000000004,4.299999999999997,0.5,4.199999999999999,0
-3.3999999999999915,-5.8999999999999915,2.499999999999999,-0.25,-0.008000000000000007,-0.025000000000000022,-0.7999999999999972,-0.10000000000000142,1.0,1
3.3999999999999915,5.8999999999999915,-2.499999999999999,0.25,0.008000000000000007,0.025000000000000022,0.7999999999999972,0.10000000000000142,-1.0,0
-1.2999999999999972,-3.1999999999999886,1.8999999999999995,2.230000000000004,0.0030000000000000027,-0.017000000000000015,1.1000000000000014,6.899999999999999,5.100000000000001,1
1.2999999999999972,3.1999999999999886,-1.8999999999999995,-2.230000000000004,-0.0030000000000000027,0.017000000000000015,-1.1000000000000014,-6.899999999999999,-5.100000000000001,0
-7.5,-0.7999999999999972,-6.800000000000001,-0.3400000000000034,-0.025000000000000022,0.020999999999999963,0.8000000000000043,4.699999999999999,0.9000000000000004,0
7.5,0.7999999999999972,6.800000000000001,0.3400000000000034,0.025000000000000022,-0.020999999999999963,-0.8000000000000043,-4.699999999999999,-0.9000000000000004,1
1.7000000000000028,-7.5,9.2,-0.5,-0.04099999999999998,-0.08900000000000002,-2.5999999999999943,-0.6000000000000014,-1.1999999999999993,1
-1.7000000000000028,7.5,-9.2,0.5,0.04099999999999998,0.08900000000000002,2.5999999999999943,0.6000000000000014,1.1999999999999993,0
-4.799999999999997,4.900000000000006,-9.6,-0.730000000000004,0.018000000000000016,0.035999999999999976,3.5,2.8000000000000007,0.0,0
4.799999999999997,-4.900000000000006,9.6,0.730000000000004,-0.018000000000000016,-0.035999999999999976,-3.5,-2.8000000000000007,0.0,1
-2.3999999999999915,-1.1000000000000085,-1.3000000000000003,-1.1599999999999966,-0.01200000000000001,0.026000000000000023,2.1000000000000014,-0.5,0.8000000000000007,0
2.3999999999999915,1.1000000000000085,1.3000000000000003,1.1599999999999966,0.01200000000000001,-0.026000000000000023,-2.1000000000000014,0.5,-0.8000000000000007,1
-2.799999999999997,-10.200000000000003,7.4,-12.39,-0.05900000000000005,-0.014999999999999958,-2.3999999999999986,-3.6999999999999993,-1.9000000000000004,1
2.799999999999997,10.200000000000003,-7.4,12.39,0.05900000000000005,0.014999999999999958,2.3999999999999986,3.6999999999999993,1.9000000000000004,0
-2.8999999999999915,2.299999999999997,-5.1,-4.819999999999993,-0.010000000000000009,0.03200000000000003,-0.10000000000000142,-0.1999999999999993,-1.8000000000000007,0
2.8999999999999915,-2.299999999999997,5.1,4.819999999999993,0.010000000000000009,-0.03200000000000003,0.10000000000000142,0.1999999999999993,1.8000000000000007,1
-1.7999999999999972,-7.300000000000011,5.5,-11.75,-0.05300000000000005,-0.0010000000000000009,-3.1999999999999957,-4.400000000000002,-1.9000000000000004,0
1.7999999999999972,7.300000000000011,-5.5,11.75,0.05300000000000005,0.0010000000000000009,3.1999999999999957,4.400000000000002,1.9000000000000004,1
-3.700000000000003,-5.6000000000000085,2.0,-8.769999999999996,-0.039000000000000035,-0.01899999999999996,-3.6999999999999957,-3.400000000000002,-1.5999999999999996,0
3.700000000000003,5.6000000000000085,-2.0,8.769999999999996,0.039000000000000035,0.01899999999999996,3.6999999999999957,3.400000000000002,1.5999999999999996,0
2.5,-2.0,4.6,-2.8299999999999983,-0.029000000000000026,-0.03699999999999998,0.0,-0.5,-2.0999999999999996,0
-2.5,2.0,-4.6,2.8299999999999983,0.029000000000000026,0.03699999999999998,0.0,0.5,2.0999999999999996,1
12.200000000000003,-3.4000000000000057,15.6,-2.789999999999992,-0.030000000000000027,-0.063,-6.399999999999999,-6.5,-5.0,1
-12.200000000000003,3.4000000000000057,-15.6,2.789999999999992,0.030000000000000027,0.063,6.399999999999999,6.5,5.0,0
0.6000000000000085,-10.700000000000003,11.299999999999999,-4.469999999999999,-0.04200000000000004,-0.04299999999999998,-2.8999999999999986,-6.100000000000001,0.1999999999999993,1
-0.6000000000000085,10.700000000000003,-11.299999999999999,4.469999999999999,0.04200000000000004,0.04299999999999998,2.8999999999999986,6.100000000000001,-0.1999999999999993,0
2.700000000000003,-8.0,10.7,-1.9899999999999949,-0.031000000000000028,-0.034999999999999976,-1.0,0.8999999999999986,4.300000000000001,1
-2.700000000000003,8.0,-10.7,1.9899999999999949,0.031000000000000028,0.034999999999999976,1.0,-0.8999999999999986,-4.300000000000001,0
-3.5,-5.6000000000000085,2.0,-4.560000000000002,-0.05900000000000005,0.0030000000000000027,-1.2999999999999972,-1.3000000000000007,0.09999999999999964,1
3.5,5.6000000000000085,-2.0,4.560000000000002,0.05900000000000005,-0.0030000000000000027,1.2999999999999972,1.3000000000000007,-0.09999999999999964,0
5.700000000000003,-12.300000000000011,18.0,-4.719999999999999,-0.07500000000000001,-0.10699999999999998,-4.699999999999996,-6.600000000000001,-2.0,1
-5.700000000000003,12.300000000000011,-18.0,4.719999999999999,0.07500000000000001,0.10699999999999998,4.699999999999996,6.600000000000001,2.0,0
-0.7999999999999972,0.09999999999999432,-0.7999999999999998,-4.950000000000003,-0.016000000000000014,0.018000000000000016,1.3999999999999986,-3.1999999999999993,-0.8000000000000007,0
0.7999999999999972,-0.09999999999999432,0.7999999999999998,4.950000000000003,0.016000000000000014,-0.018000000000000016,-1.3999999999999986,3.1999999999999993,0.8000000000000007,1
-0.4000000000000057,-9.099999999999994,8.7,-11.230000000000004,-0.04700000000000004,-0.04099999999999998,-4.5,-3.1999999999999993,-2.700000000000001,1
0.4000000000000057,9.099999999999994,-8.7,11.230000000000004,0.04700000000000004,0.04099999999999998,4.5,3.1999999999999993,2.700000000000001,0
-0.5,3.4000000000000057,-3.799999999999999,-3.6599999999999966,0.0020000000000000018,0.006000000000000005,-2.200000000000003,0.3000000000000007,-2.6000000000000014,0
0.5,-3.4000000000000057,3.799999999999999,3.6599999999999966,-0.0020000000000000018,-0.006000000000000005,2.200000000000003,-0.3000000000000007,2.6000000000000014,1
0.5999999999999943,-6.200000000000003,6.800000000000001,-10.590000000000003,-0.041000000000000036,-0.027000000000000024,-5.299999999999997,-3.900000000000002,-2.700000000000001,1
-0.5999999999999943,6.200000000000003,-6.800000000000001,10.590000000000003,0.041000000000000036,0.027000000000000024,5.299999999999997,3.900000000000002,2.700000000000001,0
-1.3000000000000114,-4.5,3.3000000000000003,-7.609999999999999,-0.027000000000000024,-0.044999999999999984,-5.799999999999997,-2.900000000000002,-2.4000000000000004,1
1.3000000000000114,4.5,-3.3000000000000003,7.609999999999999,0.027000000000000024,0.044999999999999984,5.799999999999997,2.900000000000002,2.4000000000000004,0
4.8999999999999915,-0.8999999999999915,5.9,-1.6700000000000017,-0.017000000000000015,-0.063,-2.1000000000000014,0.0,-2.9000000000000004,1
-4.8999999999999915,0.8999999999999915,-5.9,1.6700000000000017,0.017000000000000015,0.063,2.1000000000000014,0.0,2.9000000000000004,0
14.599999999999994,-2.299999999999997,16.9,-1.6299999999999955,-0.018000000000000016,-0.08900000000000002,-8.5,-6.0,-5.800000000000001,1
-14.599999999999994,2.299999999999997,-16.9,1.6299999999999955,0.018000000000000016,0.08900000000000002,8.5,6.0,5.800000000000001,0
3.0,-9.599999999999994,12.6,-3.3100000000000023,-0.030000000000000027,-0.069,-5.0,-5.600000000000001,-0.6000000000000014,1
-3.0,9.599999999999994,-12.6,3.3100000000000023,0.030000000000000027,0.069,5.0,5.600000000000001,0.6000000000000014,0
5.099999999999994,-6.8999999999999915,12.0,-0.8299999999999983,-0.019000000000000017,-0.061,-3.1000000000000014,1.3999999999999986,3.5,1
-5.099999999999994,6.8999999999999915,-12.0,0.8299999999999983,0.019000000000000017,0.061,3.1000000000000014,-1.3999999999999986,-3.5,0
-1.1000000000000085,-4.5,3.3000000000000003,-3.4000000000000057,-0.04700000000000004,-0.02300000000000002,-3.3999999999999986,-0.8000000000000007,-0.7000000000000011,1
1.1000000000000085,4.5,-3.3000000000000003,3.4000000000000057,0.04700000000000004,0.02300000000000002,3.3999999999999986,0.8000000000000007,0.7000000000000011,0
8.099999999999994,-11.200000000000003,19.3,-3.5600000000000023,-0.063,-0.133,-6.799999999999997,-6.100000000000001,-2.8000000000000007,1
-8.099999999999994,11.200000000000003,-19.3,3.5600000000000023,0.063,0.133,6.799999999999997,6.100000000000001,2.8000000000000007,0
1.5999999999999943,1.2000000000000028,0.5000000000000004,-3.7900000000000063,-0.0040000000000000036,-0.008000000000000007,-0.7000000000000028,-2.6999999999999993,-1.6000000000000014,1
-1.5999999999999943,-1.2000000000000028,-0.5000000000000004,3.7900000000000063,0.0040000000000000036,0.008000000000000007,0.7000000000000028,2.6999999999999993,1.6000000000000014,0
-0.09999999999999432,12.5,-12.5,7.570000000000007,0.049000000000000044,0.046999999999999986,2.299999999999997,3.5,0.09999999999999964,0
0.09999999999999432,-12.5,12.5,-7.570000000000007,-0.049000000000000044,-0.046999999999999986,-2.299999999999997,-3.5,-0.09999999999999964,1
1.0,2.8999999999999915,-1.9,0.6400000000000006,0.006000000000000005,0.013999999999999957,-0.7999999999999972,-0.7000000000000028,0.0,0
-1.0,-2.8999999999999915,1.9,-0.6400000000000006,-0.006000000000000005,-0.013999999999999957,0.7999999999999972,0.7000000000000028,0.0,1
-0.9000000000000057,4.599999999999994,-5.4,3.6200000000000045,0.020000000000000018,-0.0040000000000000036,-1.2999999999999972,0.29999999999999716,0.3000000000000007,0
0.9000000000000057,-4.599999999999994,5.4,-3.6200000000000045,-0.020000000000000018,0.0040000000000000036,1.2999999999999972,-0.29999999999999716,-0.3000000000000007,1
5.299999999999997,8.200000000000003,-2.8,9.560000000000002,0.030000000000000027,-0.02200000000000002,2.3999999999999986,3.1999999999999993,-0.1999999999999993,0
-5.299999999999997,-8.200000000000003,2.8,-9.560000000000002,-0.030000000000000027,0.02200000000000002,-2.3999999999999986,-3.1999999999999993,0.1999999999999993,1
15.0,6.799999999999997,8.2,9.600000000000009,0.029000000000000026,-0.04800000000000004,-4.0,-2.8000000000000007,-3.0999999999999996,0
-15.0,-6.799999999999997,-8.2,-9.600000000000009,-0.029000000000000026,0.04800000000000004,4.0,2.8000000000000007,3.0999999999999996,1
3.4000000000000057,-0.5,3.8999999999999995,7.920000000000002,0.017000000000000015,-0.028000000000000025,-0.5,-2.400000000000002,2.0999999999999996,1
-3.4000000000000057,0.5,-3.8999999999999995,-7.920000000000002,-0.017000000000000015,0.028000000000000025,0.5,2.400000000000002,-2.0999999999999996,0
5.5,2.200000000000003,3.3,10.400000000000006,0.028000000000000025,-0.020000000000000018,1.3999999999999986,4.599999999999998,6.200000000000001,0
-5.5,-2.200000000000003,-3.3,-10.400000000000006,-0.028000000000000025,0.020000000000000018,-1.3999999999999986,-4.599999999999998,-6.200000000000001,0
-0.7000000000000028,4.599999999999994,-5.4,7.829999999999998,0.0,0.01799999999999996,1.1000000000000014,2.3999999999999986,2.0,0
0.7000000000000028,-4.599999999999994,5.4,-7.829999999999998,0.0,-0.01799999999999996,-1.1000000000000014,-2.3999999999999986,-2.0,1
8.5,-2.1000000000000085,10.600000000000001,7.670000000000002,-0.01599999999999996,-0.09200000000000003,-2.299999999999997,-2.900000000000002,-0.09999999999999964,1
-8.5,2.1000000000000085,-10.600000000000001,-7.670000000000002,0.01599999999999996,0.09200000000000003,2.299999999999997,2.900000000000002,0.09999999999999964,0
2.0,10.299999999999997,-8.2,7.439999999999998,0.04300000000000004,0.032999999999999974,3.799999999999997,0.5,1.0999999999999996,0
-2.0,-10.299999999999997,8.2,-7.439999999999998,-0.04300000000000004,-0.032999999999999974,-3.799999999999997,-0.5,-1.0999999999999996,1
1.0999999999999943,-9.600000000000009,10.6,-6.930000000000007,-0.04300000000000004,-0.03300000000000003,-3.0999999999999943,-4.200000000000003,-0.09999999999999964,1
-1.0999999999999943,9.600000000000009,-10.6,6.930000000000007,0.04300000000000004,0.03300000000000003,3.0999999999999943,4.200000000000003,0.09999999999999964,0
-0.8000000000000114,-7.900000000000006,7.1,-3.950000000000003,-0.029000000000000026,-0.05099999999999999,-3.5999999999999943,-3.200000000000003,0.20000000000000107,1
0.8000000000000114,7.900000000000006,-7.1,3.950000000000003,0.029000000000000026,0.05099999999999999,3.5999999999999943,3.200000000000003,-0.20000000000000107,0
5.3999999999999915,-4.299999999999997,9.7,1.9899999999999949,-0.019000000000000017,-0.069,0.10000000000000142,-0.3000000000000007,-0.29999999999999893,1
-5.3999999999999915,4.299999999999997,-9.7,-1.9899999999999949,0.019000000000000017,0.069,-0.10000000000000142,0.3000000000000007,0.29999999999999893,0
15.099999999999994,-5.700000000000003,20.7,2.030000000000001,-0.020000000000000018,-0.09500000000000003,-6.299999999999997,-6.300000000000001,-3.1999999999999993,1
-15.099999999999994,5.700000000000003,-20.7,-2.030000000000001,0.020000000000000018,0.09500000000000003,6.299999999999997,6.300000000000001,3.1999999999999993,0
3.5,-13.0,16.4,0.3499999999999943,-0.03200000000000003,-0.07500000000000001,-2.799999999999997,-5.900000000000002,2.0,1
-3.5,13.0,-16.4,-0.3499999999999943,0.03200000000000003,0.07500000000000001,2.799999999999997,5.900000000000002,-2.0,0
5.599999999999994,-10.299999999999997,15.799999999999999,2.8299999999999983,-0.02100000000000002,-0.067,-0.8999999999999986,1.0999999999999979,6.100000000000001,1
-5.599999999999994,10.299999999999997,-15.799999999999999,-2.8299999999999983,0.02100000000000002,0.067,0.8999999999999986,-1.0999999999999979,-6.100000000000001,0
-0.6000000000000085,-7.900000000000006,7.1,0.2599999999999909,-0.049000000000000044,-0.029000000000000026,-1.1999999999999957,-1.1000000000000014,1.9000000000000004,1
0.6000000000000085,7.900000000000006,-7.1,-0.2599999999999909,0.049000000000000044,0.029000000000000026,1.1999999999999957,1.1000000000000014,-1.9000000000000004,0
8.599999999999994,-14.600000000000009,23.1,0.09999999999999432,-0.065,-0.139,-4.599999999999994,-6.400000000000002,-0.1999999999999993,1
-8.599999999999994,14.600000000000009,-23.1,-0.09999999999999432,0.065,0.139,4.599999999999994,6.400000000000002,0.1999999999999993,0
2.0999999999999943,-2.200000000000003,4.299999999999999,-0.13000000000000966,-0.006000000000000005,-0.014000000000000012,1.5,-3.0,1.0,1
-2.0999999999999943,2.200000000000003,-4.299999999999999,0.13000000000000966,0.006000000000000005,0.014000000000000012,-1.5,3.0,-1.0,0
-1.9000000000000057,1.7000000000000028,-3.5,2.980000000000004,0.014000000000000012,-0.01799999999999996,-0.5,1.0,0.3000000000000007,1
1.9000000000000057,-1.7000000000000028,3.5,-2.980000000000004,-0.014000000000000012,0.01799999999999996,0.5,-1.0,-0.3000000000000007,0
4.299999999999997,5.300000000000011,-0.8999999999999999,8.920000000000002,0.02400000000000002,-0.035999999999999976,3.1999999999999957,3.900000000000002,-0.1999999999999993,0
-4.299999999999997,-5.300000000000011,0.8999999999999999,-8.920000000000002,-0.02400000000000002,0.035999999999999976,-3.1999999999999957,-3.900000000000002,0.1999999999999993,1
14.0,3.9000000000000057,10.1,8.960000000000008,0.02300000000000002,-0.062,-3.200000000000003,-2.099999999999998,-3.0999999999999996,1
-14.0,-3.9000000000000057,-10.1,-8.960000000000008,-0.02300000000000002,0.062,3.200000000000003,2.099999999999998,3.0999999999999996,0
2.4000000000000057,-3.3999999999999915,5.799999999999999,7.280000000000001,0.01100000000000001,-0.04199999999999998,0.29999999999999716,-1.6999999999999993,2.0999999999999996,1
-2.4000000000000057,3.3999999999999915,-5.799999999999999,-7.280000000000001,-0.01100000000000001,0.04199999999999998,-0.29999999999999716,1.6999999999999993,-2.0999999999999996,0
4.5,-0.6999999999999886,5.199999999999999,9.760000000000005,0.02200000000000002,-0.033999999999999975,2.1999999999999957,5.300000000000001,6.200000000000001,1
-4.5,0.6999999999999886,-5.199999999999999,-9.760000000000005,-0.02200000000000002,0.033999999999999975,-2.1999999999999957,-5.300000000000001,-6.200000000000001,0
-1.7000000000000028,1.7000000000000028,-3.5,7.189999999999998,-0.006000000000000005,0.0040000000000000036,1.8999999999999986,3.1000000000000014,2.0,1
1.7000000000000028,-1.7000000000000028,3.5,-7.189999999999998,0.006000000000000005,-0.0040000000000000036,-1.8999999999999986,-3.1000000000000014,-2.0,0
7.5,-5.0,12.5,7.030000000000001,-0.021999999999999964,-0.10599999999999998,-1.5,-2.1999999999999993,-0.09999999999999964,1
-7.5,5.0,-12.5,-7.030000000000001,0.021999999999999964,0.10599999999999998,1.5,2.1999999999999993,0.09999999999999964,0
1.0,7.400000000000006,-6.3,6.799999999999997,0.03700000000000003,0.019000000000000017,4.599999999999994,1.2000000000000028,1.0999999999999996,0
-1.0,-7.400000000000006,6.3,-6.799999999999997,-0.03700000000000003,-0.019000000000000017,-4.599999999999994,-1.2000000000000028,-1.0999999999999996,1
6.200000000000003,3.6000000000000085,2.6,5.939999999999998,0.010000000000000009,-0.018000000000000016,3.6999999999999957,2.900000000000002,-0.5,0
-6.200000000000003,-3.6000000000000085,-2.6,-5.939999999999998,-0.010000000000000009,0.018000000000000016,-3.6999999999999957,-2.900000000000002,0.5,1
15.900000000000006,2.200000000000003,13.6,5.980000000000004,0.009000000000000008,-0.04400000000000004,-2.700000000000003,-3.099999999999998,-3.4000000000000004,1
-15.900000000000006,-2.200000000000003,-13.6,-5.980000000000004,-0.009000000000000008,0.04400000000000004,2.700000000000003,3.099999999999998,3.4000000000000004,0
4.300000000000011,-5.099999999999994,9.299999999999999,4.299999999999997,-0.0030000000000000027,-0.02400000000000002,0.7999999999999972,-2.6999999999999993,1.799999999999999,1
-4.300000000000011,5.099999999999994,-9.299999999999999,-4.299999999999997,0.0030000000000000027,0.02400000000000002,-0.7999999999999972,2.6999999999999993,-1.799999999999999,0
6.400000000000006,-2.3999999999999915,8.7,6.780000000000001,0.008000000000000007,-0.016000000000000014,2.6999999999999957,4.300000000000001,5.9,1
-6.400000000000006,2.3999999999999915,-8.7,-6.780000000000001,-0.008000000000000007,0.016000000000000014,-2.6999999999999957,-4.300000000000001,-5.9,0
0.20000000000000284,0.0,0.0,4.209999999999994,-0.020000000000000018,0.021999999999999964,2.3999999999999986,2.1000000000000014,1.6999999999999993,1
-0.20000000000000284,0.0,0.0,-4.209999999999994,0.020000000000000018,-0.021999999999999964,-2.3999999999999986,-2.1000000000000014,-1.6999999999999993,0
9.400000000000006,-6.700000000000003,16.0,4.049999999999997,-0.035999999999999976,-0.08800000000000002,-1.0,-3.1999999999999993,-0.40000000000000036,1
-9.400000000000006,6.700000000000003,-16.0,-4.049999999999997,0.035999999999999976,0.08800000000000002,1.0,3.1999999999999993,0.40000000000000036,0
2.9000000000000057,5.700000000000003,-2.8,3.819999999999993,0.02300000000000002,0.03699999999999998,5.099999999999994,0.20000000000000284,0.7999999999999989,0
-2.9000000000000057,-5.700000000000003,2.8,-3.819999999999993,-0.02300000000000002,-0.03699999999999998,-5.099999999999994,-0.20000000000000284,-0.7999999999999989,1
9.700000000000003,-1.4000000000000057,11.0,0.04000000000000625,-0.0010000000000000009,-0.026000000000000023,-6.399999999999999,-6.0,-2.9000000000000004,1
-9.700000000000003,1.4000000000000057,-11.0,-0.04000000000000625,0.0010000000000000009,0.026000000000000023,6.399999999999999,6.0,2.9000000000000004,0
-1.8999999999999915,-8.700000000000003,6.699999999999999,-1.6400000000000006,-0.013000000000000012,-0.006000000000000005,-2.8999999999999986,-5.600000000000001,2.299999999999999,1
1.8999999999999915,8.700000000000003,-6.699999999999999,1.6400000000000006,0.013000000000000012,0.006000000000000005,2.8999999999999986,5.600000000000001,-2.299999999999999,0
0.20000000000000284,-6.0,6.1,0.8400000000000034,-0.0020000000000000018,0.0020000000000000018,-1.0,1.3999999999999986,6.4,1
-0.20000000000000284,6.0,-6.1,-0.8400000000000034,0.0020000000000000018,-0.0020000000000000018,1.0,-1.3999999999999986,-6.4,0
-6.0,-3.6000000000000085,-2.6,-1.730000000000004,-0.030000000000000027,0.03999999999999998,-1.2999999999999972,-0.8000000000000007,2.1999999999999993,1
6.0,3.6000000000000085,2.6,1.730000000000004,0.030000000000000027,-0.03999999999999998,1.2999999999999972,0.8000000000000007,-2.1999999999999993,0
3.200000000000003,-10.300000000000011,13.4,-1.8900000000000006,-0.045999999999999985,-0.07,-4.699999999999996,-6.100000000000001,0.09999999999999964,1
-3.200000000000003,10.300000000000011,-13.4,1.8900000000000006,0.045999999999999985,0.07,4.699999999999996,6.100000000000001,-0.09999999999999964,0
-3.299999999999997,2.0999999999999943,-5.4,-2.1200000000000045,0.013000000000000012,0.05499999999999999,1.3999999999999986,-2.6999999999999993,1.299999999999999,0
3.299999999999997,-2.0999999999999943,5.4,2.1200000000000045,-0.013000000000000012,-0.05499999999999999,-1.3999999999999986,2.6999999999999993,-1.299999999999999,1
-11.599999999999994,-7.299999999999997,-4.300000000000001,-1.6800000000000068,-0.01200000000000001,0.020000000000000018,3.5,0.3999999999999986,5.199999999999999,1
11.599999999999994,7.299999999999997,4.300000000000001,1.6800000000000068,0.01200000000000001,-0.020000000000000018,-3.5,-0.3999999999999986,-5.199999999999999,0
-9.5,-4.599999999999994,-4.9,0.7999999999999972,-0.0010000000000000009,0.028000000000000025,5.399999999999999,7.399999999999999,9.3,1
9.5,4.599999999999994,4.9,-0.7999999999999972,0.0010000000000000009,-0.028000000000000025,-5.399999999999999,-7.399999999999999,-9.3,0
-15.700000000000003,-2.200000000000003,-13.6,-1.7700000000000102,-0.029000000000000026,0.066,5.100000000000001,5.199999999999999,5.1,0
15.700000000000003,2.200000000000003,13.6,1.7700000000000102,0.029000000000000026,-0.066,-5.100000000000001,-5.199999999999999,-5.1,1
-6.5,-8.900000000000006,2.4000000000000004,-1.9300000000000068,-0.044999999999999984,-0.043999999999999984,1.7000000000000028,-0.10000000000000142,3.0,1
6.5,8.900000000000006,-2.4000000000000004,1.9300000000000068,0.044999999999999984,0.043999999999999984,-1.7000000000000028,0.10000000000000142,-3.0,0
-13.0,3.5,-16.4,-2.160000000000011,0.014000000000000012,0.08100000000000002,7.799999999999997,3.3000000000000007,4.199999999999999,0
13.0,-3.5,16.4,2.160000000000011,-0.014000000000000012,-0.08100000000000002,-7.799999999999997,-3.3000000000000007,-4.199999999999999,1
2.0999999999999943,2.700000000000003,-0.5999999999999996,2.480000000000004,0.01100000000000001,0.008000000000000007,1.8999999999999986,7.0,4.100000000000001,0
-2.0999999999999943,-2.700000000000003,0.5999999999999996,-2.480000000000004,-0.01100000000000001,-0.008000000000000007,-1.8999999999999986,-7.0,-4.100000000000001,1
-4.1000000000000085,5.099999999999994,-9.299999999999999,-0.09000000000000341,-0.017000000000000015,0.045999999999999985,1.6000000000000014,4.800000000000001,-0.09999999999999964,0
4.1000000000000085,-5.099999999999994,9.299999999999999,0.09000000000000341,0.017000000000000015,-0.045999999999999985,-1.6000000000000014,-4.800000000000001,0.09999999999999964,1
5.099999999999994,-1.6000000000000085,6.700000000000001,-0.25,-0.032999999999999974,-0.064,-1.7999999999999972,-0.5,-2.1999999999999993,0
-5.099999999999994,1.6000000000000085,-6.700000000000001,0.25,0.032999999999999974,0.064,1.7999999999999972,0.5,2.1999999999999993,0
-1.4000000000000057,10.799999999999997,-12.1,-0.480000000000004,0.026000000000000023,0.061,4.299999999999997,2.900000000000002,-1.0,0
1.4000000000000057,-10.799999999999997,12.1,0.480000000000004,-0.026000000000000023,-0.061,-4.299999999999997,-2.900000000000002,1.0,1
-6.200000000000003,2.3999999999999915,-8.7,-2.5700000000000074,-0.028000000000000025,0.03799999999999998,-0.29999999999999716,-2.1999999999999993,-4.200000000000001,0
6.200000000000003,-2.3999999999999915,8.7,2.5700000000000074,0.028000000000000025,-0.03799999999999998,0.29999999999999716,2.1999999999999993,4.200000000000001,1
3.0,-4.300000000000011,7.300000000000001,-2.730000000000004,-0.043999999999999984,-0.07200000000000001,-3.6999999999999957,-7.5,-6.300000000000001,1
-3.0,4.300000000000011,-7.300000000000001,2.730000000000004,0.043999999999999984,0.07200000000000001,3.6999999999999957,7.5,6.300000000000001,0
-3.5,8.099999999999994,-11.5,-2.960000000000008,0.015000000000000013,0.05299999999999999,2.3999999999999986,-4.099999999999998,-5.100000000000001,0
3.5,-8.099999999999994,11.5,2.960000000000008,-0.015000000000000013,-0.05299999999999999,-2.3999999999999986,4.099999999999998,5.100000000000001,1
9.200000000000003,-6.700000000000003,16.0,-0.1599999999999966,-0.01599999999999996,-0.10999999999999999,-3.3999999999999986,-5.300000000000001,-2.0999999999999996,1
-9.200000000000003,6.700000000000003,-16.0,0.1599999999999966,0.01599999999999996,0.10999999999999999,3.3999999999999986,5.300000000000001,2.0999999999999996,0
2.700000000000003,5.700000000000003,-2.8,-0.39000000000000057,0.04300000000000004,0.015000000000000013,2.6999999999999957,-1.8999999999999986,-0.9000000000000004,0
-2.700000000000003,-5.700000000000003,2.8,0.39000000000000057,-0.04300000000000004,-0.015000000000000013,-2.6999999999999957,1.8999999999999986,0.9000000000000004,1
-6.5,12.400000000000006,-18.8,-0.23000000000000398,0.059,0.125,6.099999999999994,3.400000000000002,1.1999999999999993,0
6.5,-12.400000000000006,18.8,0.23000000000000398,-0.059,-0.125,-6.099999999999994,-3.400000000000002,-1.1999999999999993,1
8.900000000000006,2.799999999999997,6.1000000000000005,-1.6200000000000045,-0.010000000000000009,0.07100000000000001,-1.6000000000000014,0.1999999999999993,-0.7000000000000011,1
-8.900000000000006,-2.799999999999997,-6.1000000000000005,1.6200000000000045,0.010000000000000009,-0.07100000000000001,1.6000000000000014,-0.1999999999999993,0.7000000000000011,0
4.400000000000006,-4.099999999999994,8.5,4.530000000000001,-0.052000000000000046,-0.028000000000000025,-1.2000000000000028,3.799999999999997,2.0,0
-4.400000000000006,4.099999999999994,-8.5,-4.530000000000001,0.052000000000000046,0.028000000000000025,1.2000000000000028,-3.799999999999997,-2.0,1
-11.399999999999991,-1.2000000000000028,-10.3,4.699999999999989,-0.030000000000000027,0.025000000000000022,7.899999999999999,2.299999999999997,1.0999999999999996,0
11.399999999999991,1.2000000000000028,10.3,-4.699999999999989,0.030000000000000027,-0.025000000000000022,-7.899999999999999,-2.299999999999997,-1.0999999999999996,1
1.5,-16.400000000000006,17.9,3.5,-0.062,0.014000000000000012,-1.3000000000000043,1.5,1.0999999999999996,1
-1.5,16.400000000000006,-17.9,-3.5,0.062,-0.014000000000000012,1.3000000000000043,-1.5,-1.0999999999999996,0
-6.0,-15.299999999999997,9.299999999999999,9.219999999999999,-0.04700000000000004,-0.034999999999999976,4.899999999999999,0.8999999999999986,5.6,1
6.0,15.299999999999997,-9.299999999999999,-9.219999999999999,0.04700000000000004,0.034999999999999976,-4.899999999999999,-0.8999999999999986,-5.6,0
-6.5,-1.0999999999999943,-5.3,-1.730000000000004,-0.015000000000000013,0.03899999999999998,0.10000000000000142,3.1999999999999993,-0.7000000000000011,0
6.5,1.0999999999999943,5.3,1.730000000000004,0.015000000000000013,-0.03899999999999998,-0.10000000000000142,-3.1999999999999993,0.7000000000000011,1
11.799999999999997,-6.700000000000003,18.5,-3.5,-0.069,-0.025000000000000022,2.299999999999997,-5.900000000000002,-0.09999999999999964,1
-11.799999999999997,6.700000000000003,-18.5,3.5,0.069,0.025000000000000022,-2.299999999999997,5.900000000000002,0.09999999999999964,0
-0.5999999999999943,2.0999999999999943,-2.7,5.6699999999999875,0.020999999999999963,0.09600000000000003,1.5,6.799999999999997,0.1999999999999993,0
0.5999999999999943,-2.0999999999999943,2.7,-5.6699999999999875,-0.020999999999999963,-0.09600000000000003,-1.5,-6.799999999999997,-0.1999999999999993,1
0.6000000000000085,2.0999999999999943,-1.5,0.4299999999999926,0.0050000000000000044,0.04099999999999998,-4.899999999999999,1.5999999999999979,0.9000000000000004,1
-0.6000000000000085,-2.0999999999999943,1.5,-0.4299999999999926,-0.0050000000000000044,-0.04099999999999998,4.899999999999999,-1.5999999999999979,-0.9000000000000004,0
13.900000000000006,-9.200000000000003,23.099999999999998,5.219999999999999,-0.07100000000000001,-0.09299999999999997,3.8999999999999986,1.3999999999999986,0.29999999999999893,1
-13.900000000000006,9.200000000000003,-23.099999999999998,-5.219999999999999,0.07100000000000001,0.09299999999999997,-3.8999999999999986,-1.3999999999999986,-0.29999999999999893,0
-1.2000000000000028,2.700000000000003,-3.9000000000000004,5.47999999999999,-0.0010000000000000009,0.059,7.0,8.7,3.1999999999999993,0
1.2000000000000028,-2.700000000000003,3.9000000000000004,-5.47999999999999,0.0010000000000000009,-0.059,-7.0,-8.7,-3.1999999999999993,1
-8.099999999999994,-1.7999999999999972,-6.3,0.4899999999999949,-0.03200000000000003,0.007000000000000006,6.799999999999997,1.5999999999999979,1.6999999999999993,0
8.099999999999994,1.7999999999999972,6.3,-0.4899999999999949,0.03200000000000003,-0.007000000000000006,-6.799999999999997,-1.5999999999999979,-1.6999999999999993,1
-3.0999999999999943,-4.5,1.4999999999999998,-1.9300000000000068,-0.04200000000000004,0.019000000000000017,-0.8999999999999986,1.3999999999999986,3.0,0
3.0999999999999943,4.5,-1.4999999999999998,1.9300000000000068,0.04200000000000004,-0.019000000000000017,0.8999999999999986,-1.3999999999999986,-3.0,1
-6.599999999999994,3.5,-10.100000000000001,3.4499999999999886,-0.015000000000000013,0.07,2.299999999999997,4.799999999999997,-0.9000000000000004,0
6.599999999999994,-3.5,10.100000000000001,-3.4499999999999886,0.015000000000000013,-0.07,-2.299999999999997,-4.799999999999997,0.9000000000000004,1
1.5,-2.4000000000000057,3.9000000000000004,5.709999999999994,-0.04700000000000004,0.015000000000000013,4.899999999999999,5.299999999999997,0.29999999999999893,0
-1.5,2.4000000000000057,-3.9000000000000004,-5.709999999999994,0.04700000000000004,-0.015000000000000013,-4.899999999999999,-5.299999999999997,-0.29999999999999893,1
-4.5,-6.8999999999999915,2.4000000000000004,6.150000000000006,-0.04200000000000004,-0.09900000000000003,0.3999999999999986,3.599999999999998,2.700000000000001,0
4.5,6.8999999999999915,-2.4000000000000004,-6.150000000000006,0.04200000000000004,0.09900000000000003,-0.3999999999999986,-3.599999999999998,-2.700000000000001,1
-20.299999999999997,-4.0,-16.4,6.319999999999993,-0.020000000000000018,-0.045999999999999985,9.5,2.099999999999998,1.8000000000000007,0
20.299999999999997,4.0,16.4,-6.319999999999993,0.020000000000000018,0.045999999999999985,-9.5,-2.099999999999998,-1.8000000000000007,1
-7.400000000000006,-19.200000000000003,11.799999999999999,5.1200000000000045,-0.05199999999999999,-0.056999999999999995,0.29999999999999716,1.3000000000000007,1.8000000000000007,1
7.400000000000006,19.200000000000003,-11.799999999999999,-5.1200000000000045,0.05199999999999999,0.056999999999999995,-0.29999999999999716,-1.3000000000000007,-1.8000000000000007,0
-14.900000000000006,-18.099999999999994,3.1999999999999993,10.840000000000003,-0.03700000000000003,-0.10599999999999998,6.5,0.6999999999999993,6.300000000000001,1
14.900000000000006,18.099999999999994,-3.1999999999999993,-10.840000000000003,0.03700000000000003,0.10599999999999998,-6.5,-0.6999999999999993,-6.300000000000001,0
-15.400000000000006,-3.8999999999999915,-11.4,-0.10999999999999943,-0.0050000000000000044,-0.03200000000000003,1.7000000000000028,3.0,0.0,0
15.400000000000006,3.8999999999999915,11.4,0.10999999999999943,0.0050000000000000044,0.03200000000000003,-1.7000000000000028,-3.0,0.0,1
2.8999999999999915,-9.5,12.4,-1.8799999999999955,-0.059,-0.09600000000000003,3.8999999999999986,-6.100000000000001,0.6000000000000014,1
-2.8999999999999915,9.5,-12.4,1.8799999999999955,0.059,0.09600000000000003,-3.8999999999999986,6.100000000000001,-0.6000000000000014,0
-9.5,-0.7000000000000028,-8.8,7.289999999999992,0.030999999999999972,0.025000000000000022,3.1000000000000014,6.599999999999998,0.9000000000000004,0
9.5,0.7000000000000028,8.8,-7.289999999999992,-0.030999999999999972,-0.025000000000000022,-3.1000000000000014,-6.599999999999998,-0.9000000000000004,1
-8.299999999999997,-0.7000000000000028,-7.6000000000000005,2.049999999999997,0.015000000000000013,-0.030000000000000027,-3.299999999999997,1.3999999999999986,1.6000000000000014,0
8.299999999999997,0.7000000000000028,7.6000000000000005,-2.049999999999997,-0.015000000000000013,0.030000000000000027,3.299999999999997,-1.3999999999999986,-1.6000000000000014,0
5.0,-12.0,17.0,6.840000000000003,-0.061,-0.16399999999999998,5.5,1.1999999999999993,1.0,1
-5.0,12.0,-17.0,-6.840000000000003,0.061,0.16399999999999998,-5.5,-1.1999999999999993,-1.0,0
-10.100000000000009,-0.09999999999999432,-10.0,7.099999999999994,0.009000000000000008,-0.01200000000000001,8.600000000000001,8.5,3.9000000000000004,0
10.100000000000009,0.09999999999999432,10.0,-7.099999999999994,-0.009000000000000008,0.01200000000000001,-8.600000000000001,-8.5,-3.9000000000000004,1
-17.0,-4.599999999999994,-12.4,2.1099999999999994,-0.02200000000000002,-0.064,8.399999999999999,1.3999999999999986,2.4000000000000004,0
17.0,4.599999999999994,12.4,-2.1099999999999994,0.02200000000000002,0.064,-8.399999999999999,-1.3999999999999986,-2.4000000000000004,1
-12.0,-7.299999999999997,-4.6000000000000005,-0.3100000000000023,-0.03200000000000003,-0.05199999999999999,0.7000000000000028,1.1999999999999993,3.700000000000001,0
12.0,7.299999999999997,4.6000000000000005,0.3100000000000023,0.03200000000000003,0.05199999999999999,-0.7000000000000028,-1.1999999999999993,-3.700000000000001,1
-15.5,0.7000000000000028,-16.200000000000003,5.069999999999993,-0.0050000000000000044,-0.0010000000000000009,3.8999999999999986,4.599999999999998,-0.1999999999999993,0
15.5,-0.7000000000000028,16.200000000000003,-5.069999999999993,0.0050000000000000044,0.0010000000000000009,-3.8999999999999986,-4.599999999999998,0.1999999999999993,1
-7.400000000000006,-5.200000000000003,-2.2,7.329999999999998,-0.03700000000000003,-0.055999999999999994,6.5,5.099999999999998,1.0,0
7.400000000000006,5.200000000000003,2.2,-7.329999999999998,0.03700000000000003,0.055999999999999994,-6.5,-5.099999999999998,-1.0,1
-15.799999999999997,2.8999999999999915,-18.8,0.1699999999999875,0.02200000000000002,0.05300000000000005,9.100000000000001,-1.5,-0.9000000000000004,0
15.799999999999997,-2.8999999999999915,18.8,-0.1699999999999875,-0.02200000000000002,-0.05300000000000005,-9.100000000000001,1.5,0.9000000000000004,1
-2.9000000000000057,-12.300000000000011,9.399999999999999,-1.0300000000000011,-0.009999999999999953,0.04200000000000004,-0.10000000000000142,-2.299999999999997,-0.9000000000000004,1
2.9000000000000057,12.300000000000011,-9.399999999999999,1.0300000000000011,0.009999999999999953,-0.04200000000000004,0.10000000000000142,2.299999999999997,0.9000000000000004,0
-10.400000000000006,-11.200000000000003,0.7999999999999989,4.689999999999998,0.0050000000000000044,-0.006999999999999951,6.100000000000001,-2.8999999999999986,3.5999999999999996,1
10.400000000000006,11.200000000000003,-0.7999999999999989,-4.689999999999998,-0.0050000000000000044,0.006999999999999951,-6.100000000000001,2.8999999999999986,-3.5999999999999996,0
-10.900000000000006,3.0,-13.8,-6.260000000000005,0.03700000000000003,0.067,1.3000000000000043,-0.5999999999999979,-2.700000000000001,0
10.900000000000006,-3.0,13.8,6.260000000000005,-0.03700000000000003,-0.067,-1.3000000000000043,0.5999999999999979,2.700000000000001,1
7.3999999999999915,-2.6000000000000085,10.0,-8.030000000000001,-0.01699999999999996,0.0030000000000000027,3.5,-9.7,-2.0999999999999996,1
-7.3999999999999915,2.6000000000000085,-10.0,8.030000000000001,0.01699999999999996,-0.0030000000000000027,-3.5,9.7,2.0999999999999996,0
-5.0,6.199999999999989,-11.200000000000001,1.1399999999999864,0.07300000000000001,0.12400000000000005,2.700000000000003,3.0,-1.8000000000000007,0
5.0,-6.199999999999989,11.200000000000001,-1.1399999999999864,-0.07300000000000001,-0.12400000000000005,-2.700000000000003,-3.0,1.8000000000000007,0
-3.799999999999997,6.199999999999989,-10.0,-4.1000000000000085,0.05700000000000005,0.069,-3.6999999999999957,-2.1999999999999993,-1.0999999999999996,1
3.799999999999997,-6.199999999999989,10.0,4.1000000000000085,-0.05700000000000005,-0.069,3.6999999999999957,2.1999999999999993,1.0999999999999996,0
9.5,-5.1000000000000085,14.599999999999998,0.6899999999999977,-0.01899999999999996,-0.06499999999999995,5.100000000000001,-2.3999999999999986,-1.700000000000001,1
-9.5,5.1000000000000085,-14.599999999999998,-0.6899999999999977,0.01899999999999996,0.06499999999999995,-5.100000000000001,2.3999999999999986,1.700000000000001,0
-5.6000000000000085,6.799999999999997,-12.4,0.9499999999999886,0.051000000000000045,0.08700000000000002,8.200000000000003,4.900000000000002,1.1999999999999993,0
5.6000000000000085,-6.799999999999997,12.4,-0.9499999999999886,-0.051000000000000045,-0.08700000000000002,-8.200000000000003,-4.900000000000002,-1.1999999999999993,1
-12.5,2.299999999999997,-14.8,-4.040000000000006,0.020000000000000018,0.03500000000000003,8.0,-2.1999999999999993,-0.3000000000000007,0
12.5,-2.299999999999997,14.8,4.040000000000006,-0.020000000000000018,-0.03500000000000003,-8.0,2.1999999999999993,0.3000000000000007,1
-7.5,-0.4000000000000057,-7.000000000000001,-6.460000000000008,0.010000000000000009,0.04700000000000004,0.30000000000000426,-2.3999999999999986,1.0,0
7.5,0.4000000000000057,7.000000000000001,6.460000000000008,-0.010000000000000009,-0.04700000000000004,-0.30000000000000426,2.3999999999999986,-1.0,1
-11.0,7.599999999999994,-18.6,-1.0800000000000125,0.03700000000000003,0.09800000000000003,3.5,1.0,-2.9000000000000004,0
11.0,-7.599999999999994,18.6,1.0800000000000125,-0.03700000000000003,-0.09800000000000003,-3.5,-1.0,2.9000000000000004,1
-2.9000000000000057,1.6999999999999886,-4.6000000000000005,1.1799999999999926,0.0050000000000000044,0.04300000000000004,6.100000000000001,1.5,-1.700000000000001,0
2.9000000000000057,-1.6999999999999886,4.6000000000000005,-1.1799999999999926,-0.0050000000000000044,-0.04300000000000004,-6.100000000000001,-1.5,1.700000000000001,1
12.899999999999991,-15.200000000000003,28.2,-1.1999999999999886,-0.03199999999999997,-0.01100000000000001,-9.200000000000003,-0.7999999999999972,0.0,1
-12.899999999999991,15.200000000000003,-28.2,1.1999999999999886,0.03199999999999997,0.01100000000000001,9.200000000000003,0.7999999999999972,0.0,0
5.3999999999999915,-14.099999999999994,19.6,4.52000000000001,-0.017000000000000015,-0.06,-3.0,-1.3999999999999986,4.5,1
-5.3999999999999915,14.099999999999994,-19.6,-4.52000000000001,0.017000000000000015,0.06,3.0,1.3999999999999986,-4.5,0
4.8999999999999915,0.10000000000000853,5.0,-6.429999999999993,0.015000000000000013,0.013999999999999957,-7.799999999999997,0.9000000000000021,-1.8000000000000007,1
-4.8999999999999915,-0.10000000000000853,-5.0,6.429999999999993,-0.015000000000000013,-0.013999999999999957,7.799999999999997,-0.9000000000000021,1.8000000000000007,0
23.19999999999999,-5.5,28.8,-8.199999999999989,-0.03899999999999998,-0.050000000000000044,-5.600000000000001,-8.2,-1.1999999999999993,1
-23.19999999999999,5.5,-28.8,8.199999999999989,0.03899999999999998,0.050000000000000044,5.600000000000001,8.2,1.1999999999999993,0
10.799999999999997,3.299999999999997,7.6,0.9699999999999989,0.05099999999999999,0.07100000000000001,-6.399999999999999,4.5,-0.9000000000000004,1
-10.799999999999997,-3.299999999999997,-7.6,-0.9699999999999989,-0.05099999999999999,-0.07100000000000001,6.399999999999999,-4.5,0.9000000000000004,0
12.0,3.299999999999997,8.8,-4.269999999999996,0.03500000000000003,0.01599999999999996,-12.799999999999997,-0.6999999999999993,-0.1999999999999993,1
-12.0,-3.299999999999997,-8.8,4.269999999999996,-0.03500000000000003,-0.01599999999999996,12.799999999999997,0.6999999999999993,0.1999999999999993,0
25.299999999999997,-8.0,33.4,0.5200000000000102,-0.04099999999999998,-0.118,-4.0,-0.8999999999999986,-0.8000000000000007,1
-25.299999999999997,8.0,-33.4,-0.5200000000000102,0.04099999999999998,0.118,4.0,0.8999999999999986,0.8000000000000007,0
10.199999999999989,3.9000000000000057,6.4,0.7800000000000011,0.029000000000000026,0.033999999999999975,-0.8999999999999986,6.400000000000002,2.0999999999999996,1
-10.199999999999989,-3.9000000000000057,-6.4,-0.7800000000000011,-0.029000000000000026,-0.033999999999999975,0.8999999999999986,-6.400000000000002,-2.0999999999999996,0
3.299999999999997,-0.5999999999999943,4.0,-4.209999999999994,-0.0020000000000000018,-0.018000000000000016,-1.1000000000000014,-0.6999999999999993,0.5999999999999996,1
-3.299999999999997,0.5999999999999943,-4.0,4.209999999999994,0.0020000000000000018,0.018000000000000016,1.1000000000000014,0.6999999999999993,-0.5999999999999996,0
8.299999999999997,-3.299999999999997,11.8,-6.6299999999999955,-0.01200000000000001,-0.006000000000000005,-8.799999999999997,-0.8999999999999986,1.9000000000000004,1
-8.299999999999997,3.299999999999997,-11.8,6.6299999999999955,0.01200000000000001,0.006000000000000005,8.799999999999997,0.8999999999999986,-1.9000000000000004,0
4.799999999999997,4.700000000000003,0.1999999999999993,-1.25,0.015000000000000013,0.044999999999999984,-5.600000000000001,2.5,-2.0,1
-4.799999999999997,-4.700000000000003,-0.1999999999999993,1.25,-0.015000000000000013,-0.044999999999999984,5.600000000000001,-2.5,2.0,0
12.899999999999991,-1.2000000000000028,14.2,1.0100000000000051,-0.017000000000000015,-0.010000000000000009,-3.0,3.0,-0.8000000000000007,1
-12.899999999999991,1.2000000000000028,-14.2,-1.0100000000000051,0.017000000000000015,0.010000000000000009,3.0,-3.0,0.8000000000000007,0
-7.5,1.1000000000000085,-8.6,5.719999999999999,0.014999999999999958,-0.04899999999999999,6.200000000000003,-0.6000000000000014,4.5,1
7.5,-1.1000000000000085,8.6,-5.719999999999999,-0.014999999999999958,0.04899999999999999,-6.200000000000003,0.6000000000000014,-4.5,0
-8.0,15.300000000000011,-23.2,-5.230000000000004,0.046999999999999986,0.024999999999999967,1.4000000000000057,1.6999999999999993,-1.8000000000000007,0
8.0,-15.300000000000011,23.2,5.230000000000004,-0.046999999999999986,-0.024999999999999967,-1.4000000000000057,-1.6999999999999993,1.8000000000000007,1
10.299999999999997,9.700000000000003,0.6000000000000014,-7.0,-0.007000000000000006,-0.039000000000000035,3.6000000000000014,-7.400000000000002,-1.1999999999999993,0
-10.299999999999997,-9.700000000000003,-0.6000000000000014,7.0,0.007000000000000006,0.039000000000000035,-3.6000000000000014,7.400000000000002,1.1999999999999993,0
-2.0999999999999943,18.5,-20.599999999999998,2.1699999999999875,0.08299999999999996,0.08200000000000002,2.8000000000000043,5.299999999999997,-0.9000000000000004,0
2.0999999999999943,-18.5,20.599999999999998,-2.1699999999999875,-0.08299999999999996,-0.08200000000000002,-2.8000000000000043,-5.299999999999997,0.9000000000000004,1
-0.8999999999999915,18.5,-19.4,-3.0700000000000074,0.067,0.02699999999999997,-3.5999999999999943,0.09999999999999787,-0.1999999999999993,0
0.8999999999999915,-18.5,19.4,3.0700000000000074,-0.067,-0.02699999999999997,3.5999999999999943,-0.09999999999999787,0.1999999999999993,1
12.400000000000006,7.200000000000003,5.199999999999999,1.7199999999999989,-0.009000000000000008,-0.10699999999999998,5.200000000000003,-0.10000000000000142,-0.8000000000000007,1
-12.400000000000006,-7.200000000000003,-5.199999999999999,-1.7199999999999989,0.009000000000000008,0.10699999999999998,-5.200000000000003,0.10000000000000142,0.8000000000000007,0
-2.700000000000003,19.10000000000001,-21.8,1.9799999999999898,0.061,0.044999999999999984,8.300000000000004,7.199999999999999,2.0999999999999996,0
2.700000000000003,-19.10000000000001,21.8,-1.9799999999999898,-0.061,-0.044999999999999984,-8.300000000000004,-7.199999999999999,-2.0999999999999996,1
-9.599999999999994,14.600000000000009,-24.2,-3.010000000000005,0.02999999999999997,-0.007000000000000006,8.100000000000001,0.09999999999999787,0.5999999999999996,0
9.599999999999994,-14.600000000000009,24.2,3.010000000000005,-0.02999999999999997,0.007000000000000006,-8.100000000000001,-0.09999999999999787,-0.5999999999999996,1
-4.599999999999994,11.900000000000006,-16.4,-5.430000000000007,0.019999999999999962,0.0050000000000000044,0.4000000000000057,-0.10000000000000142,1.9000000000000004,0
4.599999999999994,-11.900000000000006,16.4,5.430000000000007,-0.019999999999999962,-0.0050000000000000044,-0.4000000000000057,0.10000000000000142,-1.9000000000000004,1
-8.099999999999994,19.900000000000006,-28.0,-0.05000000000001137,0.046999999999999986,0.055999999999999994,3.6000000000000014,3.299999999999997,-2.0,0
8.099999999999994,-19.900000000000006,28.0,0.05000000000001137,-0.046999999999999986,-0.055999999999999994,-3.6000000000000014,-3.299999999999997,2.0,1
0.0,14.0,-14.0,2.2099999999999937,0.014999999999999958,0.0010000000000000009,6.200000000000003,3.799999999999997,-0.8000000000000007,0
0.0,-14.0,14.0,-2.2099999999999937,-0.014999999999999958,-0.0010000000000000009,-6.200000000000003,-3.799999999999997,0.8000000000000007,1
-0.5,14.200000000000003,-14.6,-10.950000000000003,0.03200000000000003,0.07399999999999995,-4.799999999999997,2.3000000000000007,-6.300000000000001,0
0.5,-14.200000000000003,14.6,10.950000000000003,-0.03200000000000003,-0.07399999999999995,4.799999999999997,-2.3000000000000007,6.300000000000001,1
17.799999999999997,8.599999999999994,9.200000000000001,-12.719999999999999,-0.021999999999999964,0.009999999999999953,-2.6000000000000014,-6.800000000000001,-5.699999999999999,0
-17.799999999999997,-8.599999999999994,-9.200000000000001,12.719999999999999,0.021999999999999964,-0.009999999999999953,2.6000000000000014,6.800000000000001,5.699999999999999,1
5.400000000000006,17.39999999999999,-12.0,-3.5500000000000114,0.068,0.131,-3.3999999999999986,5.899999999999999,-5.4,0
-5.400000000000006,-17.39999999999999,12.0,3.5500000000000114,-0.068,-0.131,3.3999999999999986,-5.899999999999999,5.4,1
6.6000000000000085,17.39999999999999,-10.799999999999999,-8.790000000000006,0.052000000000000046,0.07599999999999996,-9.799999999999997,0.6999999999999993,-4.699999999999999,0
-6.6000000000000085,-17.39999999999999,10.799999999999999,8.790000000000006,-0.052000000000000046,-0.07599999999999996,9.799999999999997,-0.6999999999999993,4.699999999999999,1
19.900000000000006,6.099999999999994,13.799999999999999,-4.0,-0.023999999999999966,-0.057999999999999996,-1.0,0.5,-5.300000000000001,0
-19.900000000000006,-6.099999999999994,-13.799999999999999,4.0,0.023999999999999966,0.057999999999999996,1.0,-0.5,5.300000000000001,0
4.799999999999997,18.0,-13.2,-3.740000000000009,0.04600000000000004,0.09399999999999997,2.1000000000000014,7.800000000000001,-2.4000000000000004,0
-4.799999999999997,-18.0,13.2,3.740000000000009,-0.04600000000000004,-0.09399999999999997,-2.1000000000000014,-7.800000000000001,2.4000000000000004,1
-2.0999999999999943,13.5,-15.6,-8.730000000000004,0.015000000000000013,0.04199999999999998,1.8999999999999986,0.6999999999999993,-3.9000000000000004,0
2.0999999999999943,-13.5,15.6,8.730000000000004,-0.015000000000000013,-0.04199999999999998,-1.8999999999999986,-0.6999999999999993,3.9000000000000004,1
2.9000000000000057,10.799999999999997,-7.8,-11.150000000000006,0.0050000000000000044,0.05399999999999999,-5.799999999999997,0.5,-2.5999999999999996,0
-2.9000000000000057,-10.799999999999997,7.8,11.150000000000006,-0.0050000000000000044,-0.05399999999999999,5.799999999999997,-0.5,2.5999999999999996,1
-0.5999999999999943,18.799999999999997,-19.4,-5.77000000000001,0.03200000000000003,0.10499999999999998,-2.6000000000000014,3.8999999999999986,-6.5,0
0.5999999999999943,-18.799999999999997,19.4,5.77000000000001,-0.03200000000000003,-0.10499999999999998,2.6000000000000014,-3.8999999999999986,6.5,1
7.5,12.899999999999991,-5.3999999999999995,-3.510000000000005,0.0,0.04999999999999999,0.0,4.399999999999999,-5.300000000000001,0
-7.5,-12.899999999999991,5.3999999999999995,3.510000000000005,0.0,-0.04999999999999999,0.0,-4.399999999999999,5.300000000000001,1
18.299999999999997,-5.6000000000000085,23.8,-1.769999999999996,-0.05399999999999999,-0.064,2.1999999999999957,-9.100000000000001,0.6000000000000014,1
-18.299999999999997,5.6000000000000085,-23.8,1.769999999999996,0.05399999999999999,0.064,-2.1999999999999957,9.100000000000001,-0.6000000000000014,0
5.900000000000006,3.1999999999999886,2.6,7.3999999999999915,0.035999999999999976,0.05700000000000005,1.3999999999999986,3.599999999999998,0.9000000000000004,1
-5.900000000000006,-3.1999999999999886,-2.6,-7.3999999999999915,-0.035999999999999976,-0.05700000000000005,-1.3999999999999986,-3.599999999999998,-0.9000000000000004,0
7.1000000000000085,3.1999999999999886,3.8,2.1599999999999966,0.020000000000000018,0.0020000000000000018,-5.0,-1.6000000000000014,1.6000000000000014,1
-7.1000000000000085,-3.1999999999999886,-3.8,-2.1599999999999966,-0.020000000000000018,-0.0020000000000000018,5.0,1.6000000000000014,-1.6000000000000014,0
20.400000000000006,-8.100000000000009,28.4,6.950000000000003,-0.055999999999999994,-0.13199999999999995,3.799999999999997,-1.8000000000000007,1.0,1
-20.400000000000006,8.100000000000009,-28.4,-6.950000000000003,0.055999999999999994,0.13199999999999995,-3.799999999999997,1.8000000000000007,-1.0,0
5.299999999999997,3.799999999999997,1.4,7.209999999999994,0.014000000000000012,0.020000000000000018,6.899999999999999,5.5,3.9000000000000004,1
-5.299999999999997,-3.799999999999997,-1.4,-7.209999999999994,-0.014000000000000012,-0.020000000000000018,-6.899999999999999,-5.5,-3.9000000000000004,0
-1.5999999999999943,-0.7000000000000028,-1.0,2.219999999999999,-0.017000000000000015,-0.03199999999999997,6.699999999999996,-1.6000000000000014,2.4000000000000004,1
1.5999999999999943,0.7000000000000028,1.0,-2.219999999999999,0.017000000000000015,0.03199999999999997,-6.699999999999996,1.6000000000000014,-2.4000000000000004,0
3.4000000000000057,-3.4000000000000057,6.8,-0.20000000000000284,-0.027000000000000024,-0.019999999999999962,-1.0,-1.8000000000000007,3.700000000000001,1
-3.4000000000000057,3.4000000000000057,-6.8,0.20000000000000284,0.027000000000000024,0.019999999999999962,1.0,1.8000000000000007,-3.700000000000001,0
-0.09999999999999432,4.599999999999994,-4.800000000000001,5.179999999999993,0.0,0.031000000000000028,2.1999999999999957,1.5999999999999979,-0.1999999999999993,1
0.09999999999999432,-4.599999999999994,4.800000000000001,-5.179999999999993,0.0,-0.031000000000000028,-2.1999999999999957,-1.5999999999999979,0.1999999999999993,0
8.0,-1.3000000000000114,9.2,7.439999999999998,-0.03200000000000003,-0.023999999999999966,4.799999999999997,2.099999999999998,1.0,1
-8.0,1.3000000000000114,-9.2,-7.439999999999998,0.03200000000000003,0.023999999999999966,-4.799999999999997,-2.099999999999998,-1.0,0
-12.399999999999991,8.799999999999997,-21.2,9.169999999999987,0.08999999999999997,0.12100000000000005,-0.7999999999999972,12.7,0.29999999999999893,0
12.399999999999991,-8.799999999999997,21.2,-9.169999999999987,-0.08999999999999997,-0.12100000000000005,0.7999999999999972,-12.7,-0.29999999999999893,1
-11.199999999999989,8.799999999999997,-20.0,3.9299999999999926,0.07400000000000001,0.066,-7.199999999999996,7.5,1.0,0
11.199999999999989,-8.799999999999997,20.0,-3.9299999999999926,-0.07400000000000001,-0.066,7.199999999999996,-7.5,-1.0,1
2.1000000000000085,-2.5,4.599999999999998,8.719999999999999,-0.0020000000000000018,-0.06799999999999995,1.6000000000000014,7.300000000000001,0.3999999999999986,1
-2.1000000000000085,2.5,-4.599999999999998,-8.719999999999999,0.0020000000000000018,0.06799999999999995,-1.6000000000000014,-7.300000000000001,-0.3999999999999986,0
-13.0,9.400000000000006,-22.400000000000002,8.97999999999999,0.068,0.08400000000000002,4.700000000000003,14.600000000000001,3.299999999999999,0
13.0,-9.400000000000006,22.400000000000002,-8.97999999999999,-0.068,-0.08400000000000002,-4.700000000000003,-14.600000000000001,-3.299999999999999,1
-19.89999999999999,4.900000000000006,-24.8,3.989999999999995,0.03699999999999998,0.03200000000000003,4.5,7.5,1.799999999999999,0
19.89999999999999,-4.900000000000006,24.8,-3.989999999999995,-0.03699999999999998,-0.03200000000000003,-4.5,-7.5,-1.799999999999999,1
-14.899999999999991,2.200000000000003,-17.0,1.5699999999999932,0.02699999999999997,0.04400000000000004,-3.1999999999999957,7.300000000000001,3.0999999999999996,0
14.899999999999991,-2.200000000000003,17.0,-1.5699999999999932,-0.02699999999999997,-0.04400000000000004,3.1999999999999957,-7.300000000000001,-3.0999999999999996,1
-18.39999999999999,10.200000000000003,-28.6,6.949999999999989,0.05399999999999999,0.09500000000000003,0.0,10.7,-0.8000000000000007,0
18.39999999999999,-10.200000000000003,28.6,-6.949999999999989,-0.05399999999999999,-0.09500000000000003,0.0,-10.7,0.8000000000000007,1
-10.299999999999997,4.299999999999997,-14.600000000000001,9.209999999999994,0.021999999999999964,0.040000000000000036,2.6000000000000014,11.2,0.3999999999999986,0
10.299999999999997,-4.299999999999997,14.600000000000001,-9.209999999999994,-0.021999999999999964,-0.040000000000000036,-2.6000000000000014,-11.2,-0.3999999999999986,1
1.2000000000000028,0.0,1.2,-5.239999999999995,-0.01599999999999996,-0.05500000000000005,-6.399999999999999,-5.199999999999999,0.7000000000000011,1
-1.2000000000000028,0.0,-1.2,5.239999999999995,0.01599999999999996,0.05500000000000005,6.399999999999999,5.199999999999999,-0.7000000000000011,0
14.5,-11.299999999999997,25.799999999999997,-0.44999999999998863,-0.09199999999999997,-0.189,2.3999999999999986,-5.399999999999999,0.09999999999999964,1
-14.5,11.299999999999997,-25.799999999999997,0.44999999999998863,0.09199999999999997,0.189,-2.3999999999999986,5.399999999999999,-0.09999999999999964,0
-0.6000000000000085,0.6000000000000085,-1.2000000000000002,-0.18999999999999773,-0.021999999999999964,-0.03700000000000003,5.5,1.9000000000000021,3.0,0
0.6000000000000085,-0.6000000000000085,1.2000000000000002,0.18999999999999773,0.021999999999999964,0.03700000000000003,-5.5,-1.9000000000000021,-3.0,1
-7.5,-3.8999999999999915,-3.6,-5.179999999999993,-0.05299999999999999,-0.08900000000000002,5.299999999999997,-5.199999999999999,1.5,0
7.5,3.8999999999999915,3.6,5.179999999999993,0.05299999999999999,0.08900000000000002,-5.299999999999997,5.199999999999999,-1.5,1
-2.5,-6.599999999999994,4.199999999999999,-7.599999999999994,-0.063,-0.07700000000000001,-2.3999999999999986,-5.399999999999999,2.8000000000000007,0
2.5,6.599999999999994,-4.199999999999999,7.599999999999994,0.063,0.07700000000000001,2.3999999999999986,5.399999999999999,-2.8000000000000007,1
-6.0,1.4000000000000057,-7.4,-2.219999999999999,-0.035999999999999976,-0.026000000000000023,0.7999999999999972,-2.0,-1.0999999999999996,0
6.0,-1.4000000000000057,7.4,2.219999999999999,0.035999999999999976,0.026000000000000023,-0.7999999999999972,2.0,1.0999999999999996,1
2.0999999999999943,-4.5,6.6,0.04000000000000625,-0.068,-0.08100000000000002,3.3999999999999986,-1.5,0.09999999999999964,0
-2.0999999999999943,4.5,-6.6,-0.04000000000000625,0.068,0.08100000000000002,-3.3999999999999986,1.5,-0.09999999999999964,1
13.299999999999997,-11.299999999999997,24.599999999999998,4.790000000000006,-0.07600000000000001,-0.13399999999999995,8.799999999999997,-0.1999999999999993,-0.6000000000000014,1
-13.299999999999997,11.299999999999997,-24.599999999999998,-4.790000000000006,0.07600000000000001,0.13399999999999995,-8.799999999999997,0.1999999999999993,0.6000000000000014,0
-1.8000000000000114,0.6000000000000085,-2.4000000000000004,5.049999999999997,-0.006000000000000005,0.018000000000000016,11.899999999999999,7.100000000000001,2.299999999999999,0
1.8000000000000114,-0.6000000000000085,2.4000000000000004,-5.049999999999997,0.006000000000000005,-0.018000000000000016,-11.899999999999999,-7.100000000000001,-2.299999999999999,1
-8.700000000000003,-3.8999999999999915,-4.8,0.060000000000002274,-0.03700000000000003,-0.033999999999999975,11.699999999999996,0.0,0.7999999999999989,0
8.700000000000003,3.8999999999999915,4.8,-0.060000000000002274,0.03700000000000003,0.033999999999999975,-11.699999999999996,0.0,-0.7999999999999989,1
-3.700000000000003,-6.599999999999994,3.0,-2.3599999999999994,-0.04700000000000004,-0.021999999999999964,4.0,-0.1999999999999993,2.0999999999999996,0
3.700000000000003,6.599999999999994,-3.0,2.3599999999999994,0.04700000000000004,0.021999999999999964,-4.0,0.1999999999999993,-2.0999999999999996,1
-7.200000000000003,1.4000000000000057,-8.600000000000001,3.019999999999996,-0.020000000000000018,0.029000000000000026,7.199999999999996,3.1999999999999993,-1.8000000000000007,0
7.200000000000003,-1.4000000000000057,8.600000000000001,-3.019999999999996,0.020000000000000018,-0.029000000000000026,-7.199999999999996,-3.1999999999999993,1.8000000000000007,1
0.8999999999999915,-4.5,5.4,5.280000000000001,-0.052000000000000046,-0.025999999999999968,9.799999999999997,3.6999999999999993,-0.6000000000000014,0
-0.8999999999999915,4.5,-5.4,-5.280000000000001,0.052000000000000046,0.025999999999999968,-9.799999999999997,-3.6999999999999993,0.6000000000000014,1
-15.100000000000009,11.900000000000006,-27.0,0.2599999999999909,0.07,0.15199999999999997,3.1000000000000014,7.300000000000001,2.9000000000000004,0
15.100000000000009,-11.900000000000006,27.0,-0.2599999999999909,-0.07,-0.15199999999999997,-3.1000000000000014,-7.300000000000001,-2.9000000000000004,1
-22.0,7.400000000000006,-29.4,-4.730000000000004,0.03899999999999998,0.09999999999999998,2.8999999999999986,0.1999999999999993,1.4000000000000004,0
22.0,-7.400000000000006,29.4,4.730000000000004,-0.03899999999999998,-0.09999999999999998,-2.8999999999999986,-0.1999999999999993,-1.4000000000000004,1
-17.0,4.700000000000003,-21.599999999999998,-7.150000000000006,0.02899999999999997,0.11199999999999999,-4.799999999999997,0.0,2.700000000000001,0
17.0,-4.700000000000003,21.599999999999998,7.150000000000006,-0.02899999999999997,-0.11199999999999999,4.799999999999997,0.0,-2.700000000000001,1
-20.5,12.700000000000003,-33.2,-1.7700000000000102,0.055999999999999994,0.16299999999999998,-1.6000000000000014,3.3999999999999986,-1.1999999999999993,0
20.5,-12.700000000000003,33.2,1.7700000000000102,-0.055999999999999994,-0.16299999999999998,1.6000000000000014,-3.3999999999999986,1.1999999999999993,1
-12.400000000000006,6.799999999999997,-19.2,0.4899999999999949,0.023999999999999966,0.10799999999999998,1.0,3.8999999999999986,0.0,0
12.400000000000006,-6.799999999999997,19.2,-0.4899999999999949,-0.023999999999999966,-0.10799999999999998,-1.0,-3.8999999999999986,0.0,1
-6.8999999999999915,-4.5,-2.4,-4.989999999999995,-0.031000000000000028,-0.05199999999999999,-0.20000000000000284,-7.100000000000001,-1.5,0
6.8999999999999915,4.5,2.4,4.989999999999995,0.031000000000000028,0.05199999999999999,0.20000000000000284,7.100000000000001,1.5,1
-1.8999999999999915,-7.200000000000003,5.4,-7.409999999999997,-0.041000000000000036,-0.03999999999999998,-7.899999999999999,-7.300000000000001,-0.1999999999999993,1
1.8999999999999915,7.200000000000003,-5.4,7.409999999999997,0.041000000000000036,0.03999999999999998,7.899999999999999,7.300000000000001,0.1999999999999993,0
-5.3999999999999915,0.7999999999999972,-6.200000000000001,-2.030000000000001,-0.014000000000000012,0.01100000000000001,-4.700000000000003,-3.900000000000002,-4.1,0
5.3999999999999915,-0.7999999999999972,6.200000000000001,2.030000000000001,0.014000000000000012,-0.01100000000000001,4.700000000000003,3.900000000000002,4.1,1
2.700000000000003,-5.1000000000000085,7.800000000000001,0.23000000000000398,-0.04600000000000004,-0.043999999999999984,-2.1000000000000014,-3.400000000000002,-2.9000000000000004,0
-2.700000000000003,5.1000000000000085,-7.800000000000001,-0.23000000000000398,0.04600000000000004,0.043999999999999984,2.1000000000000014,3.400000000000002,2.9000000000000004,0
5.0,-2.700000000000003,7.8,-2.4200000000000017,-0.010000000000000009,0.01200000000000001,-7.699999999999996,-0.1999999999999993,1.3000000000000007,1
-5.0,2.700000000000003,-7.8,2.4200000000000017,0.010000000000000009,-0.01200000000000001,7.699999999999996,0.1999999999999993,-1.3000000000000007,0
1.5,5.299999999999997,-3.8000000000000007,2.9599999999999937,0.017000000000000015,0.063,-4.5,3.1999999999999993,-2.5999999999999996,1
-1.5,-5.299999999999997,3.8000000000000007,-2.9599999999999937,-0.017000000000000015,-0.063,4.5,-3.1999999999999993,2.5999999999999996,0
9.599999999999994,-0.6000000000000085,10.2,5.219999999999999,-0.015000000000000013,0.008000000000000007,-1.8999999999999986,3.6999999999999993,-1.4000000000000004,1
-9.599999999999994,0.6000000000000085,-10.2,-5.219999999999999,0.015000000000000013,-0.008000000000000007,1.8999999999999986,-3.6999999999999993,1.4000000000000004,0
-3.5,8.0,-11.600000000000001,5.3799999999999955,0.027000000000000024,0.05099999999999999,3.1999999999999957,3.3999999999999986,-3.9000000000000004,0
3.5,-8.0,11.600000000000001,-5.3799999999999955,-0.027000000000000024,-0.05099999999999999,-3.1999999999999957,-3.3999999999999986,3.9000000000000004,1
4.599999999999994,2.0999999999999943,2.4000000000000004,7.640000000000001,-0.0050000000000000044,-0.0040000000000000036,5.799999999999997,3.8999999999999986,-2.700000000000001,0
-4.599999999999994,-2.0999999999999943,-2.4000000000000004,-7.640000000000001,0.0050000000000000044,0.0040000000000000036,-5.799999999999997,-3.8999999999999986,2.700000000000001,1
8.099999999999994,-5.900000000000006,14.0,2.260000000000005,-0.03200000000000003,-0.05499999999999999,2.6000000000000014,0.5,1.1999999999999993,1
-8.099999999999994,5.900000000000006,-14.0,-2.260000000000005,0.03200000000000003,0.05499999999999999,-2.6000000000000014,-0.5,-1.1999999999999993,0
-3.1000000000000085,-5.799999999999997,2.6,3.9099999999999966,-0.01899999999999996,-0.03899999999999998,-3.200000000000003,-1.4000000000000021,-1.1999999999999993,0
3.1000000000000085,5.799999999999997,-2.6,-3.9099999999999966,0.01899999999999996,0.03899999999999998,3.200000000000003,1.4000000000000021,1.1999999999999993,1
3.700000000000003,-2.799999999999997,6.4,5.340000000000003,-0.0040000000000000036,-0.025000000000000022,2.299999999999997,-6.100000000000001,0.6999999999999993,0
-3.700000000000003,2.799999999999997,-6.4,-5.340000000000003,0.0040000000000000036,0.025000000000000022,-2.299999999999997,6.100000000000001,-0.6999999999999993,0
-12.600000000000009,-4.099999999999994,-8.6,1.7800000000000011,-0.0030000000000000027,-0.04899999999999999,1.0999999999999943,-4.100000000000001,-0.1999999999999993,0
12.600000000000009,4.099999999999994,8.6,-1.7800000000000011,0.0030000000000000027,0.04899999999999999,-1.0999999999999943,4.100000000000001,0.1999999999999993,1
-10.900000000000006,2.4000000000000057,-13.4,-2.010000000000005,0.025000000000000022,-0.027000000000000024,-1.9000000000000057,1.0999999999999979,-1.0,0
10.900000000000006,-2.4000000000000057,13.4,2.010000000000005,-0.025000000000000022,0.027000000000000024,1.9000000000000057,-1.0999999999999979,1.0,1
-2.799999999999997,-1.2000000000000028,-1.7,1.769999999999996,-0.0010000000000000009,-0.0020000000000000018,-5.5,-1.3000000000000007,0.5,0
2.799999999999997,1.2000000000000028,1.7,-1.769999999999996,0.0010000000000000009,0.0020000000000000018,5.5,1.3000000000000007,-0.5,1
-7.200000000000003,-11.299999999999997,4.0,3.7900000000000063,-0.02899999999999997,-0.08900000000000002,1.5,1.3999999999999986,0.1999999999999993,1
7.200000000000003,11.299999999999997,-4.0,-3.7900000000000063,0.02899999999999997,0.08900000000000002,-1.5,-1.3999999999999986,-0.1999999999999993,0
-0.6000000000000085,-1.2999999999999972,0.6000000000000001,8.030000000000001,-0.022999999999999965,-0.07500000000000001,3.6999999999999957,1.0999999999999979,0.9000000000000004,0
0.6000000000000085,1.2999999999999972,-0.6000000000000001,-8.030000000000001,0.022999999999999965,0.07500000000000001,-3.6999999999999957,-1.0999999999999979,-0.9000000000000004,1
-2.6000000000000085,-11.5,8.8,12.420000000000002,-0.02799999999999997,-0.09599999999999997,1.2999999999999972,4.899999999999999,1.6999999999999993,0
2.6000000000000085,11.5,-8.8,-12.420000000000002,0.02799999999999997,0.09599999999999997,-1.2999999999999972,-4.899999999999999,-1.6999999999999993,0
4.0,4.0,-0.09999999999999998,8.340000000000003,0.017000000000000015,-0.03799999999999998,-0.5,3.1999999999999993,-1.3000000000000007,0
-4.0,-4.0,0.09999999999999998,-8.340000000000003,-0.017000000000000015,0.03799999999999998,0.5,-3.1999999999999993,1.3000000000000007,0
2.299999999999997,-6.0,8.2,-0.5300000000000011,-0.0020000000000000018,0.030000000000000027,-4.100000000000001,4.599999999999998,-1.8000000000000007,1
-2.299999999999997,6.0,-8.2,0.5300000000000011,0.0020000000000000018,-0.030000000000000027,4.100000000000001,-4.599999999999998,1.8000000000000007,0
7.299999999999997,-9.200000000000003,16.4,-3.2099999999999937,-0.02999999999999997,-0.08900000000000002,-5.200000000000003,-6.100000000000001,0.5,1
-7.299999999999997,9.200000000000003,-16.4,3.2099999999999937,0.02999999999999997,0.08900000000000002,5.200000000000003,6.100000000000001,-0.5,0
-5.5,-3.8999999999999915,-1.7,4.950000000000003,-0.008000000000000007,-0.068,1.5,-1.1999999999999993,-0.8000000000000007,0
5.5,3.8999999999999915,1.7,-4.950000000000003,0.008000000000000007,0.068,-1.5,1.1999999999999993,0.8000000000000007,1
3.0999999999999943,-2.3999999999999915,5.4,5.769999999999996,-0.01200000000000001,-0.127,1.2999999999999972,-0.8000000000000007,-0.5,0
-3.0999999999999943,2.3999999999999915,-5.4,-5.769999999999996,0.01200000000000001,0.127,-1.2999999999999972,0.8000000000000007,0.5,1
2.0999999999999943,-2.700000000000003,4.7,5.719999999999999,-0.022999999999999965,-0.035999999999999976,0.5,-0.5,1.5,0
-2.0999999999999943,2.700000000000003,-4.7,-5.719999999999999,0.022999999999999965,0.035999999999999976,-0.5,0.5,-1.5,1
-2.9000000000000057,-2.799999999999997,-0.2,1.4899999999999949,-0.0050000000000000044,-0.05099999999999999,0.5,-3.8000000000000007,-1.5999999999999996,0
2.9000000000000057,2.799999999999997,0.2,-1.4899999999999949,0.0050000000000000044,0.05099999999999999,-0.5,3.8000000000000007,1.5999999999999996,1
6.800000000000011,3.0,3.8000000000000003,1.4300000000000068,0.014999999999999958,0.013999999999999957,5.5,-4.699999999999999,1.8999999999999986,1
-6.800000000000011,-3.0,-3.8000000000000003,-1.4300000000000068,-0.014999999999999958,-0.013999999999999957,-5.5,4.699999999999999,-1.8999999999999986,0
-9.5,1.7000000000000028,-11.2,-2.1299999999999955,0.01599999999999996,-0.010000000000000009,4.299999999999997,-2.6999999999999993,1.0,0
9.5,-1.7000000000000028,11.2,2.1299999999999955,-0.01599999999999996,0.010000000000000009,-4.299999999999997,2.6999999999999993,-1.0,1
-7.799999999999997,8.200000000000003,-16.0,-5.920000000000002,0.043999999999999984,0.011999999999999955,1.2999999999999972,2.5,0.1999999999999993,0
7.799999999999997,-8.200000000000003,16.0,5.920000000000002,-0.043999999999999984,-0.011999999999999955,-1.2999999999999972,-2.5,-0.1999999999999993,1
0.30000000000001137,4.599999999999994,-4.3,-2.1400000000000006,0.01799999999999996,0.03699999999999998,-2.299999999999997,0.10000000000000142,1.6999999999999993,0
-0.30000000000001137,-4.599999999999994,4.3,2.1400000000000006,-0.01799999999999996,-0.03699999999999998,2.299999999999997,-0.10000000000000142,-1.6999999999999993,1
-4.099999999999994,-5.5,1.4,-0.11999999999999034,-0.010000000000000009,-0.050000000000000044,4.700000000000003,2.8000000000000007,1.3999999999999986,1
4.099999999999994,5.5,-1.4,0.11999999999999034,0.010000000000000009,0.050000000000000044,-4.700000000000003,-2.8000000000000007,-1.3999999999999986,0
2.5,4.5,-2.0,4.1200000000000045,-0.0040000000000000036,-0.03600000000000003,6.899999999999999,2.5,2.0999999999999996,1
-2.5,-4.5,2.0,-4.1200000000000045,0.0040000000000000036,0.03600000000000003,-6.899999999999999,-2.5,-2.0999999999999996,0
0.5,-5.700000000000003,6.200000000000001,8.510000000000005,-0.009000000000000008,-0.056999999999999995,4.5,6.300000000000001,2.8999999999999986,1
-0.5,5.700000000000003,-6.200000000000001,-8.510000000000005,0.009000000000000008,0.056999999999999995,-4.5,-6.300000000000001,-2.8999999999999986,0
7.1000000000000085,9.799999999999997,-2.7,4.430000000000007,0.035999999999999976,0.0010000000000000009,2.700000000000003,4.600000000000001,-0.10000000000000142,1
-7.1000000000000085,-9.799999999999997,2.7,-4.430000000000007,-0.035999999999999976,-0.0010000000000000009,-2.700000000000003,-4.600000000000001,0.10000000000000142,0
5.400000000000006,-0.20000000000000284,5.6,-4.439999999999998,0.01699999999999996,0.069,-0.8999999999999986,6.0,-0.6000000000000014,1
-5.400000000000006,0.20000000000000284,-5.6,4.439999999999998,-0.01699999999999996,-0.069,0.8999999999999986,-6.0,0.6000000000000014,0
10.400000000000006,-3.4000000000000057,13.799999999999999,-7.11999999999999,-0.01100000000000001,-0.050000000000000044,-2.0,-4.699999999999999,1.6999999999999993,1
-10.400000000000006,3.4000000000000057,-13.799999999999999,7.11999999999999,0.01100000000000001,0.050000000000000044,2.0,4.699999999999999,-1.6999999999999993,0
-2.3999999999999915,1.9000000000000057,-4.3,1.0400000000000063,0.010999999999999954,-0.029000000000000026,4.700000000000003,0.20000000000000284,0.3999999999999986,0
2.3999999999999915,-1.9000000000000057,4.3,-1.0400000000000063,-0.010999999999999954,0.029000000000000026,-4.700000000000003,-0.20000000000000284,-0.3999999999999986,0
6.200000000000003,3.4000000000000057,2.8000000000000003,1.8599999999999994,0.006999999999999951,-0.08800000000000002,4.5,0.6000000000000014,0.6999999999999993,1
-6.200000000000003,-3.4000000000000057,-2.8000000000000003,-1.8599999999999994,-0.006999999999999951,0.08800000000000002,-4.5,-0.6000000000000014,-0.6999999999999993,0
5.200000000000003,3.0999999999999943,2.1,1.8100000000000023,-0.0040000000000000036,0.0030000000000000027,3.700000000000003,0.9000000000000021,2.6999999999999993,1
-5.200000000000003,-3.0999999999999943,-2.1,-1.8100000000000023,0.0040000000000000036,-0.0030000000000000027,-3.700000000000003,-0.9000000000000021,-2.6999999999999993,0
0.20000000000000284,3.0,-2.8000000000000003,-2.4200000000000017,0.013999999999999957,-0.01200000000000001,3.700000000000003,-2.3999999999999986,-0.40000000000000036,0
-0.20000000000000284,-3.0,2.8000000000000003,2.4200000000000017,-0.013999999999999957,0.01200000000000001,-3.700000000000003,2.3999999999999986,0.40000000000000036,1
-16.30000000000001,-1.2999999999999972,-15.0,-3.5600000000000023,0.0010000000000000009,-0.023999999999999966,-1.2000000000000028,2.0,-0.8999999999999986,0
16.30000000000001,1.2999999999999972,15.0,3.5600000000000023,-0.0010000000000000009,0.023999999999999966,1.2000000000000028,-2.0,0.8999999999999986,1
-14.600000000000009,5.200000000000003,-19.8,-7.3500000000000085,0.029000000000000026,-0.0020000000000000018,-4.200000000000003,7.199999999999999,-1.6999999999999993,0
14.600000000000009,-5.200000000000003,19.8,7.3500000000000085,-0.029000000000000026,0.0020000000000000018,4.200000000000003,-7.199999999999999,1.6999999999999993,1
-6.5,1.5999999999999943,-8.1,-3.5700000000000074,0.0030000000000000027,0.02300000000000002,-7.799999999999997,4.800000000000001,-0.1999999999999993,0
6.5,-1.5999999999999943,8.1,3.5700000000000074,-0.0030000000000000027,-0.02300000000000002,7.799999999999997,-4.800000000000001,0.1999999999999993,1
-10.900000000000006,-8.5,-2.4000000000000004,-1.5499999999999972,-0.024999999999999967,-0.064,-0.7999999999999972,7.5,-0.5,1
10.900000000000006,8.5,2.4000000000000004,1.5499999999999972,0.024999999999999967,0.064,0.7999999999999972,-7.5,0.5,0
-4.300000000000011,1.5,-5.800000000000001,2.6899999999999977,-0.01899999999999996,-0.04999999999999999,1.3999999999999986,7.199999999999999,0.20000000000000107,0
4.300000000000011,-1.5,5.800000000000001,-2.6899999999999977,0.01899999999999996,0.04999999999999999,-1.3999999999999986,-7.199999999999999,-0.20000000000000107,1
-6.300000000000011,-8.700000000000003,2.4000000000000004,7.079999999999998,-0.023999999999999966,-0.07099999999999995,-1.0,11.0,1.0,0
6.300000000000011,8.700000000000003,-2.4000000000000004,-7.079999999999998,0.023999999999999966,0.07099999999999995,1.0,-11.0,-1.0,0
0.29999999999999716,6.799999999999997,-6.5,3.0,0.02100000000000002,-0.012999999999999956,-2.799999999999997,9.3,-2.0,0
-0.29999999999999716,-6.799999999999997,6.5,-3.0,-0.02100000000000002,0.012999999999999956,2.799999999999997,-9.3,2.0,0
-1.4000000000000057,-3.200000000000003,1.799999999999999,-5.8700000000000045,0.0020000000000000018,0.05500000000000005,-6.399999999999999,10.7,-2.5,1
1.4000000000000057,3.200000000000003,-1.799999999999999,5.8700000000000045,-0.0020000000000000018,-0.05500000000000005,6.399999999999999,-10.7,2.5,0
3.5999999999999943,-6.400000000000006,9.999999999999998,-8.549999999999997,-0.025999999999999968,-0.064,-7.5,0.0,-0.1999999999999993,1
-3.5999999999999943,6.400000000000006,-9.999999999999998,8.549999999999997,0.025999999999999968,0.064,7.5,0.0,0.1999999999999993,0
-9.200000000000003,-1.0999999999999943,-8.1,-0.39000000000000057,-0.0040000000000000036,-0.04299999999999998,-0.7999999999999972,4.900000000000002,-1.5,0
9.200000000000003,1.0999999999999943,8.1,0.39000000000000057,0.0040000000000000036,0.04299999999999998,0.7999999999999972,-4.900000000000002,1.5,1
-0.6000000000000085,0.4000000000000057,-1.0,0.4299999999999926,-0.008000000000000007,-0.10199999999999998,-1.0,5.300000000000001,-1.1999999999999993,0
0.6000000000000085,-0.4000000000000057,1.0,-0.4299999999999926,0.008000000000000007,0.10199999999999998,1.0,-5.300000000000001,1.1999999999999993,1
-1.6000000000000085,0.09999999999999432,-1.7000000000000002,0.37999999999999545,-0.01899999999999996,-0.010999999999999954,-1.7999999999999972,5.600000000000001,0.8000000000000007,0
1.6000000000000085,-0.09999999999999432,1.7000000000000002,-0.37999999999999545,0.01899999999999996,0.010999999999999954,1.7999999999999972,-5.600000000000001,-0.8000000000000007,1
-6.6000000000000085,0.0,-6.6000000000000005,-3.8500000000000085,-0.0010000000000000009,-0.025999999999999968,-1.7999999999999972,2.3000000000000007,-2.299999999999999,0
6.6000000000000085,0.0,6.6000000000000005,3.8500000000000085,0.0010000000000000009,0.025999999999999968,1.7999999999999972,-2.3000000000000007,2.299999999999999,1
1.7000000000000028,6.5,-4.800000000000001,-3.7900000000000063,0.028000000000000025,0.021999999999999964,-3.0,5.199999999999999,-0.8000000000000007,0
-1.7000000000000028,-6.5,4.800000000000001,3.7900000000000063,-0.028000000000000025,-0.021999999999999964,3.0,-5.199999999999999,0.8000000000000007,1
9.800000000000011,2.8999999999999915,6.8999999999999995,-0.010000000000005116,0.0020000000000000018,0.046999999999999986,-6.599999999999994,2.8000000000000007,0.6999999999999993,1
-9.800000000000011,-2.8999999999999915,-6.8999999999999995,0.010000000000005116,-0.0020000000000000018,-0.046999999999999986,6.599999999999994,-2.8000000000000007,-0.6999999999999993,0
5.400000000000006,-7.200000000000003,12.6,2.010000000000005,-0.025999999999999968,-0.040000000000000036,0.4000000000000057,5.5,0.3999999999999986,1
-5.400000000000006,7.200000000000003,-12.6,-2.010000000000005,0.025999999999999968,0.040000000000000036,-0.4000000000000057,-5.5,-0.3999999999999986,0
12.0,2.799999999999997,9.2,6.25,-0.019999999999999962,-0.026000000000000023,2.6000000000000014,5.199999999999999,1.0999999999999996,1
-12.0,-2.799999999999997,-9.2,-6.25,0.019999999999999962,0.026000000000000023,-2.6000000000000014,-5.199999999999999,-1.0999999999999996,0
10.0,-7.400000000000006,17.4,10.64,-0.024999999999999967,-0.046999999999999986,0.20000000000000284,9.0,1.8999999999999986,1
-10.0,7.400000000000006,-17.4,-10.64,0.024999999999999967,0.046999999999999986,-0.20000000000000284,-9.0,-1.8999999999999986,0
16.60000000000001,8.099999999999994,8.5,6.560000000000002,0.020000000000000018,0.01100000000000001,-1.5999999999999943,7.300000000000001,-1.1000000000000014,1
-16.60000000000001,-8.099999999999994,-8.5,-6.560000000000002,-0.020000000000000018,-0.01100000000000001,1.5999999999999943,-7.300000000000001,1.1000000000000014,0
14.900000000000006,-1.9000000000000057,16.799999999999997,-2.3100000000000023,0.0010000000000000009,0.07900000000000001,-5.199999999999996,8.7,-1.6000000000000014,1
-14.900000000000006,1.9000000000000057,-16.799999999999997,2.3100000000000023,-0.0010000000000000009,-0.07900000000000001,5.199999999999996,-8.7,1.6000000000000014,0
19.900000000000006,-5.1000000000000085,25.0,-4.989999999999995,-0.02699999999999997,-0.040000000000000036,-6.299999999999997,-2.0,0.6999999999999993,1
-19.900000000000006,5.1000000000000085,-25.0,4.989999999999995,0.02699999999999997,0.040000000000000036,6.299999999999997,2.0,-0.6999999999999993,0
7.1000000000000085,0.20000000000000284,6.8999999999999995,3.1700000000000017,-0.0050000000000000044,-0.019000000000000017,0.4000000000000057,2.900000000000002,-0.6000000000000014,1
-7.1000000000000085,-0.20000000000000284,-6.8999999999999995,-3.1700000000000017,0.0050000000000000044,0.019000000000000017,-0.4000000000000057,-2.900000000000002,0.6000000000000014,0
15.700000000000003,1.7000000000000028,14.0,3.989999999999995,-0.009000000000000008,-0.07800000000000001,0.20000000000000284,3.3000000000000007,-0.3000000000000007,1
-15.700000000000003,-1.7000000000000028,-14.0,-3.989999999999995,0.009000000000000008,0.07800000000000001,-0.20000000000000284,-3.3000000000000007,0.3000000000000007,0
14.700000000000003,1.3999999999999915,13.3,3.9399999999999977,-0.019999999999999962,0.013000000000000012,-0.5999999999999943,3.6000000000000014,1.6999999999999993,1
-14.700000000000003,-1.3999999999999915,-13.3,-3.9399999999999977,0.019999999999999962,-0.013000000000000012,0.5999999999999943,-3.6000000000000014,-1.6999999999999993,0
9.700000000000003,1.2999999999999972,8.4,-0.29000000000000625,-0.0020000000000000018,-0.0020000000000000018,-0.5999999999999943,0.3000000000000007,-1.4000000000000004,1
-9.700000000000003,-1.2999999999999972,-8.4,0.29000000000000625,0.0020000000000000018,0.0020000000000000018,0.5999999999999943,-0.3000000000000007,1.4000000000000004,0
8.100000000000009,-3.6000000000000085,11.700000000000001,3.780000000000001,-0.026000000000000023,0.025000000000000022,-3.5999999999999943,-2.3999999999999986,1.5,1
-8.100000000000009,3.6000000000000085,-11.700000000000001,-3.780000000000001,0.026000000000000023,-0.025000000000000022,3.5999999999999943,2.3999999999999986,-1.5,0
3.700000000000003,-13.700000000000003,17.4,5.800000000000011,-0.05399999999999999,-0.062,3.4000000000000057,0.3000000000000007,1.1999999999999993,1
-3.700000000000003,13.700000000000003,-17.4,-5.800000000000011,0.05399999999999999,0.062,-3.4000000000000057,-0.3000000000000007,-1.1999999999999993,0
10.299999999999997,-3.700000000000003,14.0,10.040000000000006,-0.04799999999999999,-0.04799999999999999,5.600000000000001,0.0,1.9000000000000004,1
-10.299999999999997,3.700000000000003,-14.0,-10.040000000000006,0.04799999999999999,0.04799999999999999,-5.600000000000001,0.0,-1.9000000000000004,0
8.299999999999997,-13.900000000000006,22.200000000000003,14.430000000000007,-0.05299999999999999,-0.06899999999999995,3.200000000000003,3.8000000000000007,2.6999999999999993,1
-8.299999999999997,13.900000000000006,-22.200000000000003,-14.430000000000007,0.05299999999999999,0.06899999999999995,-3.200000000000003,-3.8000000000000007,-2.6999999999999993,0
14.900000000000006,1.5999999999999943,13.3,10.350000000000009,-0.008000000000000007,-0.010999999999999954,1.4000000000000057,2.1000000000000014,-0.3000000000000007,1
-14.900000000000006,-1.5999999999999943,-13.3,-10.350000000000009,0.008000000000000007,0.010999999999999954,-1.4000000000000057,-2.1000000000000014,0.3000000000000007,0
13.200000000000003,-8.400000000000006,21.6,1.480000000000004,-0.027000000000000024,0.05700000000000005,-2.1999999999999957,3.5,-0.8000000000000007,1
-13.200000000000003,8.400000000000006,-21.6,-1.480000000000004,0.027000000000000024,-0.05700000000000005,2.1999999999999957,-3.5,0.8000000000000007,0
18.200000000000003,-11.600000000000009,29.799999999999997,-1.1999999999999886,-0.05499999999999999,-0.062,-3.299999999999997,-7.199999999999999,1.5,1
-18.200000000000003,11.600000000000009,-29.799999999999997,1.1999999999999886,0.05499999999999999,0.062,3.299999999999997,7.199999999999999,-1.5,0
5.400000000000006,-6.299999999999997,11.700000000000001,6.960000000000008,-0.03300000000000003,-0.04099999999999998,3.4000000000000057,-2.299999999999997,0.1999999999999993,1
-5.400000000000006,6.299999999999997,-11.700000000000001,-6.960000000000008,0.03300000000000003,0.04099999999999998,-3.4000000000000057,2.299999999999997,-0.1999999999999993,0
14.0,-4.799999999999997,18.8,7.780000000000001,-0.03700000000000003,-0.09999999999999998,3.200000000000003,-1.8999999999999986,0.5,1
-14.0,4.799999999999997,-18.8,-7.780000000000001,0.03700000000000003,0.09999999999999998,-3.200000000000003,1.8999999999999986,-0.5,0
13.0,-5.1000000000000085,18.1,7.730000000000004,-0.04799999999999999,-0.008999999999999952,2.4000000000000057,-1.5999999999999979,2.5,1
-13.0,5.1000000000000085,-18.1,-7.730000000000004,0.04799999999999999,0.008999999999999952,-2.4000000000000057,1.5999999999999979,-2.5,0
8.0,-5.200000000000003,13.200000000000001,3.5,-0.030000000000000027,-0.023999999999999966,2.4000000000000057,-4.899999999999999,-0.5999999999999996,1
-8.0,5.200000000000003,-13.200000000000001,-3.5,0.030000000000000027,0.023999999999999966,-2.4000000000000057,4.899999999999999,0.5999999999999996,0
-4.400000000000006,-10.099999999999994,5.7,2.0200000000000102,-0.02799999999999997,-0.08700000000000002,7.0,2.6999999999999993,-0.3000000000000007,1
4.400000000000006,10.099999999999994,-5.7,-2.0200000000000102,0.02799999999999997,0.08700000000000002,-7.0,-2.6999999999999993,0.3000000000000007,0
2.1999999999999886,-0.09999999999999432,2.3,6.260000000000005,-0.021999999999999964,-0.07300000000000001,9.199999999999996,2.3999999999999986,0.40000000000000036,1
-2.1999999999999886,0.09999999999999432,-2.3,-6.260000000000005,0.021999999999999964,0.07300000000000001,-9.199999999999996,-2.3999999999999986,-0.40000000000000036,0
0.19999999999998863,-10.299999999999997,10.5,10.650000000000006,-0.02699999999999997,-0.09399999999999997,6.799999999999997,6.199999999999999,1.1999999999999993,1
-0.19999999999998863,10.299999999999997,-10.5,-10.650000000000006,0.02699999999999997,0.09399999999999997,-6.799999999999997,-6.199999999999999,-1.1999999999999993,0
6.799999999999997,5.200000000000003,1.6,6.570000000000007,0.018000000000000016,-0.035999999999999976,5.0,4.5,-1.8000000000000007,1
-6.799999999999997,-5.200000000000003,-1.6,-6.570000000000007,-0.018000000000000016,0.035999999999999976,-5.0,-4.5,1.8000000000000007,0
5.099999999999994,-4.799999999999997,9.899999999999999,-2.299999999999997,-0.0010000000000000009,0.03200000000000003,1.3999999999999986,5.899999999999999,-2.3000000000000007,1
-5.099999999999994,4.799999999999997,-9.899999999999999,2.299999999999997,0.0010000000000000009,-0.03200000000000003,-1.3999999999999986,-5.899999999999999,2.3000000000000007,0
10.099999999999994,-8.0,18.099999999999998,-4.97999999999999,-0.02899999999999997,-0.08700000000000002,0.29999999999999716,-4.800000000000001,0.0,1
-10.099999999999994,8.0,-18.099999999999998,4.97999999999999,0.02899999999999997,0.08700000000000002,-0.29999999999999716,4.800000000000001,0.0,0
-2.700000000000003,-2.6999999999999886,0.0,3.180000000000007,-0.007000000000000006,-0.066,7.0,0.10000000000000142,-1.3000000000000007,1
2.700000000000003,2.6999999999999886,0.0,-3.180000000000007,0.007000000000000006,0.066,-7.0,-0.10000000000000142,1.3000000000000007,0
5.8999999999999915,-1.1999999999999886,7.1000000000000005,4.0,-0.01100000000000001,-0.125,6.799999999999997,0.5,-1.0,1
-5.8999999999999915,1.1999999999999886,-7.1000000000000005,-4.0,0.01100000000000001,0.125,-6.799999999999997,-0.5,1.0,0
4.8999999999999915,-1.5,6.4,3.950000000000003,-0.021999999999999964,-0.033999999999999975,6.0,0.8000000000000007,1.0,1
-4.8999999999999915,1.5,-6.4,-3.950000000000003,0.021999999999999964,0.033999999999999975,-6.0,-0.8000000000000007,-1.0,0
-0.10000000000000853,-1.5999999999999943,1.5,-0.28000000000000114,-0.0040000000000000036,-0.04899999999999999,6.0,-2.5,-2.0999999999999996,1
0.10000000000000853,1.5999999999999943,-1.5,0.28000000000000114,0.0040000000000000036,0.04899999999999999,-6.0,2.5,2.0999999999999996,0
6.599999999999994,10.0,-3.4,4.239999999999995,0.006000000000000005,0.014000000000000012,2.1999999999999957,-0.3000000000000007,0.7000000000000011,0
-6.599999999999994,-10.0,3.4,-4.239999999999995,-0.006000000000000005,-0.014000000000000012,-2.1999999999999957,0.3000000000000007,-0.7000000000000011,1
4.599999999999994,-0.20000000000000284,4.800000000000001,8.629999999999995,0.0010000000000000009,-0.006999999999999951,-0.20000000000000284,3.5,1.5,0
-4.599999999999994,0.20000000000000284,-4.800000000000001,-8.629999999999995,-0.0010000000000000009,0.006999999999999951,0.20000000000000284,-3.5,-1.5,1
11.200000000000003,15.299999999999997,-4.1,4.549999999999997,0.045999999999999985,0.051000000000000045,-2.0,1.8000000000000007,-1.5,0
-11.200000000000003,-15.299999999999997,4.1,-4.549999999999997,-0.045999999999999985,-0.051000000000000045,2.0,-1.8000000000000007,1.5,1
9.5,5.299999999999997,4.199999999999999,-4.320000000000007,0.02699999999999997,0.11900000000000005,-5.600000000000001,3.1999999999999993,-2.0,0
-9.5,-5.299999999999997,-4.199999999999999,4.320000000000007,-0.02699999999999997,-0.11900000000000005,5.600000000000001,-3.1999999999999993,2.0,1
14.5,2.0999999999999943,12.399999999999999,-7.0,-0.0010000000000000009,0.0,-6.700000000000003,-7.5,0.3000000000000007,0
-14.5,-2.0999999999999943,-12.399999999999999,7.0,0.0010000000000000009,0.0,6.700000000000003,7.5,-0.3000000000000007,0
1.7000000000000028,7.400000000000006,-5.7,1.1599999999999966,0.020999999999999963,0.02100000000000002,0.0,-2.599999999999998,-1.0,0
-1.7000000000000028,-7.400000000000006,5.7,-1.1599999999999966,-0.020999999999999963,-0.02100000000000002,0.0,2.599999999999998,1.0,1
10.299999999999997,8.900000000000006,1.4000000000000004,1.9799999999999898,0.01699999999999996,-0.03799999999999998,-0.20000000000000284,-2.1999999999999993,-0.6999999999999993,0
-10.299999999999997,-8.900000000000006,-1.4000000000000004,-1.9799999999999898,-0.01699999999999996,0.03799999999999998,0.20000000000000284,2.1999999999999993,0.6999999999999993,1
9.299999999999997,8.599999999999994,0.7000000000000002,1.9299999999999926,0.006000000000000005,0.05300000000000005,-1.0,-1.8999999999999986,1.3000000000000007,0
-9.299999999999997,-8.599999999999994,-0.7000000000000002,-1.9299999999999926,-0.006000000000000005,-0.05300000000000005,1.0,1.8999999999999986,-1.3000000000000007,1
4.299999999999997,8.5,-4.2,-2.3000000000000114,0.023999999999999966,0.038000000000000034,-1.0,-5.199999999999999,-1.799999999999999,0
-4.299999999999997,-8.5,4.2,2.3000000000000114,-0.023999999999999966,-0.038000000000000034,1.0,5.199999999999999,1.799999999999999,1
-2.0,-10.200000000000003,8.200000000000001,4.390000000000001,-0.0050000000000000044,-0.020999999999999963,-2.3999999999999986,3.8000000000000007,0.7999999999999989,1
2.0,10.200000000000003,-8.200000000000001,-4.390000000000001,0.0050000000000000044,0.020999999999999963,2.3999999999999986,-3.8000000000000007,-0.7999999999999989,0
4.6000000000000085,5.299999999999997,-0.7000000000000001,0.3100000000000023,0.03999999999999998,0.03700000000000003,-4.199999999999996,2.1000000000000014,-2.200000000000001,1
-4.6000000000000085,-5.299999999999997,0.7000000000000001,-0.3100000000000023,-0.03999999999999998,-0.03700000000000003,4.199999999999996,-2.1000000000000014,2.200000000000001,0
2.9000000000000057,-4.700000000000003,7.6,-8.560000000000002,0.020999999999999963,0.10500000000000004,-7.799999999999997,3.5,-2.700000000000001,1
-2.9000000000000057,4.700000000000003,-7.6,8.560000000000002,-0.020999999999999963,-0.10500000000000004,7.799999999999997,-3.5,2.700000000000001,0
7.900000000000006,-7.900000000000006,15.799999999999999,-11.239999999999995,-0.007000000000000006,-0.014000000000000012,-8.899999999999999,-7.199999999999999,-0.40000000000000036,1
-7.900000000000006,7.900000000000006,-15.799999999999999,11.239999999999995,0.007000000000000006,0.014000000000000012,8.899999999999999,7.199999999999999,0.40000000000000036,0
-4.8999999999999915,-2.5999999999999943,-2.3,-3.0799999999999983,0.014999999999999958,0.007000000000000006,-2.1999999999999957,-2.299999999999997,-1.700000000000001,0
4.8999999999999915,2.5999999999999943,2.3,3.0799999999999983,-0.014999999999999958,-0.007000000000000006,2.1999999999999957,2.299999999999997,1.700000000000001,1
3.700000000000003,-1.0999999999999943,4.800000000000001,-2.260000000000005,0.010999999999999954,-0.05199999999999999,-2.3999999999999986,-1.8999999999999986,-1.4000000000000004,1
-3.700000000000003,1.0999999999999943,-4.800000000000001,2.260000000000005,-0.010999999999999954,0.05199999999999999,2.3999999999999986,1.8999999999999986,1.4000000000000004,0
2.700000000000003,-1.4000000000000057,4.1,-2.3100000000000023,0.0,0.039000000000000035,-3.1999999999999957,-1.5999999999999979,0.5999999999999996,1
-2.700000000000003,1.4000000000000057,-4.1,2.3100000000000023,0.0,-0.039000000000000035,3.1999999999999957,1.5999999999999979,-0.5999999999999996,0
-2.299999999999997,-1.5,-0.8,-6.540000000000006,0.01799999999999996,0.02400000000000002,-3.1999999999999957,-4.899999999999999,-2.5,0
2.299999999999997,1.5,0.8,6.540000000000006,-0.01799999999999996,-0.02400000000000002,3.1999999999999957,4.899999999999999,2.5,1
6.6000000000000085,15.5,-8.9,-4.079999999999998,0.044999999999999984,0.057999999999999996,-1.7999999999999972,-1.6999999999999993,-3.0,0
-6.6000000000000085,-15.5,8.9,4.079999999999998,-0.044999999999999984,-0.057999999999999996,1.7999999999999972,1.6999999999999993,3.0,0
4.900000000000006,5.5,-0.6000000000000014,-12.950000000000003,0.025999999999999968,0.126,-5.399999999999999,-0.3000000000000007,-3.5,1
-4.900000000000006,-5.5,0.6000000000000014,12.950000000000003,-0.025999999999999968,-0.126,5.399999999999999,0.3000000000000007,3.5,0
9.900000000000006,2.299999999999997,7.599999999999998,-15.629999999999995,-0.0020000000000000018,0.006999999999999951,-6.5,-11.0,-1.1999999999999993,1
-9.900000000000006,-2.299999999999997,-7.599999999999998,15.629999999999995,0.0020000000000000018,-0.006999999999999951,6.5,11.0,1.1999999999999993,0
-2.8999999999999915,7.6000000000000085,-10.5,-7.469999999999999,0.019999999999999962,0.02799999999999997,0.20000000000000284,-6.099999999999998,-2.5,0
2.8999999999999915,-7.6000000000000085,10.5,7.469999999999999,-0.019999999999999962,-0.02799999999999997,-0.20000000000000284,6.099999999999998,2.5,1
5.700000000000003,9.100000000000009,-3.4000000000000004,-6.650000000000006,0.01599999999999996,-0.031000000000000028,0.0,-5.699999999999999,-2.1999999999999993,0
-5.700000000000003,-9.100000000000009,3.4000000000000004,6.650000000000006,-0.01599999999999996,0.031000000000000028,0.0,5.699999999999999,2.1999999999999993,1
4.700000000000003,8.799999999999997,-4.1000000000000005,-6.700000000000003,0.0050000000000000044,0.06,-0.7999999999999972,-5.399999999999999,-0.1999999999999993,0
-4.700000000000003,-8.799999999999997,4.1000000000000005,6.700000000000003,-0.0050000000000000044,-0.06,0.7999999999999972,5.399999999999999,0.1999999999999993,1
-0.29999999999999716,8.700000000000003,-9.0,-10.930000000000007,0.022999999999999965,0.044999999999999984,-0.7999999999999972,-8.7,-3.299999999999999,0
0.29999999999999716,-8.700000000000003,9.0,10.930000000000007,-0.022999999999999965,-0.044999999999999984,0.7999999999999972,8.7,3.299999999999999,1
-1.7000000000000028,-10.0,8.299999999999999,-8.870000000000005,-0.019000000000000017,0.068,-3.6000000000000014,1.3999999999999986,-0.5,1
1.7000000000000028,10.0,-8.299999999999999,8.870000000000005,0.019000000000000017,-0.068,3.6000000000000014,-1.3999999999999986,0.5,0
3.299999999999997,-13.200000000000003,16.5,-11.549999999999997,-0.046999999999999986,-0.051000000000000045,-4.700000000000003,-9.3,1.8000000000000007,1
-3.299999999999997,13.200000000000003,-16.5,11.549999999999997,0.046999999999999986,0.051000000000000045,4.700000000000003,9.3,-1.8000000000000007,0
-9.5,-7.8999999999999915,-1.6,-3.3900000000000006,-0.025000000000000022,-0.030000000000000027,2.0,-4.399999999999999,0.5,0
9.5,7.8999999999999915,1.6,3.3900000000000006,0.025000000000000022,0.030000000000000027,-2.0,4.399999999999999,-0.5,1
-0.9000000000000057,-6.3999999999999915,5.5,-2.5700000000000074,-0.029000000000000026,-0.08900000000000002,1.7999999999999972,-4.0,0.8000000000000007,0
0.9000000000000057,6.3999999999999915,-5.5,2.5700000000000074,0.029000000000000026,0.08900000000000002,-1.7999999999999972,4.0,-0.8000000000000007,1
-1.9000000000000057,-6.700000000000003,4.8,-2.6200000000000045,-0.03999999999999998,0.0020000000000000018,1.0,-3.6999999999999993,2.8000000000000007,0
1.9000000000000057,6.700000000000003,-4.8,2.6200000000000045,0.03999999999999998,-0.0020000000000000018,-1.0,3.6999999999999993,-2.8000000000000007,1
-6.900000000000006,-6.799999999999997,-0.10000000000000003,-6.8500000000000085,-0.02200000000000002,-0.013000000000000012,1.0,-7.0,-0.29999999999999893,0
6.900000000000006,6.799999999999997,0.10000000000000003,6.8500000000000085,0.02200000000000002,0.013000000000000012,-1.0,7.0,0.29999999999999893,1
5.0,-3.200000000000003,8.2,-2.6799999999999926,-0.02799999999999997,-0.11900000000000005,-1.1000000000000014,-10.7,2.3000000000000007,1
-5.0,3.200000000000003,-8.2,2.6799999999999926,0.02799999999999997,0.11900000000000005,1.1000000000000014,10.7,-2.3000000000000007,0
-7.799999999999997,2.1000000000000085,-9.899999999999999,5.480000000000004,-0.006000000000000005,-0.09800000000000003,5.600000000000001,-5.799999999999997,1.0,0
7.799999999999997,-2.1000000000000085,9.899999999999999,-5.480000000000004,0.006000000000000005,0.09800000000000003,-5.600000000000001,5.799999999999997,-1.0,1
0.7999999999999972,3.6000000000000085,-2.799999999999999,6.299999999999997,-0.010000000000000009,-0.15700000000000003,5.399999999999999,-5.399999999999999,1.3000000000000007,0
-0.7999999999999972,-3.6000000000000085,2.799999999999999,-6.299999999999997,0.010000000000000009,0.15700000000000003,-5.399999999999999,5.399999999999999,-1.3000000000000007,1
-0.20000000000000284,3.299999999999997,-3.499999999999999,6.25,-0.020999999999999963,-0.066,4.600000000000001,-5.099999999999998,3.3000000000000007,0
0.20000000000000284,-3.299999999999997,3.499999999999999,-6.25,0.020999999999999963,0.066,-4.600000000000001,5.099999999999998,-3.3000000000000007,1
-5.200000000000003,3.200000000000003,-8.399999999999999,2.019999999999996,-0.0030000000000000027,-0.08100000000000002,4.600000000000001,-8.399999999999999,0.20000000000000107,0
5.200000000000003,-3.200000000000003,8.399999999999999,-2.019999999999996,0.0030000000000000027,0.08100000000000002,-4.600000000000001,8.399999999999999,-0.20000000000000107,1
-12.799999999999997,5.300000000000011,-18.099999999999998,8.159999999999997,0.021999999999999964,0.02100000000000002,6.700000000000003,4.900000000000002,-1.3000000000000007,0
12.799999999999997,-5.300000000000011,18.099999999999998,-8.159999999999997,-0.021999999999999964,-0.02100000000000002,-6.700000000000003,-4.900000000000002,1.3000000000000007,1
-4.200000000000003,6.800000000000011,-10.999999999999998,8.97999999999999,0.01799999999999996,-0.03799999999999998,6.5,5.300000000000001,-1.0,0
4.200000000000003,-6.800000000000011,10.999999999999998,-8.97999999999999,-0.01799999999999996,0.03799999999999998,-6.5,-5.300000000000001,1.0,1
-5.200000000000003,6.5,-11.7,8.929999999999993,0.007000000000000006,0.05300000000000005,5.700000000000003,5.600000000000001,1.0,0
5.200000000000003,-6.5,11.7,-8.929999999999993,-0.007000000000000006,-0.05300000000000005,-5.700000000000003,-5.600000000000001,-1.0,1
-10.200000000000003,6.400000000000006,-16.599999999999998,4.699999999999989,0.024999999999999967,0.038000000000000034,5.700000000000003,2.3000000000000007,-2.0999999999999996,0
10.200000000000003,-6.400000000000006,16.599999999999998,-4.699999999999989,-0.024999999999999967,-0.038000000000000034,-5.700000000000003,-2.3000000000000007,2.0999999999999996,1
8.599999999999994,1.5,7.1000000000000005,0.8199999999999932,-0.0040000000000000036,-0.059,-0.20000000000000284,0.3999999999999986,0.3000000000000007,1
-8.599999999999994,-1.5,-7.1000000000000005,-0.8199999999999932,0.0040000000000000036,0.059,0.20000000000000284,-0.3999999999999986,-0.3000000000000007,0
7.599999999999994,1.1999999999999886,6.4,0.769999999999996,-0.014999999999999958,0.03200000000000003,-1.0,0.6999999999999993,2.3000000000000007,1
-7.599999999999994,-1.1999999999999886,-6.4,-0.769999999999996,0.014999999999999958,-0.03200000000000003,1.0,-0.6999999999999993,-2.3000000000000007,0
2.5999999999999943,1.0999999999999943,1.5,-3.460000000000008,0.0030000000000000027,0.017000000000000015,-1.0,-2.6000000000000014,-0.7999999999999989,0
-2.5999999999999943,-1.0999999999999943,-1.5,3.460000000000008,-0.0030000000000000027,-0.017000000000000015,1.0,2.6000000000000014,0.7999999999999989,1
-1.0,-0.30000000000001137,-0.7000000000000002,-0.04999999999999716,-0.010999999999999954,0.09100000000000003,-0.7999999999999972,0.3000000000000007,2.0,1
1.0,0.30000000000001137,0.7000000000000002,0.04999999999999716,0.010999999999999954,-0.09100000000000003,0.7999999999999972,-0.3000000000000007,-2.0,0
-6.0,-0.4000000000000057,-5.6000000000000005,-4.280000000000001,0.007000000000000006,0.07600000000000001,-0.7999999999999972,-3.0,-1.0999999999999996,0
6.0,0.4000000000000057,5.6000000000000005,4.280000000000001,-0.007000000000000006,-0.07600000000000001,0.7999999999999972,3.0,1.0999999999999996,1
-5.0,-0.09999999999999432,-4.9,-4.230000000000004,0.01799999999999996,-0.015000000000000013,0.0,-3.3000000000000007,-3.0999999999999996,0
5.0,0.09999999999999432,4.9,4.230000000000004,-0.01799999999999996,0.015000000000000013,0.0,3.3000000000000007,3.0999999999999996,1
-1.2000000000000028,-4.8999999999999915,3.6999999999999997,1.6099999999999994,-0.006000000000000005,-0.011999999999999955,2.8999999999999986,-1.2999999999999972,1.6999999999999993,1
1.2000000000000028,4.8999999999999915,-3.6999999999999997,-1.6099999999999994,0.006000000000000005,0.011999999999999955,-2.8999999999999986,1.2999999999999972,-1.6999999999999993,0
-5.6000000000000085,4.200000000000003,-9.799999999999999,-3.990000000000009,0.038000000000000034,0.02200000000000002,-0.10000000000000142,0.7000000000000028,-0.09999999999999964,0
5.6000000000000085,-4.200000000000003,9.799999999999999,3.990000000000009,-0.038000000000000034,-0.02200000000000002,0.10000000000000142,-0.7000000000000028,0.09999999999999964,1
-1.4000000000000057,-0.7999999999999972,-0.7000000000000001,-2.8200000000000074,-0.0040000000000000036,-0.046999999999999986,-0.7000000000000028,-0.29999999999999716,-0.5,0
1.4000000000000057,0.7999999999999972,0.7000000000000001,2.8200000000000074,0.0040000000000000036,0.046999999999999986,0.7000000000000028,0.29999999999999716,0.5,1
-3.200000000000003,2.799999999999997,-6.0,2.309999999999988,0.027000000000000024,0.013000000000000012,4.199999999999996,4.0,-0.9000000000000004,1
3.200000000000003,-2.799999999999997,6.0,-2.309999999999988,-0.027000000000000024,-0.013000000000000012,-4.199999999999996,-4.0,0.9000000000000004,0
5.299999999999997,-6.0,11.3,-7.960000000000008,0.01200000000000001,-0.02799999999999997,-7.100000000000001,-5.5,-2.5,1
-5.299999999999997,6.0,-11.3,7.960000000000008,-0.01200000000000001,0.02799999999999997,7.100000000000001,5.5,2.5,0
-1.6000000000000085,-2.5999999999999943,1.0,1.1899999999999977,0.018000000000000016,-0.014999999999999958,-0.20000000000000284,-0.5,0.5,1
1.6000000000000085,2.5999999999999943,-1.0,-1.1899999999999977,-0.018000000000000016,0.014999999999999958,0.20000000000000284,0.5,-0.5,0
0.19999999999998863,-9.799999999999997,9.9,-1.3599999999999994,0.016000000000000014,-0.010999999999999954,-0.30000000000000426,0.3000000000000007,5.1,1
-0.19999999999998863,9.799999999999997,-9.9,1.3599999999999994,-0.016000000000000014,0.010999999999999954,0.30000000000000426,-0.3000000000000007,-5.1,0
1.5999999999999943,-0.7999999999999972,2.3,-10.150000000000006,0.0030000000000000027,0.007000000000000006,-3.8999999999999986,-4.5,-0.3000000000000007,1
-1.5999999999999943,0.7999999999999972,-2.3,10.150000000000006,-0.0030000000000000027,-0.007000000000000006,3.8999999999999986,4.5,0.3000000000000007,0
4.199999999999989,-0.7000000000000028,4.9,-4.760000000000005,0.008000000000000007,-0.024999999999999967,-3.8999999999999986,1.1000000000000014,-1.6999999999999993,1
-4.199999999999989,0.7000000000000028,-4.9,4.760000000000005,-0.008000000000000007,0.024999999999999967,3.8999999999999986,-1.1000000000000014,1.6999999999999993,0
-1.8000000000000114,1.2000000000000028,-3.0,-5.13000000000001,0.015000000000000013,-0.045999999999999985,1.6999999999999957,-1.0999999999999979,-0.3000000000000007,1
1.8000000000000114,-1.2000000000000028,3.0,5.13000000000001,-0.015000000000000013,0.045999999999999985,-1.6999999999999957,1.0999999999999979,0.3000000000000007,0
1.5999999999999943,-7.700000000000003,9.3,-6.510000000000005,-0.061,-0.065,-0.3999999999999986,-5.399999999999999,-0.5,1
-1.5999999999999943,7.700000000000003,-9.3,6.510000000000005,0.061,0.065,0.3999999999999986,5.399999999999999,0.5,0
5.0,-5.700000000000003,10.700000000000001,-0.8599999999999994,-0.01699999999999996,-0.0010000000000000009,-4.5,-5.699999999999999,-0.09999999999999964,1
-5.0,5.700000000000003,-10.700000000000001,0.8599999999999994,0.01699999999999996,0.0010000000000000009,4.5,5.699999999999999,0.09999999999999964,0
-4.300000000000011,-10.200000000000003,5.800000000000001,-1.4200000000000017,-0.024999999999999967,-0.05199999999999999,3.6999999999999957,-2.599999999999998,2.1999999999999993,1
4.300000000000011,10.200000000000003,-5.800000000000001,1.4200000000000017,0.024999999999999967,0.05199999999999999,-3.6999999999999957,2.599999999999998,-2.1999999999999993,0
2.799999999999997,0.10000000000000853,2.7,-4.6200000000000045,0.02300000000000002,-0.02799999999999997,-1.3000000000000043,2.900000000000002,0.9000000000000004,1
-2.799999999999997,-0.10000000000000853,-2.7,4.6200000000000045,-0.02300000000000002,0.02799999999999997,1.3000000000000043,-2.900000000000002,-0.9000000000000004,0
-2.6000000000000085,-4.599999999999994,2.0,-4.340000000000003,-0.011999999999999955,-0.07499999999999996,2.3999999999999986,-1.0999999999999979,-0.6999999999999993,1
2.6000000000000085,4.599999999999994,-2.0,4.340000000000003,0.011999999999999955,0.07499999999999996,-2.3999999999999986,1.0999999999999979,0.6999999999999993,0
-4.400000000000006,9.099999999999994,-13.5,-5.6000000000000085,0.04400000000000004,0.033999999999999975,-3.0,2.0,-1.799999999999999,0
4.400000000000006,-9.099999999999994,13.5,5.6000000000000085,-0.04400000000000004,-0.033999999999999975,3.0,-2.0,1.799999999999999,1
-0.20000000000000284,4.099999999999994,-4.4,-4.430000000000007,0.0020000000000000018,-0.03500000000000003,-3.6000000000000014,1.0,-2.1999999999999993,0
0.20000000000000284,-4.099999999999994,4.4,4.430000000000007,-0.0020000000000000018,0.03500000000000003,3.6000000000000014,-1.0,2.1999999999999993,1
-2.0,7.699999999999989,-9.7,0.6999999999999886,0.03300000000000003,0.024999999999999967,1.2999999999999972,5.299999999999997,-2.5999999999999996,1
2.0,-7.699999999999989,9.7,-0.6999999999999886,-0.03300000000000003,-0.024999999999999967,-1.2999999999999972,-5.299999999999997,2.5999999999999996,0
6.5,-1.1000000000000085,7.6000000000000005,-9.570000000000007,0.018000000000000016,-0.016000000000000014,-10.0,-4.200000000000003,-4.199999999999999,1
-6.5,1.1000000000000085,-7.6000000000000005,9.570000000000007,-0.018000000000000016,0.016000000000000014,10.0,4.200000000000003,4.199999999999999,0
-0.4000000000000057,2.299999999999997,-2.6999999999999997,-0.4200000000000017,0.02400000000000002,-0.0030000000000000027,-3.1000000000000014,0.7999999999999972,-1.1999999999999993,1
0.4000000000000057,-2.299999999999997,2.6999999999999997,0.4200000000000017,-0.02400000000000002,0.0030000000000000027,3.1000000000000014,-0.7999999999999972,1.1999999999999993,0
1.3999999999999915,-4.900000000000006,6.2,-2.969999999999999,0.02200000000000002,0.0010000000000000009,-3.200000000000003,1.5999999999999979,3.4000000000000004,1
-1.3999999999999915,4.900000000000006,-6.2,2.969999999999999,-0.02200000000000002,-0.0010000000000000009,3.200000000000003,-1.5999999999999979,-3.4000000000000004,0
2.799999999999997,4.099999999999994,-1.4,-11.760000000000005,0.009000000000000008,0.01899999999999996,-6.799999999999997,-3.200000000000003,-2.0,0
-2.799999999999997,-4.099999999999994,1.4,11.760000000000005,-0.009000000000000008,-0.01899999999999996,6.799999999999997,3.200000000000003,2.0,1
5.3999999999999915,4.199999999999989,1.2000000000000002,-6.3700000000000045,0.014000000000000012,-0.013000000000000012,-6.799999999999997,2.3999999999999986,-3.3999999999999986,1
-5.3999999999999915,-4.199999999999989,-1.2000000000000002,6.3700000000000045,-0.014000000000000012,0.013000000000000012,6.799999999999997,-2.3999999999999986,3.3999999999999986,0
-0.6000000000000085,6.099999999999994,-6.699999999999999,-6.740000000000009,0.02100000000000002,-0.03400000000000003,-1.2000000000000028,0.1999999999999993,-2.0,1
0.6000000000000085,-6.099999999999994,6.699999999999999,6.740000000000009,-0.02100000000000002,0.03400000000000003,1.2000000000000028,-0.1999999999999993,2.0,0
2.799999999999997,-2.8000000000000114,5.6000000000000005,-8.120000000000005,-0.05499999999999999,-0.05300000000000005,-3.299999999999997,-4.100000000000001,-2.1999999999999993,1
-2.799999999999997,2.8000000000000114,-5.6000000000000005,8.120000000000005,0.05499999999999999,0.05300000000000005,3.299999999999997,4.100000000000001,2.1999999999999993,0
6.200000000000003,-0.8000000000000114,7.000000000000001,-2.469999999999999,-0.010999999999999954,0.010999999999999954,-7.399999999999999,-4.400000000000002,-1.799999999999999,1
-6.200000000000003,0.8000000000000114,-7.000000000000001,2.469999999999999,0.010999999999999954,-0.010999999999999954,7.399999999999999,4.400000000000002,1.799999999999999,0
-3.1000000000000085,-5.300000000000011,2.1000000000000005,-3.030000000000001,-0.01899999999999996,-0.040000000000000036,0.7999999999999972,-1.3000000000000007,0.5,1
3.1000000000000085,5.300000000000011,-2.1000000000000005,3.030000000000001,0.01899999999999996,0.040000000000000036,-0.7999999999999972,1.3000000000000007,-0.5,0
4.0,5.0,-0.9999999999999998,-6.230000000000004,0.029000000000000026,-0.016000000000000014,-4.200000000000003,4.199999999999999,-0.7999999999999989,1
-4.0,-5.0,0.9999999999999998,6.230000000000004,-0.029000000000000026,0.016000000000000014,4.200000000000003,-4.199999999999999,0.7999999999999989,0
-1.4000000000000057,0.29999999999999716,-1.6999999999999997,-5.950000000000003,-0.00599999999999995,-0.063,-0.5,0.1999999999999993,-2.3999999999999986,1
1.4000000000000057,-0.29999999999999716,1.6999999999999997,5.950000000000003,0.00599999999999995,0.063,0.5,-0.1999999999999993,2.3999999999999986,0
4.200000000000003,-5.0,9.1,1.1700000000000017,-0.04200000000000004,-0.069,-0.6000000000000014,-1.0,-0.40000000000000036,1
-4.200000000000003,5.0,-9.1,-1.1700000000000017,0.04200000000000004,0.069,0.6000000000000014,1.0,0.40000000000000036,0
2.4000000000000057,-1.4000000000000057,3.799999999999999,6.299999999999997,-0.01100000000000001,-0.009000000000000008,4.299999999999997,3.299999999999997,-0.8000000000000007,1
-2.4000000000000057,1.4000000000000057,-3.799999999999999,-6.299999999999997,0.01100000000000001,0.009000000000000008,-4.299999999999997,-3.299999999999997,0.8000000000000007,0
10.900000000000006,-10.200000000000003,21.1,-3.969999999999999,-0.026000000000000023,-0.04999999999999999,-7.0,-6.200000000000003,-2.4000000000000004,1
-10.900000000000006,10.200000000000003,-21.1,3.969999999999999,0.026000000000000023,0.04999999999999999,7.0,6.200000000000003,2.4000000000000004,0
4.0,-6.799999999999997,10.799999999999999,5.180000000000007,-0.020000000000000018,-0.03699999999999998,-0.10000000000000142,-1.2000000000000028,0.5999999999999996,1
-4.0,6.799999999999997,-10.799999999999999,-5.180000000000007,0.020000000000000018,0.03699999999999998,0.10000000000000142,1.2000000000000028,-0.5999999999999996,0
5.799999999999997,-14.0,19.7,2.6300000000000097,-0.02200000000000002,-0.032999999999999974,-0.20000000000000284,-0.40000000000000213,5.199999999999999,1
-5.799999999999997,14.0,-19.7,-2.6300000000000097,0.02200000000000002,0.032999999999999974,0.20000000000000284,0.40000000000000213,-5.199999999999999,0
7.200000000000003,-5.0,12.1,-6.159999999999997,-0.03500000000000003,-0.015000000000000013,-3.799999999999997,-5.200000000000003,-0.20000000000000107,1
-7.200000000000003,5.0,-12.1,6.159999999999997,0.03500000000000003,0.015000000000000013,3.799999999999997,5.200000000000003,0.20000000000000107,0
9.799999999999997,-4.900000000000006,14.7,-0.769999999999996,-0.030000000000000027,-0.046999999999999986,-3.799999999999997,0.3999999999999986,-1.5999999999999996,1
-9.799999999999997,4.900000000000006,-14.7,0.769999999999996,0.030000000000000027,0.046999999999999986,3.799999999999997,-0.3999999999999986,1.5999999999999996,0
3.799999999999997,-3.0,6.799999999999999,-1.1400000000000006,-0.02300000000000002,-0.068,1.7999999999999972,-1.8000000000000007,-0.20000000000000107,1
-3.799999999999997,3.0,-6.799999999999999,1.1400000000000006,0.02300000000000002,0.068,-1.7999999999999972,1.8000000000000007,0.20000000000000107,0
7.200000000000003,-11.900000000000006,19.1,-2.519999999999996,-0.09900000000000003,-0.08700000000000002,-0.29999999999999716,-6.100000000000001,-0.40000000000000036,1
-7.200000000000003,11.900000000000006,-19.1,2.519999999999996,0.09900000000000003,0.08700000000000002,0.29999999999999716,6.100000000000001,0.40000000000000036,0
10.600000000000009,-9.900000000000006,20.5,3.1300000000000097,-0.05499999999999999,-0.02300000000000002,-4.399999999999999,-6.400000000000002,0.0,1
-10.600000000000009,9.900000000000006,-20.5,-3.1300000000000097,0.05499999999999999,0.02300000000000002,4.399999999999999,6.400000000000002,0.0,0
1.2999999999999972,-14.400000000000006,15.6,2.5700000000000074,-0.063,-0.07400000000000001,3.799999999999997,-3.3000000000000007,2.299999999999999,1
-1.2999999999999972,14.400000000000006,-15.6,-2.5700000000000074,0.063,0.07400000000000001,-3.799999999999997,3.3000000000000007,-2.299999999999999,0
8.400000000000006,-4.099999999999994,12.5,-0.6299999999999955,-0.015000000000000013,-0.04999999999999999,-1.2000000000000028,2.1999999999999993,1.0,1
-8.400000000000006,4.099999999999994,-12.5,0.6299999999999955,0.015000000000000013,0.04999999999999999,1.2000000000000028,-2.1999999999999993,-1.0,0
3.0,-8.799999999999997,11.799999999999999,-0.3499999999999943,-0.04999999999999999,-0.09699999999999998,2.5,-1.8000000000000007,-0.5999999999999996,1
-3.0,8.799999999999997,-11.799999999999999,0.3499999999999943,0.04999999999999999,0.09699999999999998,-2.5,1.8000000000000007,0.5999999999999996,0
-1.7999999999999972,3.5999999999999943,-5.300000000000001,5.1299999999999955,0.031000000000000028,0.06,4.899999999999999,4.299999999999997,-0.40000000000000036,1
1.7999999999999972,-3.5999999999999943,5.300000000000001,-5.1299999999999955,-0.031000000000000028,-0.06,-4.899999999999999,-4.299999999999997,0.40000000000000036,0
6.700000000000003,-5.200000000000003,12.0,-5.140000000000001,0.016000000000000014,0.019000000000000017,-6.399999999999999,-5.200000000000003,-2.0,1
-6.700000000000003,5.200000000000003,-12.0,5.140000000000001,-0.016000000000000014,-0.019000000000000017,6.399999999999999,5.200000000000003,2.0,0
-0.20000000000000284,-1.7999999999999972,1.7000000000000002,4.010000000000005,0.02200000000000002,0.03200000000000003,0.5,-0.20000000000000284,1.0,1
0.20000000000000284,1.7999999999999972,-1.7000000000000002,-4.010000000000005,-0.02200000000000002,-0.03200000000000003,-0.5,0.20000000000000284,-1.0,0
1.5999999999999943,-9.0,10.6,1.460000000000008,0.020000000000000018,0.03600000000000003,0.3999999999999986,0.5999999999999979,5.6,1
-1.5999999999999943,9.0,-10.6,-1.460000000000008,-0.020000000000000018,-0.03600000000000003,-0.3999999999999986,-0.5999999999999979,-5.6,0
3.0,0.0,3.0,-7.329999999999998,0.007000000000000006,0.05399999999999999,-3.1999999999999957,-4.200000000000003,0.1999999999999993,1
-3.0,0.0,-3.0,7.329999999999998,-0.007000000000000006,-0.05399999999999999,3.1999999999999957,4.200000000000003,-0.1999999999999993,0
5.599999999999994,0.09999999999999432,5.6,-1.9399999999999977,0.01200000000000001,0.02200000000000002,-3.1999999999999957,1.3999999999999986,-1.1999999999999993,1
-5.599999999999994,-0.09999999999999432,-5.6,1.9399999999999977,-0.01200000000000001,-0.02200000000000002,3.1999999999999957,-1.3999999999999986,1.1999999999999993,0
-0.4000000000000057,2.0,-2.3,-2.3100000000000023,0.019000000000000017,0.0010000000000000009,2.3999999999999986,-0.8000000000000007,0.1999999999999993,1
0.4000000000000057,-2.0,2.3,2.3100000000000023,-0.019000000000000017,-0.0010000000000000009,-2.3999999999999986,0.8000000000000007,-0.1999999999999993,0
3.0,-6.900000000000006,10.0,-3.6899999999999977,-0.056999999999999995,-0.018000000000000016,0.30000000000000426,-5.100000000000001,0.0,1
-3.0,6.900000000000006,-10.0,3.6899999999999977,0.056999999999999995,0.018000000000000016,-0.30000000000000426,5.100000000000001,0.0,0
6.400000000000006,-4.900000000000006,11.4,1.960000000000008,-0.012999999999999956,0.045999999999999985,-3.799999999999997,-5.400000000000002,0.40000000000000036,1
-6.400000000000006,4.900000000000006,-11.4,-1.960000000000008,0.012999999999999956,-0.045999999999999985,3.799999999999997,5.400000000000002,-0.40000000000000036,0
-2.9000000000000057,-9.400000000000006,6.5,1.4000000000000057,-0.020999999999999963,-0.0050000000000000044,4.399999999999999,-2.3000000000000007,2.6999999999999993,1
2.9000000000000057,9.400000000000006,-6.5,-1.4000000000000057,0.020999999999999963,0.0050000000000000044,-4.399999999999999,2.3000000000000007,-2.6999999999999993,0
4.200000000000003,0.9000000000000057,3.4000000000000004,-1.7999999999999972,0.027000000000000024,0.019000000000000017,-0.6000000000000014,3.1999999999999993,1.4000000000000004,1
-4.200000000000003,-0.9000000000000057,-3.4000000000000004,1.7999999999999972,-0.027000000000000024,-0.019000000000000017,0.6000000000000014,-3.1999999999999993,-1.4000000000000004,0
-1.2000000000000028,-3.799999999999997,2.7,-1.519999999999996,-0.007999999999999952,-0.02799999999999997,3.1000000000000014,-0.8000000000000007,-0.1999999999999993,1
1.2000000000000028,3.799999999999997,-2.7,1.519999999999996,0.007999999999999952,0.02799999999999997,-3.1000000000000014,0.8000000000000007,0.1999999999999993,0
8.5,-8.799999999999997,17.3,-10.269999999999996,-0.015000000000000013,-0.04099999999999998,-11.299999999999997,-9.5,-1.5999999999999996,1
-8.5,8.799999999999997,-17.3,10.269999999999996,0.015000000000000013,0.04099999999999998,11.299999999999997,9.5,1.5999999999999996,0
1.5999999999999943,-5.3999999999999915,7.0,-1.1199999999999903,-0.009000000000000008,-0.02799999999999997,-4.399999999999999,-4.5,1.4000000000000004,0
-1.5999999999999943,5.3999999999999915,-7.0,1.1199999999999903,0.009000000000000008,0.02799999999999997,4.399999999999999,4.5,-1.4000000000000004,0
3.3999999999999915,-12.599999999999994,15.9,-3.6699999999999875,-0.01100000000000001,-0.023999999999999966,-4.5,-3.6999999999999993,6.0,1
-3.3999999999999915,12.599999999999994,-15.9,3.6699999999999875,0.01100000000000001,0.023999999999999966,4.5,3.6999999999999993,-6.0,0
4.799999999999997,-3.5999999999999943,8.3,-12.459999999999994,-0.02400000000000002,-0.006000000000000005,-8.099999999999994,-8.5,0.5999999999999996,0
-4.799999999999997,3.5999999999999943,-8.3,12.459999999999994,0.02400000000000002,0.006000000000000005,8.099999999999994,8.5,-0.5999999999999996,1
7.3999999999999915,-3.5,10.9,-7.069999999999993,-0.019000000000000017,-0.03799999999999998,-8.099999999999994,-2.8999999999999986,-0.7999999999999989,1
-7.3999999999999915,3.5,-10.9,7.069999999999993,0.019000000000000017,0.03799999999999998,8.099999999999994,2.8999999999999986,0.7999999999999989,0
1.3999999999999915,-1.5999999999999943,3.0000000000000004,-7.439999999999998,-0.01200000000000001,-0.059,-2.5,-5.099999999999998,0.5999999999999996,0
-1.3999999999999915,1.5999999999999943,-3.0000000000000004,7.439999999999998,0.01200000000000001,0.059,2.5,5.099999999999998,-0.5999999999999996,1
4.799999999999997,-10.5,15.3,-8.819999999999993,-0.08800000000000002,-0.07800000000000001,-4.599999999999994,-9.399999999999999,0.40000000000000036,1
-4.799999999999997,10.5,-15.3,8.819999999999993,0.08800000000000002,0.07800000000000001,4.599999999999994,9.399999999999999,-0.40000000000000036,0
8.200000000000003,-8.5,16.700000000000003,-3.1699999999999875,-0.043999999999999984,-0.014000000000000012,-8.699999999999996,-9.7,0.8000000000000007,1
-8.200000000000003,8.5,-16.700000000000003,3.1699999999999875,0.043999999999999984,0.014000000000000012,8.699999999999996,9.7,-0.8000000000000007,0
-1.1000000000000085,-13.0,11.8,-3.7299999999999898,-0.05199999999999999,-0.065,-0.5,-6.599999999999998,3.0999999999999996,1
1.1000000000000085,13.0,-11.8,3.7299999999999898,0.05199999999999999,0.065,0.5,6.599999999999998,-3.0999999999999996,0
6.0,-2.6999999999999886,8.700000000000001,-6.929999999999993,-0.0040000000000000036,-0.04099999999999998,-5.5,-1.0999999999999979,1.8000000000000007,0
-6.0,2.6999999999999886,-8.700000000000001,6.929999999999993,0.0040000000000000036,0.04099999999999998,5.5,1.0999999999999979,-1.8000000000000007,1
0.5999999999999943,-7.3999999999999915,8.0,-6.6499999999999915,-0.03899999999999998,-0.08799999999999997,-1.7999999999999972,-5.099999999999998,0.20000000000000107,1
-0.5999999999999943,7.3999999999999915,-8.0,6.6499999999999915,0.03899999999999998,0.08799999999999997,1.7999999999999972,5.099999999999998,-0.20000000000000107,0
-6.900000000000006,3.4000000000000057,-10.3,9.150000000000006,0.006000000000000005,0.013000000000000012,6.899999999999999,5.0,3.0,0
6.900000000000006,-3.4000000000000057,10.3,-9.150000000000006,-0.006000000000000005,-0.013000000000000012,-6.899999999999999,-5.0,-3.0,1
-5.1000000000000085,-3.799999999999997,-1.4000000000000004,6.6000000000000085,0.0040000000000000036,0.017000000000000015,6.799999999999997,5.800000000000001,7.6,0
5.1000000000000085,3.799999999999997,1.4000000000000004,-6.6000000000000085,-0.0040000000000000036,-0.017000000000000015,-6.799999999999997,-5.800000000000001,-7.6,0
-3.700000000000003,5.200000000000003,-9.0,-2.1899999999999977,-0.009000000000000008,0.034999999999999976,3.200000000000003,1.0,2.1999999999999993,0
3.700000000000003,-5.200000000000003,9.0,2.1899999999999977,0.009000000000000008,-0.034999999999999976,-3.200000000000003,-1.0,-2.1999999999999993,1
-1.1000000000000085,5.299999999999997,-6.4,3.200000000000003,-0.0040000000000000036,0.0030000000000000027,3.200000000000003,6.600000000000001,0.8000000000000007,0
1.1000000000000085,-5.299999999999997,6.4,-3.200000000000003,0.0040000000000000036,-0.0030000000000000027,-3.200000000000003,-6.600000000000001,-0.8000000000000007,1
-7.1000000000000085,7.200000000000003,-14.3,2.8299999999999983,0.0030000000000000027,-0.018000000000000016,8.799999999999997,4.400000000000002,2.1999999999999993,0
7.1000000000000085,-7.200000000000003,14.3,-2.8299999999999983,-0.0030000000000000027,0.018000000000000016,-8.799999999999997,-4.400000000000002,-2.1999999999999993,1
-3.700000000000003,-1.7000000000000028,-2.0,1.4500000000000028,-0.07300000000000001,-0.03700000000000003,6.700000000000003,0.10000000000000142,2.0,1
3.700000000000003,1.7000000000000028,2.0,-1.4500000000000028,0.07300000000000001,0.03700000000000003,-6.700000000000003,-0.10000000000000142,-2.0,0
-0.29999999999999716,0.29999999999999716,-0.5999999999999996,7.1000000000000085,-0.02899999999999997,0.02699999999999997,2.6000000000000014,-0.1999999999999993,2.4000000000000004,0
0.29999999999999716,-0.29999999999999716,0.5999999999999996,-7.1000000000000085,0.02899999999999997,-0.02699999999999997,-2.6000000000000014,0.1999999999999993,-2.4000000000000004,0
-9.600000000000009,-4.200000000000003,-5.5,6.540000000000006,-0.03699999999999998,-0.02400000000000002,10.799999999999997,2.900000000000002,4.699999999999999,0
9.600000000000009,4.200000000000003,5.5,-6.540000000000006,0.03699999999999998,0.02400000000000002,-10.799999999999997,-2.900000000000002,-4.699999999999999,1
-2.5,6.1000000000000085,-8.6,3.3400000000000034,0.01100000000000001,0.0,5.799999999999997,8.400000000000002,3.4000000000000004,0
2.5,-6.1000000000000085,8.6,-3.3400000000000034,-0.01100000000000001,0.0,-5.799999999999997,-8.400000000000002,-3.4000000000000004,1
-7.900000000000006,1.4000000000000057,-9.3,3.6200000000000045,-0.023999999999999966,-0.046999999999999986,9.5,4.400000000000002,1.8000000000000007,0
7.900000000000006,-1.4000000000000057,9.3,-3.6200000000000045,0.023999999999999966,0.046999999999999986,-9.5,-4.400000000000002,-1.8000000000000007,1
1.7999999999999972,-7.200000000000003,8.9,-2.549999999999997,-0.0020000000000000018,0.0040000000000000036,-0.10000000000000142,0.8000000000000007,4.6,1
-1.7999999999999972,7.200000000000003,-8.9,2.549999999999997,0.0020000000000000018,-0.0040000000000000036,0.10000000000000142,-0.8000000000000007,-4.6,0
3.200000000000003,1.7999999999999972,1.2999999999999998,-11.340000000000003,-0.015000000000000013,0.021999999999999964,-3.6999999999999957,-4.0,-0.8000000000000007,0
-3.200000000000003,-1.7999999999999972,-1.2999999999999998,11.340000000000003,0.015000000000000013,-0.021999999999999964,3.6999999999999957,4.0,0.8000000000000007,1
5.799999999999997,1.8999999999999915,3.9,-5.950000000000003,-0.010000000000000009,-0.010000000000000009,-3.6999999999999957,1.6000000000000014,-2.1999999999999993,1
-5.799999999999997,-1.8999999999999915,-3.9,5.950000000000003,0.010000000000000009,0.010000000000000009,3.6999999999999957,-1.6000000000000014,2.1999999999999993,0
-0.20000000000000284,3.799999999999997,-4.0,-6.320000000000007,-0.0030000000000000027,-0.031000000000000028,1.8999999999999986,-0.5999999999999979,-0.8000000000000007,0
0.20000000000000284,-3.799999999999997,4.0,6.320000000000007,0.0030000000000000027,0.031000000000000028,-1.8999999999999986,0.5999999999999979,0.8000000000000007,1
3.200000000000003,-5.1000000000000085,8.3,-7.700000000000003,-0.07900000000000001,-0.050000000000000044,-0.19999999999999574,-4.899999999999999,-1.0,1
-3.200000000000003,5.1000000000000085,-8.3,7.700000000000003,0.07900000000000001,0.050000000000000044,0.19999999999999574,4.899999999999999,1.0,0
6.6000000000000085,-3.1000000000000085,9.700000000000001,-2.049999999999997,-0.034999999999999976,0.013999999999999957,-4.299999999999997,-5.199999999999999,-0.5999999999999996,1
-6.6000000000000085,3.1000000000000085,-9.700000000000001,2.049999999999997,0.034999999999999976,-0.013999999999999957,4.299999999999997,5.199999999999999,0.5999999999999996,0
-2.700000000000003,-7.6000000000000085,4.800000000000001,-2.6099999999999994,-0.04299999999999998,-0.03700000000000003,3.8999999999999986,-2.099999999999998,1.6999999999999993,1
2.700000000000003,7.6000000000000085,-4.800000000000001,2.6099999999999994,0.04299999999999998,0.03700000000000003,-3.8999999999999986,2.099999999999998,-1.6999999999999993,0
4.400000000000006,2.700000000000003,1.7,-5.810000000000002,0.0050000000000000044,-0.013000000000000012,-1.1000000000000014,3.400000000000002,0.40000000000000036,0
-4.400000000000006,-2.700000000000003,-1.7,5.810000000000002,-0.0050000000000000044,0.013000000000000012,1.1000000000000014,-3.400000000000002,-0.40000000000000036,1
-1.0,-2.0,1.0,-5.530000000000001,-0.02999999999999997,-0.06,2.6000000000000014,-0.5999999999999979,-1.1999999999999993,1
1.0,2.0,-1.0,5.530000000000001,0.02999999999999997,0.06,-2.6000000000000014,0.5999999999999979,1.1999999999999993,0
1.4000000000000057,9.0,-7.6,-8.790000000000006,-0.013000000000000012,0.01799999999999996,-3.5999999999999943,-4.800000000000001,-5.4,0
-1.4000000000000057,-9.0,7.6,8.790000000000006,0.013000000000000012,-0.01799999999999996,3.5999999999999943,4.800000000000001,5.4,1
4.0,9.099999999999994,-5.0,-3.4000000000000057,-0.008000000000000007,-0.014000000000000012,-3.5999999999999943,0.8000000000000007,-6.799999999999999,0
-4.0,-9.099999999999994,5.0,3.4000000000000057,0.008000000000000007,0.014000000000000012,3.5999999999999943,-0.8000000000000007,6.799999999999999,1
-2.0,11.0,-12.9,-3.7700000000000102,-0.0010000000000000009,-0.03500000000000003,2.0,-1.3999999999999986,-5.4,0
2.0,-11.0,12.9,3.7700000000000102,0.0010000000000000009,0.03500000000000003,-2.0,1.3999999999999986,5.4,1
1.4000000000000057,2.0999999999999943,-0.5999999999999996,-5.150000000000006,-0.07700000000000001,-0.05400000000000005,-0.09999999999999432,-5.699999999999999,-5.6,1
-1.4000000000000057,-2.0999999999999943,0.5999999999999996,5.150000000000006,0.07700000000000001,0.05400000000000005,0.09999999999999432,5.699999999999999,5.6,0
4.800000000000011,4.099999999999994,0.8000000000000007,0.5,-0.032999999999999974,0.009999999999999953,-4.199999999999996,-6.0,-5.199999999999999,0
-4.800000000000011,-4.099999999999994,-0.8000000000000007,-0.5,0.032999999999999974,-0.009999999999999953,4.199999999999996,6.0,5.199999999999999,0
-4.5,-0.4000000000000057,-4.1,-0.060000000000002274,-0.04099999999999998,-0.041000000000000036,4.0,-2.8999999999999986,-2.9000000000000004,0
4.5,0.4000000000000057,4.1,0.060000000000002274,0.04099999999999998,0.041000000000000036,-4.0,2.8999999999999986,2.9000000000000004,1
2.6000000000000085,9.900000000000006,-7.2,-3.260000000000005,0.007000000000000006,-0.017000000000000015,-1.0,2.6000000000000014,-4.199999999999999,0
-2.6000000000000085,-9.900000000000006,7.2,3.260000000000005,-0.007000000000000006,0.017000000000000015,1.0,-2.6000000000000014,4.199999999999999,1
-2.799999999999997,5.200000000000003,-7.9,-2.980000000000004,-0.02799999999999997,-0.064,2.700000000000003,-1.3999999999999986,-5.799999999999999,0
2.799999999999997,-5.200000000000003,7.9,2.980000000000004,0.02799999999999997,0.064,-2.700000000000003,1.3999999999999986,5.799999999999999,1
2.5999999999999943,0.09999999999999432,2.6,5.390000000000001,0.0050000000000000044,-0.03199999999999997,0.0,5.600000000000001,-1.3999999999999986,1
-2.5999999999999943,-0.09999999999999432,-2.6,-5.390000000000001,-0.0050000000000000044,0.03199999999999997,0.0,-5.600000000000001,1.3999999999999986,0
-3.4000000000000057,2.0,-5.3,5.019999999999996,0.01200000000000001,-0.05299999999999999,5.599999999999994,3.400000000000002,0.0,1
3.4000000000000057,-2.0,5.3,-5.019999999999996,-0.01200000000000001,0.05299999999999999,-5.599999999999994,-3.400000000000002,0.0,0
0.0,-6.900000000000006,7.0,3.6400000000000006,-0.064,-0.07200000000000001,3.5,-0.8999999999999986,-0.1999999999999993,1
0.0,6.900000000000006,-7.0,-3.6400000000000006,0.064,0.07200000000000001,-3.5,0.8999999999999986,0.1999999999999993,0
3.4000000000000057,-4.900000000000006,8.4,9.290000000000006,-0.019999999999999962,-0.008000000000000007,-0.6000000000000014,-1.1999999999999993,0.20000000000000107,1
-3.4000000000000057,4.900000000000006,-8.4,-9.290000000000006,0.019999999999999962,0.008000000000000007,0.6000000000000014,1.1999999999999993,-0.20000000000000107,0
-5.900000000000006,-9.400000000000006,3.5000000000000004,8.730000000000004,-0.02799999999999997,-0.059,7.599999999999994,1.9000000000000021,2.5,1
5.900000000000006,9.400000000000006,-3.5000000000000004,-8.730000000000004,0.02799999999999997,0.059,-7.599999999999994,-1.9000000000000021,-2.5,0
1.2000000000000028,0.9000000000000057,0.40000000000000013,5.530000000000001,0.020000000000000018,-0.034999999999999976,2.5999999999999943,7.400000000000002,1.200000000000001,1
-1.2000000000000028,-0.9000000000000057,-0.40000000000000013,-5.530000000000001,-0.020000000000000018,0.034999999999999976,-2.5999999999999943,-7.400000000000002,-1.200000000000001,0
-4.200000000000003,-3.799999999999997,-0.2999999999999998,5.810000000000002,-0.014999999999999958,-0.08199999999999996,6.299999999999997,3.400000000000002,-0.3999999999999986,1
4.200000000000003,3.799999999999997,0.2999999999999998,-5.810000000000002,0.014999999999999958,0.08199999999999996,-6.299999999999997,-3.400000000000002,0.3999999999999986,0
-6.0,1.9000000000000057,-7.9,-0.37000000000000455,0.007000000000000006,-0.02100000000000002,5.599999999999994,-2.1999999999999993,1.3999999999999986,0
6.0,-1.9000000000000057,7.9,0.37000000000000455,-0.007000000000000006,0.02100000000000002,-5.599999999999994,2.1999999999999993,-1.3999999999999986,1
-2.5999999999999943,-7.0,4.4,-1.75,-0.069,-0.040000000000000036,3.5,-6.5,1.1999999999999993,1
2.5999999999999943,7.0,-4.4,1.75,0.069,0.040000000000000036,-3.5,6.5,-1.1999999999999993,0
0.8000000000000114,-5.0,5.800000000000001,3.9000000000000057,-0.024999999999999967,0.023999999999999966,-0.6000000000000014,-6.800000000000001,1.5999999999999996,1
-0.8000000000000114,5.0,-5.800000000000001,-3.9000000000000057,0.024999999999999967,-0.023999999999999966,0.6000000000000014,6.800000000000001,-1.5999999999999996,0
-8.5,-9.5,0.9000000000000004,3.3400000000000034,-0.032999999999999974,-0.027000000000000024,7.599999999999994,-3.6999999999999993,3.8999999999999986,0
8.5,9.5,-0.9000000000000004,-3.3400000000000034,0.032999999999999974,0.027000000000000024,-7.599999999999994,3.6999999999999993,-3.8999999999999986,1
-1.3999999999999915,0.8000000000000114,-2.2,0.14000000000000057,0.015000000000000013,-0.0030000000000000027,2.5999999999999943,1.8000000000000007,2.5999999999999996,0
1.3999999999999915,-0.8000000000000114,2.2,-0.14000000000000057,-0.015000000000000013,0.0030000000000000027,-2.5999999999999943,-1.8000000000000007,-2.5999999999999996,1
-6.799999999999997,-3.8999999999999915,-2.9,0.4200000000000017,-0.019999999999999962,-0.04999999999999999,6.299999999999997,-2.1999999999999993,1.0,0
6.799999999999997,3.8999999999999915,2.9,-0.4200000000000017,0.019999999999999962,0.04999999999999999,-6.299999999999997,2.1999999999999993,-1.0,0
3.4000000000000057,-8.900000000000006,12.3,-1.3799999999999955,-0.07600000000000001,-0.019000000000000017,-2.0999999999999943,-4.300000000000001,-0.1999999999999993,1
-3.4000000000000057,8.900000000000006,-12.3,1.3799999999999955,0.07600000000000001,0.019000000000000017,2.0999999999999943,4.300000000000001,0.1999999999999993,0
6.800000000000011,-6.900000000000006,13.700000000000001,4.27000000000001,-0.03199999999999997,0.044999999999999984,-6.199999999999996,-4.600000000000001,0.20000000000000107,1
-6.800000000000011,6.900000000000006,-13.700000000000001,-4.27000000000001,0.03199999999999997,-0.044999999999999984,6.199999999999996,4.600000000000001,-0.20000000000000107,0
-2.5,-11.400000000000006,8.8,3.710000000000008,-0.03999999999999998,-0.006000000000000005,2.0,-1.5,2.5,1
2.5,11.400000000000006,-8.8,-3.710000000000008,0.03999999999999998,0.006000000000000005,-2.0,1.5,-2.5,0
4.6000000000000085,-1.0999999999999943,5.7,0.5100000000000051,0.008000000000000007,0.018000000000000016,-3.0,4.0,1.200000000000001,1
-4.6000000000000085,1.0999999999999943,-5.7,-0.5100000000000051,-0.008000000000000007,-0.018000000000000016,3.0,-4.0,-1.200000000000001,0
-0.7999999999999972,-5.799999999999997,5.0,0.7900000000000063,-0.02699999999999997,-0.02899999999999997,0.7000000000000028,0.0,-0.3999999999999986,1
0.7999999999999972,5.799999999999997,-5.0,-0.7900000000000063,0.02699999999999997,0.02899999999999997,-0.7000000000000028,0.0,0.3999999999999986,0
3.4000000000000057,2.0,1.4000000000000004,5.650000000000006,0.04400000000000004,0.064,-4.100000000000001,-0.3000000000000007,0.40000000000000036,0
-3.4000000000000057,-2.0,-1.4000000000000004,-5.650000000000006,-0.04400000000000004,-0.064,4.100000000000001,0.3000000000000007,-0.40000000000000036,1
-5.900000000000006,-2.5,-3.5,5.090000000000003,0.03600000000000003,0.013000000000000012,4.099999999999994,2.8000000000000007,2.6999999999999993,0
5.900000000000006,2.5,3.5,-5.090000000000003,-0.03600000000000003,-0.013000000000000012,-4.099999999999994,-2.8000000000000007,-2.6999999999999993,1
1.2000000000000028,7.800000000000011,-6.6000000000000005,1.8900000000000006,0.08400000000000002,0.03700000000000003,-0.9000000000000057,8.3,1.4000000000000004,0
-1.2000000000000028,-7.800000000000011,6.6000000000000005,-1.8900000000000006,-0.08400000000000002,-0.03700000000000003,0.9000000000000057,-8.3,-1.4000000000000004,1
-4.200000000000003,3.1000000000000085,-7.300000000000001,2.1700000000000017,0.049000000000000044,-0.009999999999999953,2.799999999999997,4.300000000000001,-0.1999999999999993,0
4.200000000000003,-3.1000000000000085,7.300000000000001,-2.1700000000000017,-0.049000000000000044,0.009999999999999953,-2.799999999999997,-4.300000000000001,0.1999999999999993,1
-9.300000000000011,-4.5,-4.9,-0.5600000000000023,-0.008000000000000007,-0.05099999999999999,8.199999999999996,3.1000000000000014,2.299999999999999,0
9.300000000000011,4.5,4.9,0.5600000000000023,0.008000000000000007,0.05099999999999999,-8.199999999999996,-3.1000000000000014,-2.299999999999999,1
-2.200000000000003,5.800000000000011,-8.0,-3.760000000000005,0.03999999999999998,-0.02699999999999997,3.1999999999999957,8.600000000000001,1.0,0
2.200000000000003,-5.800000000000011,8.0,3.760000000000005,-0.03999999999999998,0.02699999999999997,-3.1999999999999957,-8.600000000000001,-1.0,1
-7.6000000000000085,1.1000000000000085,-8.700000000000001,-3.480000000000004,0.0050000000000000044,-0.07399999999999995,6.899999999999999,4.600000000000001,-0.5999999999999996,0
7.6000000000000085,-1.1000000000000085,8.700000000000001,3.480000000000004,-0.0050000000000000044,0.07399999999999995,-6.899999999999999,-4.600000000000001,0.5999999999999996,1
7.1000000000000085,10.300000000000011,-3.1000000000000005,-3.200000000000003,0.04799999999999999,0.02400000000000002,-5.0,5.5,-1.299999999999999,0
-7.1000000000000085,-10.300000000000011,3.1000000000000005,3.200000000000003,-0.04799999999999999,-0.02400000000000002,5.0,-5.5,1.299999999999999,1
1.7000000000000028,5.6000000000000085,-3.8000000000000003,-2.9200000000000017,0.013000000000000012,-0.022999999999999965,-1.2999999999999972,1.5,-2.8999999999999986,1
-1.7000000000000028,-5.6000000000000085,3.8000000000000003,2.9200000000000017,-0.013000000000000012,0.022999999999999965,1.2999999999999972,-1.5,2.8999999999999986,0
-5.400000000000006,-4.700000000000003,-0.7,0.28000000000000114,-0.034999999999999976,-0.046999999999999986,3.700000000000003,-4.0,-1.5999999999999996,1
5.400000000000006,4.700000000000003,0.7,-0.28000000000000114,0.034999999999999976,0.046999999999999986,-3.700000000000003,4.0,1.5999999999999996,0
-4.299999999999997,-12.900000000000006,8.7,-4.890000000000001,-0.07300000000000001,0.0040000000000000036,-6.799999999999997,-4.899999999999999,-4.199999999999999,1
4.299999999999997,12.900000000000006,-8.7,4.890000000000001,0.07300000000000001,-0.0040000000000000036,6.799999999999997,4.899999999999999,4.199999999999999,0
-11.899999999999991,-8.099999999999994,-3.7,6.929999999999993,-0.028000000000000025,0.009000000000000008,-0.19999999999999574,2.1000000000000014,2.5999999999999996,1
11.899999999999991,8.099999999999994,3.7,-6.929999999999993,0.028000000000000025,-0.009000000000000008,0.19999999999999574,-2.1000000000000014,-2.5999999999999996,0
4.6000000000000085,-17.5,22.3,-0.519999999999996,-0.08900000000000002,-0.02999999999999997,-7.099999999999994,-6.399999999999999,-2.3000000000000007,1
-4.6000000000000085,17.5,-22.3,0.519999999999996,0.08900000000000002,0.02999999999999997,7.099999999999994,6.399999999999999,2.3000000000000007,0
-13.199999999999989,-8.5,-4.6,2.0400000000000063,-0.025000000000000022,-0.020999999999999963,5.200000000000003,-0.3999999999999986,-2.5,0
13.199999999999989,8.5,4.6,-2.0400000000000063,0.025000000000000022,0.020999999999999963,-5.200000000000003,0.3999999999999986,2.5,1
-9.099999999999994,-4.400000000000006,-4.5,3.3499999999999943,-0.018000000000000016,0.03300000000000003,3.1000000000000014,-2.1999999999999993,-2.3000000000000007,1
9.099999999999994,4.400000000000006,4.5,-3.3499999999999943,0.018000000000000016,-0.03300000000000003,-3.1000000000000014,2.1999999999999993,2.3000000000000007,0
5.6000000000000085,-0.9000000000000057,6.6,4.980000000000004,-0.02300000000000002,-0.057999999999999996,-1.5999999999999943,1.8000000000000007,-3.8000000000000007,1
-5.6000000000000085,0.9000000000000057,-6.6,-4.980000000000004,0.02300000000000002,0.057999999999999996,1.5999999999999943,-1.8000000000000007,3.8000000000000007,0
-10.099999999999994,-17.5,7.5,-2.469999999999999,-0.08100000000000002,-0.059,0.20000000000000284,-9.099999999999998,-2.1000000000000014,1
10.099999999999994,17.5,-7.5,2.469999999999999,0.08100000000000002,0.059,-0.20000000000000284,9.099999999999998,2.1000000000000014,0
-9.299999999999997,1.0999999999999943,-10.3,0.04000000000000625,0.014999999999999958,-0.0010000000000000009,1.1000000000000014,-0.5,0.09999999999999964,0
9.299999999999997,-1.0999999999999943,10.3,-0.04000000000000625,-0.014999999999999958,0.0010000000000000009,-1.1000000000000014,0.5,-0.09999999999999964,1
-3.0,-6.900000000000006,4.0,-0.29000000000000625,-0.026000000000000023,-0.065,0.8000000000000043,4.700000000000003,-2.200000000000001,1
3.0,6.900000000000006,-4.0,0.29000000000000625,0.026000000000000023,0.065,-0.8000000000000043,-4.700000000000003,2.200000000000001,0
5.6000000000000085,-8.5,14.2,4.909999999999997,-0.057999999999999996,-0.02799999999999997,1.6000000000000014,-4.099999999999998,0.0,1
-5.6000000000000085,8.5,-14.2,-4.909999999999997,0.057999999999999996,0.02799999999999997,-1.6000000000000014,4.099999999999998,0.0,0
-7.699999999999989,-3.0,-4.6,0.980000000000004,-0.008000000000000007,0.031000000000000028,6.100000000000001,2.700000000000003,-0.5,0
7.699999999999989,3.0,4.6,-0.980000000000004,0.008000000000000007,-0.031000000000000028,-6.100000000000001,-2.700000000000003,0.5,1
-8.099999999999994,-7.599999999999994,-0.3999999999999999,3.4599999999999937,-0.025000000000000022,0.0010000000000000009,-2.0999999999999943,-1.8999999999999986,-0.8000000000000007,1
8.099999999999994,7.599999999999994,0.3999999999999999,-3.4599999999999937,0.025000000000000022,-0.0010000000000000009,2.0999999999999943,1.8999999999999986,0.8000000000000007,0
-9.299999999999997,-10.099999999999994,0.7999999999999998,7.469999999999999,-0.039000000000000035,-0.019999999999999962,2.200000000000003,-3.8999999999999986,3.0999999999999996,1
9.299999999999997,10.099999999999994,-0.7999999999999998,-7.469999999999999,0.039000000000000035,0.019999999999999962,-2.200000000000003,3.8999999999999986,-3.0999999999999996,0
-8.399999999999991,-1.2000000000000028,-7.1,4.359999999999999,-0.0030000000000000027,0.01100000000000001,0.9000000000000057,-1.5,-3.200000000000001,0
8.399999999999991,1.2000000000000028,7.1,-4.359999999999999,0.0030000000000000027,-0.01100000000000001,-0.9000000000000057,1.5,3.200000000000001,1
2.200000000000003,-5.5,7.800000000000001,2.010000000000005,-0.014000000000000012,-0.024999999999999967,2.0,3.700000000000003,-3.0,1
-2.200000000000003,5.5,-7.800000000000001,-2.010000000000005,0.014000000000000012,0.024999999999999967,-2.0,-3.700000000000003,3.0,0
-7.599999999999994,4.800000000000011,-12.399999999999999,11.819999999999993,0.044999999999999984,0.0050000000000000044,6.600000000000001,7.0,6.799999999999999,0
7.599999999999994,-4.800000000000011,12.399999999999999,-11.819999999999993,-0.044999999999999984,-0.0050000000000000044,-6.600000000000001,-7.0,-6.799999999999999,1
8.900000000000006,-4.599999999999994,13.600000000000001,4.3700000000000045,-0.016000000000000014,-0.033999999999999975,-0.29999999999999716,-1.5,1.8999999999999986,1
-8.900000000000006,4.599999999999994,-13.600000000000001,-4.3700000000000045,0.016000000000000014,0.033999999999999975,0.29999999999999716,1.5,-1.8999999999999986,0
-8.899999999999991,4.400000000000006,-13.299999999999999,6.930000000000007,0.04799999999999999,-0.024999999999999967,12.0,4.5,1.6999999999999993,0
8.899999999999991,-4.400000000000006,13.299999999999999,-6.930000000000007,-0.04799999999999999,0.024999999999999967,-12.0,-4.5,-1.6999999999999993,1
-4.799999999999997,8.5,-13.2,8.239999999999995,0.05499999999999999,0.029000000000000026,9.899999999999999,2.6999999999999993,1.8999999999999986,0
4.799999999999997,-8.5,13.2,-8.239999999999995,-0.05499999999999999,-0.029000000000000026,-9.899999999999999,-2.6999999999999993,-1.8999999999999986,1
9.900000000000006,12.0,-2.0999999999999996,9.870000000000005,0.04999999999999999,-0.062,5.200000000000003,6.699999999999999,0.3999999999999986,1
-9.900000000000006,-12.0,2.0999999999999996,-9.870000000000005,-0.04999999999999999,0.062,-5.200000000000003,-6.699999999999999,-0.3999999999999986,0
-5.799999999999997,-4.599999999999994,-1.1999999999999993,2.4200000000000017,-0.008000000000000007,-0.063,7.0,-4.199999999999999,2.099999999999998,0
5.799999999999997,4.599999999999994,1.1999999999999993,-2.4200000000000017,0.008000000000000007,0.063,-7.0,4.199999999999999,-2.099999999999998,1
-5.0,14.0,-19.0,4.930000000000007,0.08799999999999997,-0.0050000000000000044,7.899999999999999,4.399999999999999,4.299999999999999,0
5.0,-14.0,19.0,-4.930000000000007,-0.08799999999999997,0.0050000000000000044,-7.899999999999999,-4.399999999999999,-4.299999999999999,1
1.2999999999999972,6.0,-4.699999999999999,4.599999999999994,0.046999999999999986,-0.069,7.600000000000001,9.600000000000001,1.9999999999999982,0
-1.2999999999999972,-6.0,4.699999999999999,-4.599999999999994,-0.046999999999999986,0.069,-7.600000000000001,-9.600000000000001,-1.9999999999999982,0
9.900000000000006,4.400000000000006,5.5,9.799999999999997,0.015000000000000013,-0.03199999999999997,8.399999999999999,0.8000000000000007,4.199999999999999,0
-9.900000000000006,-4.400000000000006,-5.5,-9.799999999999997,-0.015000000000000013,0.03199999999999997,-8.399999999999999,-0.8000000000000007,-4.199999999999999,0
-3.3999999999999915,9.900000000000006,-13.299999999999999,5.8700000000000045,0.065,0.027000000000000024,12.899999999999999,7.600000000000001,3.6999999999999993,0
3.3999999999999915,-9.900000000000006,13.299999999999999,-5.8700000000000045,-0.065,-0.027000000000000024,-12.899999999999999,-7.600000000000001,-3.6999999999999993,1
-3.799999999999997,5.300000000000011,-9.1,8.349999999999994,0.04799999999999999,-0.0030000000000000027,4.700000000000003,3.0,3.3999999999999986,0
3.799999999999997,-5.300000000000011,9.1,-8.349999999999994,-0.04799999999999999,0.0030000000000000027,-4.700000000000003,-3.0,-3.3999999999999986,1
-5.0,2.8000000000000114,-7.8999999999999995,12.36,0.033999999999999975,-0.023999999999999966,9.0,1.0,7.299999999999999,0
5.0,-2.8000000000000114,7.8999999999999995,-12.36,-0.033999999999999975,0.023999999999999966,-9.0,-1.0,-7.299999999999999,1
-4.099999999999994,11.700000000000003,-15.799999999999999,9.25,0.07,0.007000000000000006,7.700000000000003,3.3999999999999986,0.9999999999999982,0
4.099999999999994,-11.700000000000003,15.799999999999999,-9.25,-0.07,-0.007000000000000006,-7.700000000000003,-3.3999999999999986,-0.9999999999999982,1
6.5,7.400000000000006,-0.8999999999999986,6.900000000000006,0.059,-0.02899999999999997,8.799999999999997,8.600000000000001,1.1999999999999993,0
-6.5,-7.400000000000006,0.8999999999999986,-6.900000000000006,-0.059,0.02899999999999997,-8.799999999999997,-8.600000000000001,-1.1999999999999993,0
16.5,-9.400000000000006,26.0,-7.449999999999989,-0.061,-0.03899999999999998,-6.899999999999999,-8.5,-4.9,1
-16.5,9.400000000000006,-26.0,7.449999999999989,0.061,0.03899999999999998,6.899999999999999,8.5,4.9,0
-1.2999999999999972,-0.4000000000000057,-0.8999999999999999,-4.889999999999986,0.0030000000000000027,-0.02999999999999997,5.399999999999999,-2.5,-5.1,0
1.2999999999999972,0.4000000000000057,0.8999999999999999,4.889999999999986,-0.0030000000000000027,0.02999999999999997,-5.399999999999999,2.5,5.1,1
2.799999999999997,3.6999999999999886,-0.7999999999999998,-3.5799999999999983,0.010000000000000009,0.02400000000000002,3.299999999999997,-4.300000000000001,-4.9,0
-2.799999999999997,-3.6999999999999886,0.7999999999999998,3.5799999999999983,-0.010000000000000009,-0.02400000000000002,-3.299999999999997,4.300000000000001,4.9,1
17.5,7.199999999999989,10.3,-1.9499999999999886,0.0050000000000000044,-0.067,-1.3999999999999986,-0.3000000000000007,-6.4,1
-17.5,-7.199999999999989,-10.3,1.9499999999999886,-0.0050000000000000044,0.067,1.3999999999999986,0.3000000000000007,6.4,0
1.7999999999999972,-9.400000000000006,11.2,-9.399999999999991,-0.05299999999999999,-0.068,0.3999999999999986,-11.2,-4.700000000000001,1
-1.7999999999999972,9.400000000000006,-11.2,9.399999999999991,0.05299999999999999,0.068,-0.3999999999999986,11.2,4.700000000000001,0
2.5999999999999943,9.199999999999989,-6.6000000000000005,-6.889999999999986,0.04299999999999998,-0.010000000000000009,1.2999999999999972,-2.6000000000000014,-2.5,0
-2.5999999999999943,-9.199999999999989,6.6000000000000005,6.889999999999986,-0.04299999999999998,0.010000000000000009,-1.2999999999999972,2.6000000000000014,2.5,1
8.899999999999991,1.1999999999999886,7.7,-7.219999999999999,0.0020000000000000018,-0.07400000000000001,1.0,2.6000000000000014,-4.800000000000001,1
-8.899999999999991,-1.1999999999999886,-7.7,7.219999999999999,-0.0020000000000000018,0.07400000000000001,-1.0,-2.6000000000000014,4.800000000000001,0
17.5,-0.4000000000000057,17.9,-2.019999999999996,-0.02999999999999997,-0.03699999999999998,1.7999999999999972,-6.199999999999999,-2.5999999999999996,1
-17.5,0.4000000000000057,-17.9,2.019999999999996,0.02999999999999997,0.03699999999999998,-1.7999999999999972,6.199999999999999,2.5999999999999996,0
4.200000000000003,5.099999999999994,-0.8999999999999999,-5.949999999999989,0.020000000000000018,0.02200000000000002,6.299999999999997,0.6000000000000014,-3.0999999999999996,0
-4.200000000000003,-5.099999999999994,0.8999999999999999,5.949999999999989,-0.020000000000000018,-0.02200000000000002,-6.299999999999997,-0.6000000000000014,3.0999999999999996,1
3.799999999999997,0.5,3.3000000000000003,-3.469999999999999,0.0030000000000000027,-0.008000000000000007,-1.8999999999999986,-4.0,-3.4000000000000004,0
-3.799999999999997,-0.5,-3.3000000000000003,3.469999999999999,-0.0030000000000000027,0.008000000000000007,1.8999999999999986,4.0,3.4000000000000004,0
2.5999999999999943,-2.0,4.5,0.5400000000000063,-0.01100000000000001,-0.02899999999999997,2.3999999999999986,-6.0,0.5,1
-2.5999999999999943,2.0,-4.5,-0.5400000000000063,0.01100000000000001,0.02899999999999997,-2.3999999999999986,6.0,-0.5,0
3.5,6.8999999999999915,-3.3999999999999995,-2.569999999999993,0.025000000000000022,0.0020000000000000018,1.1000000000000014,-3.6000000000000014,-5.800000000000001,0
-3.5,-6.8999999999999915,3.3999999999999995,2.569999999999993,-0.025000000000000022,-0.0020000000000000018,-1.1000000000000014,3.6000000000000014,5.800000000000001,1
14.099999999999994,2.5999999999999943,11.5,-4.9199999999999875,0.014000000000000012,-0.033999999999999975,2.1999999999999957,1.6000000000000014,-5.6,1
-14.099999999999994,-2.5999999999999943,-11.5,4.9199999999999875,-0.014000000000000012,0.033999999999999975,-2.1999999999999957,-1.6000000000000014,5.6,0
-17.799999999999997,9.0,-26.900000000000002,2.5600000000000023,0.064,0.009000000000000008,12.299999999999997,6.0,-0.1999999999999993,0
17.799999999999997,-9.0,26.900000000000002,-2.5600000000000023,-0.064,-0.009000000000000008,-12.299999999999997,-6.0,0.1999999999999993,1
-13.700000000000003,13.099999999999994,-26.8,3.8699999999999903,0.07100000000000001,0.063,10.199999999999996,4.199999999999999,0.0,0
13.700000000000003,-13.099999999999994,26.8,-3.8699999999999903,-0.07100000000000001,-0.063,-10.199999999999996,-4.199999999999999,0.0,1
1.0,16.599999999999994,-15.700000000000001,5.5,0.066,-0.028000000000000025,5.5,8.2,-1.5,0
-1.0,-16.599999999999994,15.700000000000001,-5.5,-0.066,0.028000000000000025,-5.5,-8.2,1.5,0
-14.700000000000003,0.0,-14.8,-1.9500000000000028,0.008000000000000007,-0.029000000000000026,7.299999999999997,-2.6999999999999993,0.1999999999999993,0
14.700000000000003,0.0,14.8,1.9500000000000028,-0.008000000000000007,0.029000000000000026,-7.299999999999997,2.6999999999999993,-0.1999999999999993,1
-13.900000000000006,18.599999999999994,-32.6,0.5600000000000023,0.10399999999999998,0.02899999999999997,8.199999999999996,5.899999999999999,2.4000000000000004,0
13.900000000000006,-18.599999999999994,32.6,-0.5600000000000023,-0.10399999999999998,-0.02899999999999997,-8.199999999999996,-5.899999999999999,-2.4000000000000004,1
-7.6000000000000085,10.599999999999994,-18.3,0.22999999999998977,0.063,-0.03500000000000003,7.899999999999999,11.100000000000001,0.09999999999999964,0
7.6000000000000085,-10.599999999999994,18.3,-0.22999999999998977,-0.063,0.03500000000000003,-7.899999999999999,-11.100000000000001,-0.09999999999999964,1
1.0,9.0,-8.100000000000001,5.429999999999993,0.031000000000000028,0.0020000000000000018,8.699999999999996,2.3000000000000007,2.3000000000000007,0
-1.0,-9.0,8.100000000000001,-5.429999999999993,-0.031000000000000028,-0.0020000000000000018,-8.699999999999996,-2.3000000000000007,-2.3000000000000007,1
-12.299999999999997,14.5,-26.900000000000002,1.5,0.08100000000000002,0.061,13.199999999999996,9.100000000000001,1.8000000000000007,0
12.299999999999997,-14.5,26.900000000000002,-1.5,-0.08100000000000002,-0.061,-13.199999999999996,-9.100000000000001,-1.8000000000000007,1
-12.700000000000003,9.900000000000006,-22.7,3.9799999999999898,0.064,0.030999999999999972,5.0,4.5,1.5,0
12.700000000000003,-9.900000000000006,22.7,-3.9799999999999898,-0.064,-0.030999999999999972,-5.0,-4.5,-1.5,1
-13.900000000000006,7.400000000000006,-21.5,7.989999999999995,0.04999999999999999,0.010000000000000009,9.299999999999997,2.5,5.4,0
13.900000000000006,-7.400000000000006,21.5,-7.989999999999995,-0.04999999999999999,-0.010000000000000009,-9.299999999999997,-2.5,-5.4,1
-13.0,16.299999999999997,-29.4,4.8799999999999955,0.08600000000000002,0.04099999999999998,8.0,4.899999999999999,-0.9000000000000004,0
13.0,-16.299999999999997,29.4,-4.8799999999999955,-0.08600000000000002,-0.04099999999999998,-8.0,-4.899999999999999,0.9000000000000004,1
-2.4000000000000057,12.0,-14.5,2.530000000000001,0.07500000000000001,0.0050000000000000044,9.099999999999994,10.100000000000001,-0.6999999999999993,0
2.4000000000000057,-12.0,14.5,-2.530000000000001,-0.07500000000000001,-0.0050000000000000044,-9.099999999999994,-10.100000000000001,0.6999999999999993,1
4.099999999999994,4.099999999999994,0.10000000000000009,1.309999999999988,0.007000000000000006,0.05399999999999999,-2.1000000000000014,-1.8000000000000007,0.1999999999999993,1
-4.099999999999994,-4.099999999999994,-0.10000000000000009,-1.309999999999988,-0.007000000000000006,-0.05399999999999999,2.1000000000000014,1.8000000000000007,-0.1999999999999993,0
18.799999999999997,7.599999999999994,11.2,2.9399999999999977,0.0020000000000000018,-0.03700000000000003,-6.799999999999997,2.1999999999999993,-1.3000000000000007,1
-18.799999999999997,-7.599999999999994,-11.2,-2.9399999999999977,-0.0020000000000000018,0.03700000000000003,6.799999999999997,-2.1999999999999993,1.3000000000000007,0
3.0999999999999943,-9.0,12.1,-4.510000000000005,-0.055999999999999994,-0.038000000000000034,-5.0,-8.7,0.3999999999999986,1
-3.0999999999999943,9.0,-12.1,4.510000000000005,0.055999999999999994,0.038000000000000034,5.0,8.7,-0.3999999999999986,0
3.8999999999999915,9.599999999999994,-5.700000000000001,-2.0,0.03999999999999998,0.019999999999999962,-4.100000000000001,-0.10000000000000142,2.5999999999999996,0
-3.8999999999999915,-9.599999999999994,5.700000000000001,2.0,-0.03999999999999998,-0.019999999999999962,4.100000000000001,0.10000000000000142,-2.5999999999999996,1
10.199999999999989,1.5999999999999943,8.6,-2.3300000000000125,-0.0010000000000000009,-0.04400000000000004,-4.399999999999999,5.100000000000001,0.29999999999999893,1
-10.199999999999989,-1.5999999999999943,-8.6,2.3300000000000125,0.0010000000000000009,0.04400000000000004,4.399999999999999,-5.100000000000001,-0.29999999999999893,0
18.799999999999997,0.0,18.8,2.8699999999999903,-0.032999999999999974,-0.007000000000000006,-3.6000000000000014,-3.6999999999999993,2.5,1
-18.799999999999997,0.0,-18.8,-2.8699999999999903,0.032999999999999974,0.007000000000000006,3.6000000000000014,3.6999999999999993,-2.5,0
5.5,5.5,0.0,-1.0600000000000023,0.017000000000000015,0.05199999999999999,0.8999999999999986,3.1000000000000014,2.0,1
-5.5,-5.5,0.0,1.0600000000000023,-0.017000000000000015,-0.05199999999999999,-0.8999999999999986,-3.1000000000000014,-2.0,0
5.099999999999994,0.9000000000000057,4.2,1.4199999999999875,0.0,0.021999999999999964,-7.299999999999997,-1.5,1.6999999999999993,1
-5.099999999999994,-0.9000000000000057,-4.2,-1.4199999999999875,0.0,-0.021999999999999964,7.299999999999997,1.5,-1.6999999999999993,0
3.8999999999999915,-1.5999999999999943,5.4,5.429999999999993,-0.014000000000000012,0.0010000000000000009,-3.0,-3.5,5.6,1
-3.8999999999999915,1.5999999999999943,-5.4,-5.429999999999993,0.014000000000000012,-0.0010000000000000009,3.0,3.5,-5.6,0
4.799999999999997,7.299999999999997,-2.4999999999999996,2.319999999999993,0.02200000000000002,0.03199999999999997,-4.299999999999997,-1.1000000000000014,-0.7000000000000011,0
-4.799999999999997,-7.299999999999997,2.4999999999999996,-2.319999999999993,-0.02200000000000002,-0.03199999999999997,4.299999999999997,1.1000000000000014,0.7000000000000011,1
15.399999999999991,3.0,12.4,-0.030000000000001137,0.01100000000000001,-0.0040000000000000036,-3.200000000000003,4.100000000000001,-0.5,1
-15.399999999999991,-3.0,-12.4,0.030000000000001137,-0.01100000000000001,0.0040000000000000036,3.200000000000003,-4.100000000000001,0.5,0
14.700000000000003,3.5,11.1,1.6300000000000097,-0.0050000000000000044,-0.09100000000000003,-4.699999999999996,4.0,-1.5,1
-14.700000000000003,-3.5,-11.1,-1.6300000000000097,0.0050000000000000044,0.09100000000000003,4.699999999999996,-4.0,1.5,0
-1.0,-13.099999999999994,12.0,-5.819999999999993,-0.063,-0.09200000000000003,-2.8999999999999986,-6.899999999999999,0.1999999999999993,1
1.0,13.099999999999994,-12.0,5.819999999999993,0.063,0.09200000000000003,2.8999999999999986,6.899999999999999,-0.1999999999999993,0
-0.20000000000000284,5.5,-5.800000000000001,-3.309999999999988,0.032999999999999974,-0.03400000000000003,-2.0,1.6999999999999993,2.4000000000000004,0
0.20000000000000284,-5.5,5.800000000000001,3.309999999999988,-0.032999999999999974,0.03400000000000003,2.0,-1.6999999999999993,-2.4000000000000004,1
6.099999999999994,-2.5,8.5,-3.6400000000000006,-0.008000000000000007,-0.09800000000000003,-2.299999999999997,6.900000000000002,0.09999999999999964,1
-6.099999999999994,2.5,-8.5,3.6400000000000006,0.008000000000000007,0.09800000000000003,2.299999999999997,-6.900000000000002,-0.09999999999999964,0
14.700000000000003,-4.099999999999994,18.7,1.5600000000000023,-0.03999999999999998,-0.061,-1.5,-1.8999999999999986,2.3000000000000007,1
-14.700000000000003,4.099999999999994,-18.7,-1.5600000000000023,0.03999999999999998,0.061,1.5,1.8999999999999986,-2.3000000000000007,0
1.4000000000000057,1.4000000000000057,-0.10000000000000009,-2.3699999999999903,0.010000000000000009,-0.0020000000000000018,3.0,4.900000000000002,1.8000000000000007,0
-1.4000000000000057,-1.4000000000000057,0.10000000000000009,2.3699999999999903,-0.010000000000000009,0.0020000000000000018,-3.0,-4.900000000000002,-1.8000000000000007,1
1.0,-3.1999999999999886,4.1,0.10999999999999943,-0.007000000000000006,-0.03200000000000003,-5.199999999999996,0.3000000000000007,1.5,1
-1.0,3.1999999999999886,-4.1,-0.10999999999999943,0.007000000000000006,0.03200000000000003,5.199999999999996,-0.3000000000000007,-1.5,0
-0.20000000000000284,-5.699999999999989,5.3,4.1200000000000045,-0.02100000000000002,-0.05299999999999999,-0.8999999999999986,-1.6999999999999993,5.4,1
0.20000000000000284,5.699999999999989,-5.3,-4.1200000000000045,0.02100000000000002,0.05299999999999999,0.8999999999999986,1.6999999999999993,-5.4,0
0.7000000000000028,3.200000000000003,-2.5999999999999996,1.0100000000000051,0.015000000000000013,-0.02200000000000002,-2.1999999999999957,0.6999999999999993,-0.9000000000000004,0
-0.7000000000000028,-3.200000000000003,2.5999999999999996,-1.0100000000000051,-0.015000000000000013,0.02200000000000002,2.1999999999999957,-0.6999999999999993,0.9000000000000004,1
11.299999999999997,-1.0999999999999943,12.3,-1.3399999999999892,0.0040000000000000036,-0.057999999999999996,-1.1000000000000014,5.900000000000002,-0.6999999999999993,1
-11.299999999999997,1.0999999999999943,-12.3,1.3399999999999892,-0.0040000000000000036,0.057999999999999996,1.1000000000000014,-5.900000000000002,0.6999999999999993,0
-15.700000000000003,-16.599999999999994,0.9000000000000004,-7.450000000000003,-0.057999999999999996,-0.0010000000000000009,1.7999999999999972,-10.899999999999999,1.6999999999999993,0
15.700000000000003,16.599999999999994,-0.9000000000000004,7.450000000000003,0.057999999999999996,0.0010000000000000009,-1.7999999999999972,10.899999999999999,-1.6999999999999993,1
-14.900000000000006,2.0,-16.9,-4.939999999999998,0.03799999999999998,0.056999999999999995,2.6999999999999957,-2.3000000000000007,3.9000000000000004,0
14.900000000000006,-2.0,16.9,4.939999999999998,-0.03799999999999998,-0.056999999999999995,-2.6999999999999957,2.3000000000000007,-3.9000000000000004,1
-8.600000000000009,-6.0,-2.5999999999999996,-5.27000000000001,-0.0030000000000000027,-0.007000000000000006,2.3999999999999986,2.900000000000002,1.5999999999999996,0
8.600000000000009,6.0,2.5999999999999996,5.27000000000001,0.0030000000000000027,0.007000000000000006,-2.3999999999999986,-2.900000000000002,-1.5999999999999996,1
0.0,-7.599999999999994,7.6,-0.07000000000000739,-0.034999999999999976,0.030000000000000027,3.1999999999999957,-5.899999999999999,3.8000000000000007,0
0.0,7.599999999999994,-7.6,0.07000000000000739,0.034999999999999976,-0.030000000000000027,-3.1999999999999957,5.899999999999999,-3.8000000000000007,1
-13.299999999999997,-2.0999999999999943,-11.2,-4.0,0.015000000000000013,0.08900000000000002,7.699999999999996,0.9000000000000021,3.3000000000000007,0
13.299999999999997,2.0999999999999943,11.2,4.0,-0.015000000000000013,-0.08900000000000002,-7.699999999999996,-0.9000000000000021,-3.3000000000000007,1
-13.700000000000003,-6.699999999999989,-7.0,-1.5200000000000102,-0.0020000000000000018,0.059,-0.5,-3.6999999999999993,3.0,0
13.700000000000003,6.699999999999989,7.0,1.5200000000000102,0.0020000000000000018,-0.059,0.5,3.6999999999999993,-3.0,1
-14.900000000000006,-9.199999999999989,-5.8,2.489999999999995,-0.016000000000000014,0.038000000000000034,3.799999999999997,-5.699999999999999,6.9,0
14.900000000000006,9.199999999999989,5.8,-2.489999999999995,0.016000000000000014,-0.038000000000000034,-3.799999999999997,5.699999999999999,-6.9,1
-14.0,-0.29999999999999716,-13.7,-0.6200000000000045,0.020000000000000018,0.069,2.5,-3.3000000000000007,0.5999999999999996,0
14.0,0.29999999999999716,13.7,0.6200000000000045,-0.020000000000000018,-0.069,-2.5,3.3000000000000007,-0.5999999999999996,1
-3.4000000000000057,-4.599999999999994,1.200000000000001,-2.969999999999999,0.009000000000000008,0.03300000000000003,3.5999999999999943,1.9000000000000021,0.8000000000000007,0
3.4000000000000057,4.599999999999994,-1.200000000000001,2.969999999999999,-0.009000000000000008,-0.03300000000000003,-3.5999999999999943,-1.9000000000000021,-0.8000000000000007,1
0.7999999999999972,18.599999999999994,-17.8,2.510000000000005,0.09599999999999997,0.057999999999999996,0.8999999999999986,8.599999999999998,2.200000000000001,0
-0.7999999999999972,-18.599999999999994,17.8,-2.510000000000005,-0.09599999999999997,-0.057999999999999996,-0.8999999999999986,-8.599999999999998,-2.200000000000001,1
7.099999999999994,10.599999999999994,-3.5,2.1799999999999926,0.05499999999999999,-0.006000000000000005,0.6000000000000014,13.8,-0.09999999999999964,1
-7.099999999999994,-10.599999999999994,3.5,-2.1799999999999926,-0.05499999999999999,0.006000000000000005,-0.6000000000000014,-13.8,0.09999999999999964,0
15.700000000000003,9.0,6.699999999999999,7.3799999999999955,0.02300000000000002,0.031000000000000028,1.3999999999999986,5.0,2.1000000000000014,1
-15.700000000000003,-9.0,-6.699999999999999,-7.3799999999999955,-0.02300000000000002,-0.031000000000000028,-1.3999999999999986,-5.0,-2.1000000000000014,0
2.4000000000000057,14.5,-12.1,3.450000000000003,0.07300000000000001,0.09000000000000002,5.899999999999999,11.8,1.6000000000000014,0
-2.4000000000000057,-14.5,12.1,-3.450000000000003,-0.07300000000000001,-0.09000000000000002,-5.899999999999999,-11.8,-1.6000000000000014,1
2.0,9.900000000000006,-7.9,5.929999999999993,0.055999999999999994,0.06,-2.299999999999997,7.199999999999999,1.3000000000000007,0
-2.0,-9.900000000000006,7.9,-5.929999999999993,-0.055999999999999994,-0.06,2.299999999999997,-7.199999999999999,-1.3000000000000007,1
0.7999999999999972,7.400000000000006,-6.7,9.939999999999998,0.04199999999999998,0.039000000000000035,2.0,5.199999999999999,5.200000000000001,0
-0.7999999999999972,-7.400000000000006,6.7,-9.939999999999998,-0.04199999999999998,-0.039000000000000035,-2.0,-5.199999999999999,-5.200000000000001,1
1.7000000000000028,16.299999999999997,-14.6,6.829999999999998,0.07800000000000001,0.07,0.7000000000000028,7.599999999999998,-1.0999999999999996,0
-1.7000000000000028,-16.299999999999997,14.6,-6.829999999999998,-0.07800000000000001,-0.07,-0.7000000000000028,-7.599999999999998,1.0999999999999996,1
12.299999999999997,12.0,0.3000000000000007,4.480000000000004,0.067,0.03400000000000003,1.7999999999999972,12.8,-0.8999999999999986,1
-12.299999999999997,-12.0,-0.3000000000000007,-4.480000000000004,-0.067,-0.03400000000000003,-1.7999999999999972,-12.8,0.8999999999999986,0
6.299999999999997,-8.0,14.3,-0.3300000000000125,-0.04099999999999998,-0.064,-0.29999999999999716,5.200000000000003,-2.3000000000000007,1
-6.299999999999997,8.0,-14.3,0.3300000000000125,0.04099999999999998,0.064,0.29999999999999716,-5.200000000000003,2.3000000000000007,0
14.900000000000006,-9.599999999999994,24.5,4.86999999999999,-0.07299999999999995,-0.02699999999999997,0.5,-3.599999999999998,-0.09999999999999964,1
-14.900000000000006,9.599999999999994,-24.5,-4.86999999999999,0.07299999999999995,0.02699999999999997,-0.5,3.599999999999998,0.09999999999999964,0
1.6000000000000085,-4.099999999999994,5.700000000000001,0.9399999999999977,-0.022999999999999965,0.03200000000000003,5.0,3.200000000000003,-0.5999999999999996,1
-1.6000000000000085,4.099999999999994,-5.700000000000001,-0.9399999999999977,0.022999999999999965,-0.03200000000000003,-5.0,-3.200000000000003,0.5999999999999996,0
1.2000000000000028,-8.699999999999989,9.9,3.4199999999999875,-0.03999999999999998,0.0020000000000000018,-3.1999999999999957,-1.3999999999999986,-0.9000000000000004,1
-1.2000000000000028,8.699999999999989,-9.9,-3.4199999999999875,0.03999999999999998,-0.0020000000000000018,3.1999999999999957,1.3999999999999986,0.9000000000000004,0
0.0,-11.199999999999989,11.100000000000001,7.429999999999993,-0.05399999999999999,-0.01899999999999996,1.1000000000000014,-3.3999999999999986,3.0,1
0.0,11.199999999999989,-11.100000000000001,-7.429999999999993,0.05399999999999999,0.01899999999999996,-1.1000000000000014,3.3999999999999986,-3.0,0
0.9000000000000057,-2.299999999999997,3.200000000000001,4.319999999999993,-0.01799999999999996,0.01200000000000001,-0.19999999999999574,-1.0,-3.3000000000000007,0
-0.9000000000000057,2.299999999999997,-3.200000000000001,-4.319999999999993,0.01799999999999996,-0.01200000000000001,0.19999999999999574,1.0,3.3000000000000007,0
11.5,-6.599999999999994,18.1,1.9699999999999989,-0.02899999999999997,-0.023999999999999966,0.8999999999999986,4.200000000000003,-3.0999999999999996,1
-11.5,6.599999999999994,-18.1,-1.9699999999999989,0.02899999999999997,0.023999999999999966,-0.8999999999999986,-4.200000000000003,3.0999999999999996,0
8.600000000000009,-1.5999999999999943,10.2,5.200000000000003,-0.03199999999999997,0.03700000000000003,0.7999999999999972,-8.8,2.200000000000001,0
-8.600000000000009,1.5999999999999943,-10.2,-5.200000000000003,0.03199999999999997,-0.03700000000000003,-0.7999999999999972,8.8,-2.200000000000001,0
-4.699999999999989,3.9000000000000057,-8.6,1.2700000000000102,0.018000000000000016,0.09600000000000003,5.299999999999997,-2.0,1.700000000000001,0
4.699999999999989,-3.9000000000000057,8.6,-1.2700000000000102,-0.018000000000000016,-0.09600000000000003,-5.299999999999997,2.0,-1.700000000000001,1
-5.099999999999994,-0.6999999999999886,-4.4,3.75,0.0010000000000000009,0.066,-2.8999999999999986,-6.600000000000001,1.4000000000000004,0
5.099999999999994,0.6999999999999886,4.4,-3.75,-0.0010000000000000009,-0.066,2.8999999999999986,6.600000000000001,-1.4000000000000004,1
-6.299999999999997,-3.1999999999999886,-3.2,7.760000000000005,-0.013000000000000012,0.04500000000000004,1.3999999999999986,-8.600000000000001,5.300000000000001,0
6.299999999999997,3.1999999999999886,3.2,-7.760000000000005,0.013000000000000012,-0.04500000000000004,-1.3999999999999986,8.600000000000001,-5.300000000000001,1
-5.3999999999999915,5.700000000000003,-11.1,4.650000000000006,0.02300000000000002,0.07600000000000001,0.10000000000000142,-6.200000000000003,-1.0,0
5.3999999999999915,-5.700000000000003,11.1,-4.650000000000006,-0.02300000000000002,-0.07600000000000001,-0.10000000000000142,6.200000000000003,1.0,1
5.200000000000003,1.4000000000000057,3.8000000000000007,2.3000000000000114,0.01200000000000001,0.040000000000000036,1.1999999999999957,-1.0,-0.7999999999999989,0
-5.200000000000003,-1.4000000000000057,-3.8000000000000007,-2.3000000000000114,-0.01200000000000001,-0.040000000000000036,-1.1999999999999957,1.0,0.7999999999999989,0
-13.299999999999997,5.5,-18.8,-3.9299999999999926,0.04999999999999999,0.059,4.5,6.800000000000001,-0.5,0
13.299999999999997,-5.5,18.8,3.9299999999999926,-0.04999999999999999,-0.059,-4.5,-6.800000000000001,0.5,1
-13.700000000000003,0.9000000000000057,-14.6,-1.4500000000000028,0.032999999999999974,0.02899999999999997,-3.6999999999999957,2.1999999999999993,-0.8000000000000007,0
13.700000000000003,-0.9000000000000057,14.6,1.4500000000000028,-0.032999999999999974,-0.02899999999999997,3.6999999999999957,-2.1999999999999993,0.8000000000000007,1
-14.900000000000006,-1.5999999999999943,-13.399999999999999,2.5600000000000023,0.01899999999999996,0.008000000000000007,0.6000000000000014,0.1999999999999993,3.0999999999999996,0
14.900000000000006,1.5999999999999943,13.399999999999999,-2.5600000000000023,-0.01899999999999996,-0.008000000000000007,-0.6000000000000014,-0.1999999999999993,-3.0999999999999996,1
-14.0,7.299999999999997,-21.299999999999997,-0.5499999999999972,0.05499999999999999,0.03899999999999998,-0.6999999999999957,2.599999999999998,-3.200000000000001,0
14.0,-7.299999999999997,21.299999999999997,0.5499999999999972,-0.05499999999999999,-0.03899999999999998,0.6999999999999957,-2.599999999999998,3.200000000000001,1
-3.4000000000000057,3.0,-6.399999999999999,-2.8999999999999915,0.043999999999999984,0.0030000000000000027,0.3999999999999986,7.800000000000001,-3.0,0
3.4000000000000057,-3.0,6.399999999999999,2.8999999999999915,-0.043999999999999984,-0.0030000000000000027,-0.3999999999999986,-7.800000000000001,3.0,0
-0.4000000000000057,-4.599999999999994,4.2,2.4799999999999898,-0.017000000000000015,-0.030000000000000027,-8.199999999999996,-4.600000000000001,-0.3000000000000007,1
0.4000000000000057,4.599999999999994,-4.2,-2.4799999999999898,0.017000000000000015,0.030000000000000027,8.199999999999996,4.600000000000001,0.3000000000000007,0
-1.6000000000000085,-7.099999999999994,5.4,6.489999999999995,-0.031000000000000028,-0.05099999999999999,-3.8999999999999986,-6.600000000000001,3.5999999999999996,1
1.6000000000000085,7.099999999999994,-5.4,-6.489999999999995,0.031000000000000028,0.05099999999999999,3.8999999999999986,6.600000000000001,-3.5999999999999996,0
-0.7000000000000028,1.7999999999999972,-2.4999999999999996,3.3799999999999955,0.0050000000000000044,-0.020000000000000018,-5.199999999999996,-4.200000000000003,-2.700000000000001,0
0.7000000000000028,-1.7999999999999972,2.4999999999999996,-3.3799999999999955,-0.0050000000000000044,0.020000000000000018,5.199999999999996,4.200000000000003,2.700000000000001,1
9.899999999999991,-2.5,12.4,1.0300000000000011,-0.006000000000000005,-0.055999999999999994,-4.100000000000001,1.0,-2.5,1
-9.899999999999991,2.5,-12.4,-1.0300000000000011,0.006000000000000005,0.055999999999999994,4.100000000000001,-1.0,2.5,0
-1.2000000000000028,-2.5,1.1999999999999997,4.010000000000005,-0.014000000000000012,-0.020999999999999963,4.299999999999997,-2.0,3.9000000000000004,1
1.2000000000000028,2.5,-1.1999999999999997,-4.010000000000005,0.014000000000000012,0.020999999999999963,-4.299999999999997,2.0,-3.9000000000000004,0
-0.29999999999999716,6.3999999999999915,-6.699999999999999,0.9000000000000057,0.02200000000000002,0.010000000000000009,3.0,0.3999999999999986,-2.4000000000000004,0
0.29999999999999716,-6.3999999999999915,6.699999999999999,-0.9000000000000057,-0.02200000000000002,-0.010000000000000009,-3.0,-0.3999999999999986,2.4000000000000004,1
10.299999999999997,2.0999999999999943,8.200000000000001,-1.4499999999999886,0.01100000000000001,-0.025999999999999968,4.099999999999994,5.600000000000001,-2.1999999999999993,1
-10.299999999999997,-2.0999999999999943,-8.200000000000001,1.4499999999999886,-0.01100000000000001,0.025999999999999968,-4.099999999999994,-5.600000000000001,2.1999999999999993,0
0.9000000000000057,8.899999999999991,-7.8999999999999995,-3.1099999999999994,0.03600000000000003,0.030999999999999972,-1.2999999999999972,2.3999999999999986,-6.300000000000001,0
-0.9000000000000057,-8.899999999999991,7.8999999999999995,3.1099999999999994,-0.03600000000000003,-0.030999999999999972,1.2999999999999972,-2.3999999999999986,6.300000000000001,1
11.5,4.599999999999994,7.000000000000001,-5.459999999999994,0.025000000000000022,-0.0050000000000000044,-0.20000000000000284,7.600000000000001,-6.1,1
-11.5,-4.599999999999994,-7.000000000000001,5.459999999999994,-0.025000000000000022,0.0050000000000000044,0.20000000000000284,-7.600000000000001,6.1,0
10.599999999999994,-4.299999999999997,14.9,-2.3499999999999943,-0.01100000000000001,-0.035999999999999976,1.0999999999999943,5.200000000000003,0.20000000000000107,1
-10.599999999999994,4.299999999999997,-14.9,2.3499999999999943,0.01100000000000001,0.035999999999999976,-1.0999999999999943,-5.200000000000003,-0.20000000000000107,0
9.199999999999989,-16.60000000000001,25.7,-6.680000000000007,-0.07200000000000001,-0.122,-9.200000000000003,-8.3,0.5999999999999996,1
-9.199999999999989,16.60000000000001,-25.7,6.680000000000007,0.07200000000000001,0.122,9.200000000000003,8.3,-0.5999999999999996,0
-0.5,-15.100000000000009,14.600000000000001,-6.230000000000004,-0.07800000000000001,-0.09300000000000003,-4.5,1.0,0.5999999999999996,1
0.5,15.100000000000009,-14.600000000000001,6.230000000000004,0.07800000000000001,0.09300000000000003,4.5,-1.0,-0.5999999999999996,0
-1.0,-8.700000000000003,7.699999999999999,1.4499999999999886,-0.05399999999999999,-0.062,1.2999999999999972,-0.3000000000000007,-1.0,1
1.0,8.700000000000003,-7.699999999999999,-1.4499999999999886,0.05399999999999999,0.062,-1.2999999999999972,0.3000000000000007,1.0,0
3.8999999999999915,-0.5,4.5,-2.8600000000000136,-0.039000000000000035,-0.035999999999999976,-6.200000000000003,1.0999999999999979,-4.500000000000002,1
-3.8999999999999915,0.5,-4.5,2.8600000000000136,0.039000000000000035,0.035999999999999976,6.200000000000003,-1.0999999999999979,4.500000000000002,0
7.699999999999989,-6.400000000000006,14.100000000000001,-1.5600000000000023,-0.041000000000000036,-0.08000000000000002,-3.700000000000003,-1.8000000000000007,-1.700000000000001,1
-7.699999999999989,6.400000000000006,-14.100000000000001,1.5600000000000023,0.041000000000000036,0.08000000000000002,3.700000000000003,1.8000000000000007,1.700000000000001,0
-2.8000000000000114,-3.799999999999997,1.0999999999999996,-2.5800000000000125,-0.045999999999999985,-0.04799999999999999,-1.0,0.1999999999999993,-1.0999999999999996,1
2.8000000000000114,3.799999999999997,-1.0999999999999996,2.5800000000000125,0.045999999999999985,0.04799999999999999,1.0,-0.1999999999999993,1.0999999999999996,0
-4.0,-2.4000000000000057,-1.6000000000000005,-1.2000000000000028,-0.030000000000000027,-0.05199999999999999,4.5,0.3999999999999986,-1.9000000000000004,0
4.0,2.4000000000000057,1.6000000000000005,1.2000000000000028,0.030000000000000027,0.05199999999999999,-4.5,-0.3999999999999986,1.9000000000000004,1
-1.1000000000000085,-4.5,3.4,-0.25,-0.03300000000000003,-0.035999999999999976,-0.9000000000000057,-1.6000000000000014,-1.5,0
1.1000000000000085,4.5,-3.4,0.25,0.03300000000000003,0.035999999999999976,0.9000000000000057,1.6000000000000014,1.5,1
2.5,-1.0,3.5,-4.730000000000004,-0.015000000000000013,-0.064,-1.9000000000000057,-2.1000000000000014,-2.3000000000000007,1
-2.5,1.0,-3.5,4.730000000000004,0.015000000000000013,0.064,1.9000000000000057,2.1000000000000014,2.3000000000000007,0
9.899999999999991,-2.0,11.899999999999999,-4.3300000000000125,-0.01200000000000001,-0.04799999999999999,-1.5,0.8000000000000007,-0.09999999999999964,1
-9.899999999999991,2.0,-11.899999999999999,4.3300000000000125,0.01200000000000001,0.04799999999999999,1.5,-0.8000000000000007,0.09999999999999964,0
9.699999999999989,-5.200000000000003,14.899999999999999,-8.280000000000001,-0.059,-0.07200000000000001,-8.600000000000001,-5.199999999999999,-4.000000000000002,1
-9.699999999999989,5.200000000000003,-14.899999999999999,8.280000000000001,0.059,0.07200000000000001,8.600000000000001,5.199999999999999,4.000000000000002,0
6.599999999999994,-10.900000000000006,17.6,0.5699999999999932,-0.029000000000000026,-0.03899999999999998,-1.5,3.1999999999999993,2.0999999999999996,1
-6.599999999999994,10.900000000000006,-17.6,-0.5699999999999932,0.029000000000000026,0.03899999999999998,1.5,-3.1999999999999993,-2.0999999999999996,0
7.5,-8.200000000000003,15.7,-6.0800000000000125,-0.061,-0.03200000000000003,-6.600000000000001,-3.8000000000000007,-2.4000000000000004,1
-7.5,8.200000000000003,-15.7,6.0800000000000125,0.061,0.03200000000000003,6.600000000000001,3.8000000000000007,2.4000000000000004,0
2.8999999999999915,1.3999999999999915,1.5,-2.3100000000000023,-0.006000000000000005,-0.025000000000000022,-4.300000000000004,-1.3000000000000007,-2.700000000000001,0
-2.8999999999999915,-1.3999999999999915,-1.5,2.3100000000000023,0.006000000000000005,0.025000000000000022,4.300000000000004,1.3000000000000007,2.700000000000001,1
-8.700000000000003,-10.5,1.7999999999999998,3.489999999999995,-0.04300000000000004,-0.10999999999999999,-0.20000000000000284,0.09999999999999787,0.5999999999999996,1
8.700000000000003,10.5,-1.7999999999999998,-3.489999999999995,0.04300000000000004,0.10999999999999999,0.20000000000000284,-0.09999999999999787,-0.5999999999999996,0
-9.699999999999989,1.5,-11.099999999999998,0.45000000000000284,-0.006000000000000005,0.02899999999999997,4.700000000000003,9.3,0.0,0
9.699999999999989,-1.5,11.099999999999998,-0.45000000000000284,0.006000000000000005,-0.02899999999999997,-4.700000000000003,-9.3,0.0,1
-10.199999999999989,7.900000000000006,-18.0,8.129999999999995,0.018000000000000016,0.06,10.5,8.0,-1.5999999999999996,0
10.199999999999989,-7.900000000000006,18.0,-8.129999999999995,-0.018000000000000016,-0.06,-10.5,-8.0,1.5999999999999996,1
-5.299999999999997,16.10000000000001,-21.2,3.819999999999993,0.032999999999999974,0.08600000000000002,3.0,9.399999999999999,-5.100000000000001,0
5.299999999999997,-16.10000000000001,21.2,-3.819999999999993,-0.032999999999999974,-0.08600000000000002,-3.0,-9.399999999999999,5.100000000000001,1
-1.5,10.200000000000003,-11.599999999999998,5.1200000000000045,0.030999999999999972,0.04199999999999998,5.5,6.5,-2.3000000000000007,0
1.5,-10.200000000000003,11.599999999999998,-5.1200000000000045,-0.030999999999999972,-0.04199999999999998,-5.5,-6.5,2.3000000000000007,0
-12.0,12.800000000000011,-24.599999999999998,4.099999999999994,0.026000000000000023,0.07400000000000001,8.200000000000003,8.5,-1.6999999999999993,0
12.0,-12.800000000000011,24.599999999999998,-4.099999999999994,-0.026000000000000023,-0.07400000000000001,-8.200000000000003,-8.5,1.6999999999999993,1
-13.199999999999989,14.200000000000003,-27.299999999999997,5.480000000000004,0.04199999999999998,0.07,13.700000000000003,8.7,-2.5,0
13.199999999999989,-14.200000000000003,27.299999999999997,-5.480000000000004,-0.04199999999999998,-0.07,-13.700000000000003,-8.7,2.5,1
-10.299999999999997,12.100000000000009,-22.299999999999997,6.430000000000007,0.03899999999999998,0.08600000000000002,8.299999999999997,6.699999999999999,-2.0999999999999996,0
10.299999999999997,-12.100000000000009,22.299999999999997,-6.430000000000007,-0.03899999999999998,-0.08600000000000002,-8.299999999999997,-6.699999999999999,2.0999999999999996,1
-6.699999999999989,15.600000000000009,-22.2,1.9500000000000028,0.056999999999999995,0.057999999999999996,7.299999999999997,6.199999999999999,-2.9000000000000004,0
6.699999999999989,-15.600000000000009,22.2,-1.9500000000000028,-0.056999999999999995,-0.057999999999999996,-7.299999999999997,-6.199999999999999,2.9000000000000004,1
0.7000000000000028,14.600000000000009,-13.799999999999999,2.3499999999999943,0.06,0.07400000000000001,7.700000000000003,9.100000000000001,-0.6999999999999993,0
-0.7000000000000028,-14.600000000000009,13.799999999999999,-2.3499999999999943,-0.06,-0.07400000000000001,-7.700000000000003,-9.100000000000001,0.6999999999999993,1
0.5,11.400000000000006,-10.799999999999999,-1.5999999999999943,0.013000000000000012,0.04999999999999999,0.6000000000000014,3.1000000000000014,-4.600000000000001,0
-0.5,-11.400000000000006,10.799999999999999,1.5999999999999943,-0.013000000000000012,-0.04999999999999999,-0.6000000000000014,-3.1000000000000014,4.600000000000001,1
-2.5999999999999943,5.700000000000003,-8.099999999999998,7.25,0.04299999999999998,0.08300000000000002,7.700000000000003,11.5,1.5,0
2.5999999999999943,-5.700000000000003,8.099999999999998,-7.25,-0.04299999999999998,-0.08300000000000002,-7.700000000000003,-11.5,-1.5,0
-1.6999999999999886,8.400000000000006,-9.999999999999998,0.5999999999999943,0.01100000000000001,0.08999999999999997,2.6000000000000014,4.5,-3.0,0
1.6999999999999886,-8.400000000000006,9.999999999999998,-0.5999999999999943,-0.01100000000000001,-0.08999999999999997,-2.6000000000000014,-4.5,3.0,1
-6.299999999999997,18.0,-24.2,4.3700000000000045,0.066,0.09699999999999998,4.899999999999999,7.0,-3.3000000000000007,0
6.299999999999997,-18.0,24.2,-4.3700000000000045,-0.066,-0.09699999999999998,-4.899999999999999,-7.0,3.3000000000000007,1
-17.89999999999999,6.1000000000000085,-23.9,10.170000000000002,0.02899999999999997,0.01200000000000001,9.0,8.399999999999999,0.0,0
17.89999999999999,-6.1000000000000085,23.9,-10.170000000000002,-0.02899999999999997,-0.01200000000000001,-9.0,-8.399999999999999,0.0,1
-0.5,6.400000000000006,-6.9,7.679999999999993,0.02400000000000002,0.031000000000000028,5.799999999999997,-1.3000000000000007,-1.5999999999999996,0
0.5,-6.400000000000006,6.9,-7.679999999999993,-0.02400000000000002,-0.031000000000000028,-5.799999999999997,1.3000000000000007,1.5999999999999996,1
4.3999999999999915,14.600000000000009,-10.100000000000001,3.3699999999999903,0.03899999999999998,0.05700000000000005,-1.7000000000000028,0.09999999999999787,-5.100000000000001,0
-4.3999999999999915,-14.600000000000009,10.100000000000001,-3.3699999999999903,-0.03899999999999998,-0.05700000000000005,1.7000000000000028,-0.09999999999999787,5.100000000000001,1
8.199999999999989,8.700000000000003,-0.5,4.670000000000002,0.03699999999999998,0.013000000000000012,0.7999999999999972,-2.8000000000000007,-2.3000000000000007,1
-8.199999999999989,-8.700000000000003,0.5,-4.670000000000002,-0.03699999999999998,-0.013000000000000012,-0.7999999999999972,2.8000000000000007,2.3000000000000007,0
-2.3000000000000114,11.300000000000011,-13.5,3.6499999999999915,0.03200000000000003,0.04500000000000004,3.5,-0.8000000000000007,-1.6999999999999993,0
2.3000000000000114,-11.300000000000011,13.5,-3.6499999999999915,-0.03200000000000003,-0.04500000000000004,-3.5,0.8000000000000007,1.6999999999999993,1
-3.5,12.700000000000003,-16.200000000000003,5.030000000000001,0.04799999999999999,0.041000000000000036,9.0,-0.6000000000000014,-2.5,0
3.5,-12.700000000000003,16.200000000000003,-5.030000000000001,-0.04799999999999999,-0.041000000000000036,-9.0,0.6000000000000014,2.5,1
-0.6000000000000085,10.600000000000009,-11.200000000000001,5.980000000000004,0.044999999999999984,0.05700000000000005,3.5999999999999943,-2.6000000000000014,-2.0999999999999996,0
0.6000000000000085,-10.600000000000009,11.200000000000001,-5.980000000000004,-0.044999999999999984,-0.05700000000000005,-3.5999999999999943,2.6000000000000014,2.0999999999999996,1
3.0,14.100000000000009,-11.100000000000001,1.5,0.063,0.029000000000000026,2.5999999999999943,-3.1000000000000014,-2.9000000000000004,0
-3.0,-14.100000000000009,11.100000000000001,-1.5,-0.063,-0.029000000000000026,-2.5999999999999943,3.1000000000000014,2.9000000000000004,1
10.399999999999991,13.100000000000009,-2.700000000000001,1.8999999999999915,0.066,0.04500000000000004,3.0,-0.1999999999999993,-0.6999999999999993,0
-10.399999999999991,-13.100000000000009,2.700000000000001,-1.8999999999999915,-0.066,-0.04500000000000004,-3.0,0.1999999999999993,0.6999999999999993,1
10.199999999999989,9.900000000000006,0.29999999999999893,-2.049999999999997,0.019000000000000017,0.02100000000000002,-4.100000000000001,-6.199999999999999,-4.600000000000001,1
-10.199999999999989,-9.900000000000006,-0.29999999999999893,2.049999999999997,-0.019000000000000017,-0.02100000000000002,4.100000000000001,6.199999999999999,4.600000000000001,0
7.099999999999994,4.200000000000003,3.0,6.799999999999997,0.04899999999999999,0.05400000000000005,3.0,2.1999999999999993,1.5,1
-7.099999999999994,-4.200000000000003,-3.0,-6.799999999999997,-0.04899999999999999,-0.05400000000000005,-3.0,-2.1999999999999993,-1.5,0
8.0,6.900000000000006,1.0999999999999996,0.14999999999999147,0.017000000000000015,0.061,-2.1000000000000014,-4.800000000000001,-3.0,1
-8.0,-6.900000000000006,-1.0999999999999996,-0.14999999999999147,-0.017000000000000015,-0.061,2.1000000000000014,4.800000000000001,3.0,0
3.3999999999999915,16.5,-13.100000000000001,3.9200000000000017,0.07200000000000001,0.068,0.19999999999999574,-2.3000000000000007,-3.3000000000000007,0
-3.3999999999999915,-16.5,13.100000000000001,-3.9200000000000017,-0.07200000000000001,-0.068,-0.19999999999999574,2.3000000000000007,3.3000000000000007,1
-8.200000000000003,4.6000000000000085,-12.8,9.719999999999999,0.034999999999999976,-0.01699999999999996,4.299999999999997,-0.9000000000000021,0.0,0
8.200000000000003,-4.6000000000000085,12.8,-9.719999999999999,-0.034999999999999976,0.01699999999999996,-4.299999999999997,0.9000000000000021,0.0,1
4.8999999999999915,8.200000000000003,-3.2,-4.310000000000002,0.014999999999999958,0.026000000000000023,-7.5,1.3999999999999986,-3.5000000000000018,1
-4.8999999999999915,-8.200000000000003,3.2,4.310000000000002,-0.014999999999999958,-0.026000000000000023,7.5,-1.3999999999999986,3.5000000000000018,0
8.699999999999989,2.299999999999997,6.4,-3.009999999999991,0.012999999999999956,-0.018000000000000016,-5.0,-1.5,-0.7000000000000011,1
-8.699999999999989,-2.299999999999997,-6.4,3.009999999999991,-0.012999999999999956,0.018000000000000016,5.0,1.5,0.7000000000000011,0
-1.8000000000000114,4.900000000000006,-6.6,-4.030000000000001,0.008000000000000007,0.014000000000000012,-2.299999999999997,0.5,-0.09999999999999964,0
1.8000000000000114,-4.900000000000006,6.6,4.030000000000001,-0.008000000000000007,-0.014000000000000012,2.299999999999997,-0.5,0.09999999999999964,1
-3.0,6.299999999999997,-9.3,-2.6499999999999915,0.023999999999999966,0.010000000000000009,3.200000000000003,0.6999999999999993,-0.9000000000000004,0
3.0,-6.299999999999997,9.3,2.6499999999999915,-0.023999999999999966,-0.010000000000000009,-3.200000000000003,-0.6999999999999993,0.9000000000000004,1
-0.10000000000000853,4.200000000000003,-4.3,-1.6999999999999886,0.020999999999999963,0.026000000000000023,-2.200000000000003,-1.3000000000000007,-0.5,0
0.10000000000000853,-4.200000000000003,4.3,1.6999999999999886,-0.020999999999999963,-0.026000000000000023,2.200000000000003,1.3000000000000007,0.5,1
3.5,7.700000000000003,-4.2,-6.179999999999993,0.03899999999999998,-0.0020000000000000018,-3.200000000000003,-1.8000000000000007,-1.3000000000000007,0
-3.5,-7.700000000000003,4.2,6.179999999999993,-0.03899999999999998,0.0020000000000000018,3.200000000000003,1.8000000000000007,1.3000000000000007,1
10.899999999999991,6.700000000000003,4.199999999999999,-5.780000000000001,0.04199999999999998,0.014000000000000012,-2.799999999999997,1.1000000000000014,0.9000000000000004,1
-10.899999999999991,-6.700000000000003,-4.199999999999999,5.780000000000001,-0.04199999999999998,-0.014000000000000012,2.799999999999997,-1.1000000000000014,-0.9000000000000004,0
10.699999999999989,3.5,7.199999999999999,-9.72999999999999,-0.0050000000000000044,-0.010000000000000009,-9.899999999999999,-4.899999999999999,-3.0000000000000018,1
-10.699999999999989,-3.5,-7.199999999999999,9.72999999999999,0.0050000000000000044,0.010000000000000009,9.899999999999999,4.899999999999999,3.0000000000000018,0
7.599999999999994,-2.200000000000003,9.9,-0.8799999999999955,0.024999999999999967,0.02300000000000002,-2.799999999999997,3.5,3.0999999999999996,1
-7.599999999999994,2.200000000000003,-9.9,0.8799999999999955,-0.024999999999999967,-0.02300000000000002,2.799999999999997,-3.5,-3.0999999999999996,0
8.5,0.5,8.0,-7.530000000000001,-0.007000000000000006,0.02999999999999997,-7.899999999999999,-3.5,-1.4000000000000004,1
-8.5,-0.5,-8.0,7.530000000000001,0.007000000000000006,-0.02999999999999997,7.899999999999999,3.5,1.4000000000000004,0
3.8999999999999915,10.099999999999994,-6.199999999999999,-3.759999999999991,0.04799999999999999,0.03699999999999998,-5.600000000000001,-1.0,-1.700000000000001,0
-3.8999999999999915,-10.099999999999994,6.199999999999999,3.759999999999991,-0.04799999999999999,-0.03699999999999998,5.600000000000001,1.0,1.700000000000001,1
-7.700000000000003,-1.7999999999999972,-5.9,2.0400000000000063,0.010999999999999954,-0.04799999999999999,-1.5,0.3999999999999986,1.5999999999999996,1
7.700000000000003,1.7999999999999972,5.9,-2.0400000000000063,-0.010999999999999954,0.04799999999999999,1.5,-0.3999999999999986,-1.5999999999999996,0
3.799999999999997,-5.900000000000006,9.600000000000001,1.3000000000000114,-0.0020000000000000018,-0.04400000000000004,2.5,-2.8999999999999986,2.8000000000000007,1
-3.799999999999997,5.900000000000006,-9.600000000000001,-1.3000000000000114,0.0020000000000000018,0.04400000000000004,-2.5,2.8999999999999986,-2.8000000000000007,0
-6.700000000000003,-3.299999999999997,-3.4000000000000004,0.28000000000000114,-0.006999999999999951,-0.01200000000000001,5.200000000000003,-0.8999999999999986,3.400000000000002,0
6.700000000000003,3.299999999999997,3.4000000000000004,-0.28000000000000114,0.006999999999999951,0.01200000000000001,-5.200000000000003,0.8999999999999986,-3.400000000000002,1
-7.8999999999999915,-1.9000000000000057,-6.1000000000000005,1.6600000000000108,0.009000000000000008,-0.016000000000000014,10.700000000000003,-0.6999999999999993,2.6000000000000014,0
7.8999999999999915,1.9000000000000057,6.1000000000000005,-1.6600000000000108,-0.009000000000000008,0.016000000000000014,-10.700000000000003,0.6999999999999993,-2.6000000000000014,1
-5.0,-4.0,-1.0999999999999999,2.6100000000000136,0.006000000000000005,0.0,5.299999999999997,-2.6999999999999993,3.0000000000000018,0
5.0,4.0,1.0999999999999999,-2.6100000000000136,-0.006000000000000005,0.0,-5.299999999999997,2.6999999999999993,-3.0000000000000018,1
-1.3999999999999915,-0.5,-1.0,-1.8699999999999903,0.02400000000000002,-0.028000000000000025,4.299999999999997,-3.1999999999999993,2.200000000000001,0
1.3999999999999915,0.5,1.0,1.8699999999999903,-0.02400000000000002,0.028000000000000025,-4.299999999999997,3.1999999999999993,-2.200000000000001,1
6.0,-1.5,7.3999999999999995,-1.4699999999999989,0.027000000000000024,-0.01200000000000001,4.700000000000003,-0.29999999999999716,4.400000000000002,0
-6.0,1.5,-7.3999999999999995,1.4699999999999989,-0.027000000000000024,0.01200000000000001,-4.700000000000003,0.29999999999999716,-4.400000000000002,1
5.799999999999997,-4.700000000000003,10.4,-5.4199999999999875,-0.019999999999999962,-0.03600000000000003,-2.3999999999999986,-6.299999999999997,0.5,1
-5.799999999999997,4.700000000000003,-10.4,5.4199999999999875,0.019999999999999962,0.03600000000000003,2.3999999999999986,6.299999999999997,-0.5,0
2.700000000000003,-10.400000000000006,13.100000000000001,3.430000000000007,0.010000000000000009,-0.0030000000000000027,4.700000000000003,2.1000000000000014,6.600000000000001,1
-2.700000000000003,10.400000000000006,-13.100000000000001,-3.430000000000007,-0.010000000000000009,0.0030000000000000027,-4.700000000000003,-2.1000000000000014,-6.600000000000001,0
3.6000000000000085,-7.700000000000003,11.200000000000001,-3.219999999999999,-0.021999999999999964,0.003999999999999948,-0.3999999999999986,-4.899999999999999,2.1000000000000014,1
-3.6000000000000085,7.700000000000003,-11.200000000000001,3.219999999999999,0.021999999999999964,-0.003999999999999948,0.3999999999999986,4.899999999999999,-2.1000000000000014,0
-1.0,1.8999999999999915,-3.0,0.5500000000000114,0.03300000000000003,0.010999999999999954,1.8999999999999986,-2.3999999999999986,1.8000000000000007,0
1.0,-1.8999999999999915,3.0,-0.5500000000000114,-0.03300000000000003,-0.010999999999999954,-1.8999999999999986,2.3999999999999986,-1.8000000000000007,1
-12.599999999999994,-10.0,-2.7,6.3500000000000085,-0.0040000000000000036,-0.07400000000000001,6.0,-1.0,5.100000000000001,0
12.599999999999994,10.0,2.7,-6.3500000000000085,0.0040000000000000036,0.07400000000000001,-6.0,1.0,-5.100000000000001,1
-10.5,2.6000000000000085,-13.0,-1.0200000000000102,-0.004999999999999949,0.03200000000000003,2.700000000000003,2.0,0.6000000000000014,0
10.5,-2.6000000000000085,13.0,1.0200000000000102,0.004999999999999949,-0.03200000000000003,-2.700000000000003,-2.0,-0.6000000000000014,1
-11.699999999999989,4.0,-15.700000000000001,0.35999999999999943,0.01100000000000001,0.028000000000000025,8.200000000000003,2.1999999999999993,-0.1999999999999993,0
11.699999999999989,-4.0,15.700000000000001,-0.35999999999999943,-0.01100000000000001,-0.028000000000000025,-8.200000000000003,-2.1999999999999993,0.1999999999999993,1
-8.799999999999997,1.9000000000000057,-10.700000000000001,1.3100000000000023,0.008000000000000007,0.04400000000000004,2.799999999999997,0.1999999999999993,0.20000000000000107,0
8.799999999999997,-1.9000000000000057,10.700000000000001,-1.3100000000000023,-0.008000000000000007,-0.04400000000000004,-2.799999999999997,-0.1999999999999993,-0.20000000000000107,1
-5.199999999999989,5.400000000000006,-10.600000000000001,-3.1700000000000017,0.026000000000000023,0.016000000000000014,1.7999999999999972,-0.3000000000000007,-0.5999999999999996,0
5.199999999999989,-5.400000000000006,10.600000000000001,3.1700000000000017,-0.026000000000000023,-0.016000000000000014,-1.7999999999999972,0.3000000000000007,0.5999999999999996,1
2.200000000000003,4.400000000000006,-2.200000000000001,-2.7700000000000102,0.029000000000000026,0.03200000000000003,2.200000000000003,2.6000000000000014,1.6000000000000014,0
-2.200000000000003,-4.400000000000006,2.200000000000001,2.7700000000000102,-0.029000000000000026,-0.03200000000000003,-2.200000000000003,-2.6000000000000014,-1.6000000000000014,1
2.0,1.2000000000000028,0.7999999999999989,-6.719999999999999,-0.01799999999999996,0.008000000000000007,-4.899999999999999,-3.3999999999999986,-2.3000000000000007,0
-2.0,-1.2000000000000028,-0.7999999999999989,6.719999999999999,0.01799999999999996,-0.008000000000000007,4.899999999999999,3.3999999999999986,2.3000000000000007,1
-1.0999999999999943,-4.5,3.5,2.1299999999999955,0.01200000000000001,0.041000000000000036,2.200000000000003,5.0,3.8000000000000007,0
1.0999999999999943,4.5,-3.5,-2.1299999999999955,-0.01200000000000001,-0.041000000000000036,-2.200000000000003,-5.0,-3.8000000000000007,0
-0.19999999999998863,-1.7999999999999972,1.5999999999999996,-4.52000000000001,-0.019999999999999962,0.04799999999999999,-2.8999999999999986,-2.0,-0.6999999999999993,0
0.19999999999998863,1.7999999999999972,-1.5999999999999996,4.52000000000001,0.019999999999999962,-0.04799999999999999,2.8999999999999986,2.0,0.6999999999999993,1
-4.799999999999997,7.799999999999997,-12.600000000000001,-0.75,0.03500000000000003,0.05499999999999999,-0.6000000000000014,0.5,-1.0,0
4.799999999999997,-7.799999999999997,12.600000000000001,0.75,-0.03500000000000003,-0.05499999999999999,0.6000000000000014,-0.5,1.0,1
-16.39999999999999,-4.099999999999994,-12.3,5.049999999999997,-0.0020000000000000018,-0.02999999999999997,3.5,1.8999999999999986,2.3000000000000007,0
16.39999999999999,4.099999999999994,12.3,-5.049999999999997,0.0020000000000000018,0.02999999999999997,-3.5,-1.8999999999999986,-2.3000000000000007,1
-1.1999999999999886,1.3999999999999915,-2.7,1.3800000000000097,0.01599999999999996,-0.0040000000000000036,5.5,0.1999999999999993,-0.8000000000000007,0
1.1999999999999886,-1.3999999999999915,2.7,-1.3800000000000097,-0.01599999999999996,0.0040000000000000036,-5.5,-0.1999999999999993,0.8000000000000007,1
1.7000000000000028,-0.7000000000000028,2.3000000000000003,2.3300000000000125,0.012999999999999956,0.01200000000000001,0.09999999999999432,-1.8000000000000007,-0.40000000000000036,0
-1.7000000000000028,0.7000000000000028,-2.3000000000000003,-2.3300000000000125,-0.012999999999999956,-0.01200000000000001,-0.09999999999999432,1.8000000000000007,0.40000000000000036,1
5.300000000000011,2.799999999999997,2.4000000000000004,-2.1499999999999915,0.030999999999999972,-0.016000000000000014,-0.9000000000000057,-2.3000000000000007,-1.200000000000001,1
-5.300000000000011,-2.799999999999997,-2.4000000000000004,2.1499999999999915,-0.030999999999999972,0.016000000000000014,0.9000000000000057,2.3000000000000007,1.200000000000001,0
12.700000000000003,1.7999999999999972,10.8,-1.75,0.033999999999999975,0.0,-0.5,0.6000000000000014,1.0,1
-12.700000000000003,-1.7999999999999972,-10.8,1.75,-0.033999999999999975,0.0,0.5,-0.6000000000000014,-1.0,0
12.5,-1.4000000000000057,13.8,-5.699999999999989,-0.013000000000000012,-0.02400000000000002,-7.600000000000001,-5.399999999999999,-2.900000000000002,1
-12.5,1.4000000000000057,-13.8,5.699999999999989,0.013000000000000012,0.02400000000000002,7.600000000000001,5.399999999999999,2.900000000000002,0
9.400000000000006,-7.1000000000000085,16.5,3.1500000000000057,0.01699999999999996,0.009000000000000008,-0.5,3.0,3.1999999999999993,1
-9.400000000000006,7.1000000000000085,-16.5,-3.1500000000000057,-0.01699999999999996,-0.009000000000000008,0.5,-3.0,-3.1999999999999993,0
10.300000000000011,-4.400000000000006,14.600000000000001,-3.5,-0.015000000000000013,0.01599999999999996,-5.600000000000001,-4.0,-1.3000000000000007,1
-10.300000000000011,4.400000000000006,-14.600000000000001,3.5,0.015000000000000013,-0.01599999999999996,5.600000000000001,4.0,1.3000000000000007,0
5.700000000000003,5.199999999999989,0.40000000000000036,0.27000000000001023,0.03999999999999998,0.022999999999999965,-3.3000000000000043,-1.5,-1.6000000000000014,0
-5.700000000000003,-5.199999999999989,-0.40000000000000036,-0.27000000000001023,-0.03999999999999998,-0.022999999999999965,3.3000000000000043,1.5,1.6000000000000014,1
-5.8999999999999915,-6.700000000000003,0.7000000000000002,6.070000000000007,0.002999999999999947,-0.062,0.7999999999999972,-0.10000000000000142,1.6999999999999993,1
5.8999999999999915,6.700000000000003,-0.7000000000000002,-6.070000000000007,-0.002999999999999947,0.062,-0.7999999999999972,0.10000000000000142,-1.6999999999999993,0
2.8999999999999915,-2.0999999999999943,5.0,0.9500000000000028,-0.0030000000000000027,0.016000000000000014,-5.400000000000006,-2.0,0.40000000000000036,1
-2.8999999999999915,2.0999999999999943,-5.0,-0.9500000000000028,0.0030000000000000027,-0.016000000000000014,5.400000000000006,2.0,-0.40000000000000036,0
6.5,1.4000000000000057,5.1000000000000005,-3.530000000000001,0.015000000000000013,-0.01200000000000001,-6.400000000000006,-2.5,-0.40000000000000036,1
-6.5,-1.4000000000000057,-5.1000000000000005,3.530000000000001,-0.015000000000000013,0.01200000000000001,6.400000000000006,2.5,0.40000000000000036,0
13.899999999999991,0.4000000000000057,13.5,-3.1300000000000097,0.018000000000000016,0.0040000000000000036,-6.0,0.40000000000000213,1.8000000000000007,1
-13.899999999999991,-0.4000000000000057,-13.5,3.1300000000000097,-0.018000000000000016,-0.0040000000000000036,6.0,-0.40000000000000213,-1.8000000000000007,0
13.699999999999989,-2.799999999999997,16.5,-7.079999999999998,-0.02899999999999997,-0.020000000000000018,-13.100000000000001,-5.599999999999998,-2.1000000000000014,1
-13.699999999999989,2.799999999999997,-16.5,7.079999999999998,0.02899999999999997,0.020000000000000018,13.100000000000001,5.599999999999998,2.1000000000000014,0
10.599999999999994,-8.5,19.200000000000003,1.769999999999996,0.0010000000000000009,0.013000000000000012,-6.0,2.8000000000000007,4.0,1
-10.599999999999994,8.5,-19.200000000000003,-1.769999999999996,-0.0010000000000000009,-0.013000000000000012,6.0,-2.8000000000000007,-4.0,0
11.5,-5.799999999999997,17.3,-4.88000000000001,-0.030999999999999972,0.019999999999999962,-11.100000000000001,-4.199999999999999,-0.5,1
-11.5,5.799999999999997,-17.3,4.88000000000001,0.030999999999999972,-0.019999999999999962,11.100000000000001,4.199999999999999,0.5,0
6.8999999999999915,3.799999999999997,3.1000000000000005,-1.1099999999999994,0.02400000000000002,0.02699999999999997,-8.800000000000004,-1.6999999999999993,-0.8000000000000007,1
-6.8999999999999915,-3.799999999999997,-3.1000000000000005,1.1099999999999994,-0.02400000000000002,-0.02699999999999997,8.800000000000004,1.6999999999999993,0.8000000000000007,0
-4.700000000000003,-8.099999999999994,3.4000000000000004,4.689999999999998,-0.013000000000000012,-0.057999999999999996,-4.700000000000003,-0.3000000000000007,2.5,1
4.700000000000003,8.099999999999994,-3.4000000000000004,-4.689999999999998,0.013000000000000012,0.057999999999999996,4.700000000000003,0.3000000000000007,-2.5,0
3.6000000000000085,3.5,0.09999999999999987,-4.480000000000004,0.018000000000000016,-0.028000000000000025,-1.0,-0.5,-0.8000000000000007,1
-3.6000000000000085,-3.5,-0.09999999999999987,4.480000000000004,-0.018000000000000016,0.028000000000000025,1.0,0.5,0.8000000000000007,0
11.0,2.5,8.5,-4.0800000000000125,0.02100000000000002,-0.01200000000000001,-0.5999999999999943,2.400000000000002,1.4000000000000004,1
-11.0,-2.5,-8.5,4.0800000000000125,-0.02100000000000002,0.01200000000000001,0.5999999999999943,-2.400000000000002,-1.4000000000000004,0
10.799999999999997,-0.7000000000000028,11.5,-8.030000000000001,-0.025999999999999968,-0.03600000000000003,-7.699999999999996,-3.599999999999998,-2.5000000000000018,1
-10.799999999999997,0.7000000000000028,-11.5,8.030000000000001,0.025999999999999968,0.03600000000000003,7.699999999999996,3.599999999999998,2.5000000000000018,0
7.700000000000003,-6.400000000000006,14.200000000000001,0.8199999999999932,0.0040000000000000036,-0.0030000000000000027,-0.5999999999999943,4.800000000000001,3.5999999999999996,1
-7.700000000000003,6.400000000000006,-14.200000000000001,-0.8199999999999932,-0.0040000000000000036,0.0030000000000000027,0.5999999999999943,-4.800000000000001,-3.5999999999999996,0
8.600000000000009,-3.700000000000003,12.3,-5.8300000000000125,-0.02799999999999997,0.003999999999999948,-5.699999999999996,-2.1999999999999993,-0.9000000000000004,1
-8.600000000000009,3.700000000000003,-12.3,5.8300000000000125,0.02799999999999997,-0.003999999999999948,5.699999999999996,2.1999999999999993,0.9000000000000004,0
4.0,5.8999999999999915,-1.9,-2.0600000000000023,0.027000000000000024,0.010999999999999954,-3.3999999999999986,0.3000000000000007,-1.200000000000001,1
-4.0,-5.8999999999999915,1.9,2.0600000000000023,-0.027000000000000024,-0.010999999999999954,3.3999999999999986,-0.3000000000000007,1.200000000000001,0
-7.599999999999994,-6.0,-1.6,3.739999999999995,-0.010000000000000009,-0.07400000000000001,0.7000000000000028,1.6999999999999993,2.0999999999999996,1
7.599999999999994,6.0,1.6,-3.739999999999995,0.010000000000000009,0.07400000000000001,-0.7000000000000028,-1.6999999999999993,-2.0999999999999996,0
7.3999999999999915,-1.0,8.4,0.3999999999999915,0.0030000000000000027,0.016000000000000014,0.4000000000000057,2.900000000000002,2.200000000000001,1
-7.3999999999999915,1.0,-8.4,-0.3999999999999915,-0.0030000000000000027,-0.016000000000000014,-0.4000000000000057,-2.900000000000002,-2.200000000000001,0
7.199999999999989,-4.200000000000003,11.4,-3.549999999999997,-0.043999999999999984,-0.008000000000000007,-6.699999999999996,-3.099999999999998,-1.700000000000001,1
-7.199999999999989,4.200000000000003,-11.4,3.549999999999997,0.043999999999999984,0.008000000000000007,6.699999999999996,3.099999999999998,1.700000000000001,0
4.099999999999994,-9.900000000000006,14.100000000000001,5.299999999999997,-0.014000000000000012,0.025000000000000022,0.4000000000000057,5.300000000000001,4.4,1
-4.099999999999994,9.900000000000006,-14.100000000000001,-5.299999999999997,0.014000000000000012,-0.025000000000000022,-0.4000000000000057,-5.300000000000001,-4.4,0
5.0,-7.200000000000003,12.200000000000001,-1.3500000000000085,-0.045999999999999985,0.03199999999999997,-4.699999999999996,-1.6999999999999993,-0.09999999999999964,1
-5.0,7.200000000000003,-12.200000000000001,1.3500000000000085,0.045999999999999985,-0.03199999999999997,4.699999999999996,1.6999999999999993,0.09999999999999964,0
0.3999999999999915,2.3999999999999915,-1.9999999999999998,2.4200000000000017,0.009000000000000008,0.03899999999999998,-2.3999999999999986,0.8000000000000007,-0.40000000000000036,0
-0.3999999999999915,-2.3999999999999915,1.9999999999999998,-2.4200000000000017,-0.009000000000000008,-0.03899999999999998,2.3999999999999986,-0.8000000000000007,0.40000000000000036,1
-11.200000000000003,-9.5,-1.7,8.219999999999999,-0.028000000000000025,-0.045999999999999985,1.7000000000000028,2.1999999999999993,2.9000000000000004,1
11.200000000000003,9.5,1.7,-8.219999999999999,0.028000000000000025,0.045999999999999985,-1.7000000000000028,-2.1999999999999993,-2.9000000000000004,0
-0.20000000000000284,-3.200000000000003,3.0,-3.9499999999999886,-0.046999999999999986,-0.02400000000000002,-7.100000000000001,-6.0,-3.900000000000002,1
0.20000000000000284,3.200000000000003,-3.0,3.9499999999999886,0.046999999999999986,0.02400000000000002,7.100000000000001,6.0,3.900000000000002,0
-3.299999999999997,-8.900000000000006,5.700000000000001,4.900000000000006,-0.017000000000000015,0.009000000000000008,0.0,2.3999999999999986,2.1999999999999993,1
3.299999999999997,8.900000000000006,-5.700000000000001,-4.900000000000006,0.017000000000000015,-0.009000000000000008,0.0,-2.3999999999999986,-2.1999999999999993,0
-2.3999999999999915,-6.200000000000003,3.8000000000000007,-1.75,-0.04899999999999999,0.01599999999999996,-5.100000000000001,-4.600000000000001,-2.3000000000000007,1
2.3999999999999915,6.200000000000003,-3.8000000000000007,1.75,0.04899999999999999,-0.01599999999999996,5.100000000000001,4.600000000000001,2.3000000000000007,0
-7.0,3.3999999999999915,-10.399999999999999,2.0200000000000102,0.006000000000000005,0.022999999999999965,-2.8000000000000043,-2.1000000000000014,-2.6000000000000014,0
7.0,-3.3999999999999915,10.399999999999999,-2.0200000000000102,-0.006000000000000005,-0.022999999999999965,2.8000000000000043,2.1000000000000014,2.6000000000000014,1
-18.599999999999994,-8.5,-10.1,7.820000000000007,-0.031000000000000028,-0.062,1.2999999999999972,-0.7000000000000028,0.6999999999999993,0
18.599999999999994,8.5,10.1,-7.820000000000007,0.031000000000000028,0.062,-1.2999999999999972,0.7000000000000028,-0.6999999999999993,0
-3.0999999999999943,-5.700000000000003,2.700000000000001,8.849999999999994,0.02999999999999997,0.03300000000000003,7.100000000000001,8.399999999999999,6.100000000000001,1
3.0999999999999943,5.700000000000003,-2.700000000000001,-8.849999999999994,-0.02999999999999997,-0.03300000000000003,-7.100000000000001,-8.399999999999999,-6.100000000000001,0
-2.1999999999999886,-3.0,0.8000000000000007,2.1999999999999886,-0.0020000000000000018,0.03999999999999998,2.0,1.3999999999999986,1.6000000000000014,0
2.1999999999999886,3.0,-0.8000000000000007,-2.1999999999999886,0.0020000000000000018,-0.03999999999999998,-2.0,-1.3999999999999986,-1.6000000000000014,0
-6.799999999999997,6.599999999999994,-13.399999999999999,5.969999999999999,0.05299999999999999,0.046999999999999986,4.299999999999997,3.8999999999999986,1.3000000000000007,0
6.799999999999997,-6.599999999999994,13.399999999999999,-5.969999999999999,-0.05299999999999999,-0.046999999999999986,-4.299999999999997,-3.8999999999999986,-1.3000000000000007,1
-18.39999999999999,-5.299999999999997,-13.1,11.769999999999996,0.01599999999999996,-0.03799999999999998,8.399999999999999,5.299999999999997,4.600000000000001,0
18.39999999999999,5.299999999999997,13.1,-11.769999999999996,-0.01599999999999996,0.03799999999999998,-8.399999999999999,-5.299999999999997,-4.600000000000001,1
0.9000000000000057,2.700000000000003,-1.9000000000000004,-6.650000000000006,-0.03199999999999997,0.006999999999999951,-5.100000000000001,-7.0,-4.5,0
-0.9000000000000057,-2.700000000000003,1.9000000000000004,6.650000000000006,0.03199999999999997,-0.006999999999999951,5.100000000000001,7.0,4.5,1
-3.700000000000003,12.299999999999997,-16.1,-2.8799999999999955,0.02300000000000002,0.013999999999999957,-2.8000000000000043,-4.5,-4.800000000000001,0
3.700000000000003,-12.299999999999997,16.1,2.8799999999999955,-0.02300000000000002,-0.013999999999999957,2.8000000000000043,4.5,4.800000000000001,1
-15.299999999999997,0.4000000000000057,-15.8,2.9200000000000017,-0.014000000000000012,-0.07100000000000001,1.2999999999999972,-3.1000000000000014,-1.5,0
15.299999999999997,-0.4000000000000057,15.8,-2.9200000000000017,0.014000000000000012,0.07100000000000001,-1.2999999999999972,3.1000000000000014,1.5,1
-4.6000000000000085,9.599999999999994,-14.2,3.7700000000000102,0.05499999999999999,0.007000000000000006,2.299999999999997,2.5,-0.3000000000000007,0
4.6000000000000085,-9.599999999999994,14.2,-3.7700000000000102,-0.05499999999999999,-0.007000000000000006,-2.299999999999997,-2.5,0.3000000000000007,1
-16.200000000000003,-2.299999999999997,-13.9,9.570000000000007,0.01799999999999996,-0.07799999999999996,6.399999999999999,3.8999999999999986,3.0,0
16.200000000000003,2.299999999999997,13.9,-9.570000000000007,-0.01799999999999996,0.07799999999999996,-6.399999999999999,-3.8999999999999986,-3.0,1
-11.599999999999994,-11.899999999999991,0.2999999999999998,5.799999999999997,-0.03700000000000003,-0.08499999999999996,4.100000000000001,1.3999999999999986,3.3000000000000007,1
11.599999999999994,11.899999999999991,-0.2999999999999998,-5.799999999999997,0.03700000000000003,0.08499999999999996,-4.100000000000001,-1.3999999999999986,-3.3000000000000007,0
-7.1000000000000085,-17.5,10.299999999999999,1.0100000000000051,-0.03799999999999998,-0.07500000000000001,4.100000000000001,-1.1000000000000014,1.4000000000000004,1
7.1000000000000085,17.5,-10.299999999999999,-1.0100000000000051,0.03799999999999998,0.07500000000000001,-4.100000000000001,1.1000000000000014,-1.4000000000000004,0
-7.1000000000000085,1.2000000000000028,-8.4,1.3199999999999932,0.019000000000000017,0.02899999999999997,0.6000000000000014,3.599999999999998,-0.09999999999999964,0
7.1000000000000085,-1.2000000000000028,8.4,-1.3199999999999932,-0.019000000000000017,-0.02899999999999997,-0.6000000000000014,-3.599999999999998,0.09999999999999964,1
-5.400000000000006,-9.200000000000003,3.7,4.75,-0.02999999999999997,-0.02200000000000002,3.700000000000003,0.29999999999999716,1.8000000000000007,1
5.400000000000006,9.200000000000003,-3.7,-4.75,0.02999999999999997,0.02200000000000002,-3.700000000000003,-0.29999999999999716,-1.8000000000000007,0
-8.0,-11.599999999999994,3.5,1.2199999999999989,-0.032999999999999974,-0.066,2.5,-0.9000000000000021,1.3000000000000007,1
8.0,11.599999999999994,-3.5,-1.2199999999999989,0.032999999999999974,0.066,-2.5,0.9000000000000021,-1.3000000000000007,0
-10.400000000000006,-4.0,-6.6,3.8499999999999943,-0.0030000000000000027,-0.040000000000000036,3.9000000000000057,2.3999999999999986,1.1000000000000014,1
10.400000000000006,4.0,6.6,-3.8499999999999943,0.0030000000000000027,0.040000000000000036,-3.9000000000000057,-2.3999999999999986,-1.1000000000000014,0
6.200000000000003,1.2000000000000028,4.9,2.530000000000001,0.0,-0.008000000000000007,3.9000000000000057,-1.4000000000000021,0.3000000000000007,1
-6.200000000000003,-1.2000000000000028,-4.9,-2.530000000000001,0.0,0.008000000000000007,-3.9000000000000057,1.4000000000000021,-0.3000000000000007,0
-6.200000000000003,-12.900000000000006,6.6000000000000005,-2.3900000000000006,-0.02999999999999997,-0.05500000000000005,0.10000000000000142,-0.10000000000000142,-0.7999999999999989,1
6.200000000000003,12.900000000000006,-6.6000000000000005,2.3900000000000006,0.02999999999999997,0.05500000000000005,-0.10000000000000142,0.10000000000000142,0.7999999999999989,0
13.399999999999991,-4.5,17.9,-2.6500000000000057,-0.010000000000000009,0.023999999999999966,-13.299999999999997,-3.900000000000002,-2.1999999999999993,1
-13.399999999999991,4.5,-17.9,2.6500000000000057,0.010000000000000009,-0.023999999999999966,13.299999999999997,3.900000000000002,2.1999999999999993,0
-3.4000000000000057,3.700000000000003,-7.1,0.09999999999999432,0.0040000000000000036,-0.0010000000000000009,4.300000000000004,2.0,-0.3999999999999986,0
3.4000000000000057,-3.700000000000003,7.1,-0.09999999999999432,-0.0040000000000000036,0.0010000000000000009,-4.300000000000004,-2.0,0.3999999999999986,1
6.700000000000003,0.7999999999999972,5.8,2.7099999999999937,0.015000000000000013,-0.009000000000000008,1.5,2.299999999999997,2.0,1
-6.700000000000003,-0.7999999999999972,-5.8,-2.7099999999999937,-0.015000000000000013,0.009000000000000008,-1.5,-2.299999999999997,-2.0,0
-6.799999999999997,3.0,-9.9,-3.269999999999996,0.008000000000000007,0.03199999999999997,2.9000000000000057,2.099999999999998,0.3000000000000007,0
6.799999999999997,-3.0,9.9,3.269999999999996,-0.008000000000000007,-0.03199999999999997,-2.9000000000000057,-2.099999999999998,-0.3000000000000007,1
-4.400000000000006,1.5,-6.0,1.519999999999996,0.018000000000000016,0.01799999999999996,2.1000000000000014,2.0,1.0,0
4.400000000000006,-1.5,6.0,-1.519999999999996,-0.018000000000000016,-0.01799999999999996,-2.1000000000000014,-2.0,-1.0,1
-13.299999999999997,-12.400000000000006,-1.1,2.819999999999993,-0.013999999999999957,-0.05500000000000005,1.4000000000000057,-3.1000000000000014,1.6000000000000014,1
13.299999999999997,12.400000000000006,1.1,-2.819999999999993,0.013999999999999957,0.05500000000000005,-1.4000000000000057,3.1000000000000014,-1.6000000000000014,0
-11.299999999999997,-11.200000000000003,-0.19999999999999996,0.5600000000000023,-0.02699999999999997,-0.039000000000000035,5.5,1.5,2.3000000000000007,1
11.299999999999997,11.200000000000003,0.19999999999999996,-0.5600000000000023,0.02699999999999997,0.039000000000000035,-5.5,-1.5,-2.3000000000000007,0
1.7999999999999972,-10.599999999999994,12.299999999999999,-4.989999999999995,-0.05299999999999999,-0.026000000000000023,0.9000000000000057,-3.700000000000003,1.0,1
-1.7999999999999972,10.599999999999994,-12.299999999999999,4.989999999999995,0.05299999999999999,0.026000000000000023,-0.9000000000000057,3.700000000000003,-1.0,0
0.0,18.700000000000003,-18.7,0.30999999999998806,0.056999999999999995,0.10399999999999998,-3.5,4.699999999999999,-1.5,0
0.0,-18.700000000000003,18.7,-0.30999999999998806,-0.056999999999999995,-0.10399999999999998,3.5,-4.699999999999999,1.5,1
1.7000000000000028,8.299999999999997,-6.6,3.739999999999995,0.008000000000000007,0.05299999999999999,-0.3999999999999986,1.3999999999999986,0.40000000000000036,0
-1.7000000000000028,-8.299999999999997,6.6,-3.739999999999995,-0.008000000000000007,-0.05299999999999999,0.3999999999999986,-1.3999999999999986,-0.40000000000000036,1
-0.8999999999999915,5.900000000000006,-6.8,0.20999999999999375,0.0050000000000000044,0.009000000000000008,-1.6000000000000014,0.1999999999999993,-0.09999999999999964,0
0.8999999999999915,-5.900000000000006,6.8,-0.20999999999999375,-0.0050000000000000044,-0.009000000000000008,1.6000000000000014,-0.1999999999999993,0.09999999999999964,1
-3.299999999999997,13.5,-16.9,2.839999999999989,0.034999999999999976,0.034999999999999976,-0.19999999999999574,3.5,-0.29999999999999893,0
3.299999999999997,-13.5,16.9,-2.839999999999989,-0.034999999999999976,-0.034999999999999976,0.19999999999999574,-3.5,0.29999999999999893,1
13.300000000000011,18.700000000000003,-5.3999999999999995,1.519999999999996,0.03799999999999998,0.067,-0.19999999999999574,-0.3000000000000007,-1.0999999999999996,0
-13.300000000000011,-18.700000000000003,5.3999999999999995,-1.519999999999996,-0.03799999999999998,-0.067,0.19999999999999574,0.3000000000000007,1.0999999999999996,1
0.9000000000000057,4.599999999999994,-3.6999999999999993,-3.4000000000000057,0.008000000000000007,0.019999999999999962,-4.0,1.0,-2.1999999999999993,0
-0.9000000000000057,-4.599999999999994,3.6999999999999993,3.4000000000000057,-0.008000000000000007,-0.019999999999999962,4.0,-1.0,2.1999999999999993,0
20.5,13.0,7.6,-3.660000000000011,0.02799999999999997,0.09899999999999998,-17.4,-2.8000000000000007,-3.5999999999999996,1
-20.5,-13.0,-7.6,3.660000000000011,-0.02799999999999997,-0.09899999999999998,17.4,2.8000000000000007,3.5999999999999996,0
3.700000000000003,21.200000000000003,-17.4,-0.9100000000000108,0.04199999999999998,0.07400000000000001,0.20000000000000284,3.1000000000000014,-1.799999999999999,0
-3.700000000000003,-21.200000000000003,17.4,0.9100000000000108,-0.04199999999999998,-0.07400000000000001,-0.20000000000000284,-3.1000000000000014,1.799999999999999,1
13.800000000000011,18.299999999999997,-4.5,1.6999999999999886,0.05299999999999999,0.066,-2.6000000000000014,3.3999999999999986,0.5999999999999996,0
-13.800000000000011,-18.299999999999997,4.5,-1.6999999999999886,-0.05299999999999999,-0.066,2.6000000000000014,-3.3999999999999986,-0.5999999999999996,0
0.30000000000001137,20.5,-20.2,-4.280000000000001,0.045999999999999985,0.10699999999999998,-1.1999999999999957,3.1999999999999993,-1.0999999999999996,0
-0.30000000000001137,-20.5,20.2,4.280000000000001,-0.045999999999999985,-0.10699999999999998,1.1999999999999957,-3.1999999999999993,1.0999999999999996,1
2.700000000000003,19.0,-16.3,0.5099999999999909,0.055999999999999994,0.09299999999999997,-2.0,3.1000000000000014,-0.40000000000000036,0
-2.700000000000003,-19.0,16.3,-0.5099999999999909,-0.055999999999999994,-0.09299999999999997,2.0,-3.1000000000000014,0.40000000000000036,1
-6.199999999999989,5.099999999999994,-11.4,1.809999999999988,0.02400000000000002,0.019999999999999962,-2.6999999999999957,-2.0,0.20000000000000107,0
6.199999999999989,-5.099999999999994,11.4,-1.809999999999988,-0.02400000000000002,-0.019999999999999962,2.6999999999999957,2.0,-0.20000000000000107,1
-4.199999999999989,6.299999999999997,-10.5,-0.45000000000000284,0.01100000000000001,0.035999999999999976,1.3999999999999986,2.6000000000000014,0.9000000000000004,0
4.199999999999989,-6.299999999999997,10.5,0.45000000000000284,-0.01100000000000001,-0.035999999999999976,-1.3999999999999986,-2.6000000000000014,-0.9000000000000004,1
8.900000000000006,6.900000000000006,2.0,-6.0,-0.015000000000000013,0.04899999999999999,-3.1999999999999957,-2.6000000000000014,-0.40000000000000036,0
-8.900000000000006,-6.900000000000006,-2.0,6.0,0.015000000000000013,-0.04899999999999999,3.1999999999999957,2.6000000000000014,0.40000000000000036,0
1.7000000000000028,-10.400000000000006,12.1,3.430000000000007,-0.04899999999999999,-0.05099999999999999,3.1000000000000014,-3.3000000000000007,1.9000000000000004,1
-1.7000000000000028,10.400000000000006,-12.1,-3.430000000000007,0.04899999999999999,0.05099999999999999,-3.1000000000000014,3.3000000000000007,-1.9000000000000004,0
-0.8999999999999915,-12.799999999999997,11.899999999999999,-0.09999999999999432,-0.05199999999999999,-0.09499999999999997,1.8999999999999986,-4.5,1.4000000000000004,1
0.8999999999999915,12.799999999999997,-11.899999999999999,0.09999999999999432,0.05199999999999999,0.09499999999999997,-1.8999999999999986,4.5,-1.4000000000000004,0
-3.299999999999997,-5.200000000000003,1.7999999999999998,2.530000000000001,-0.02200000000000002,-0.069,3.3000000000000043,-1.1999999999999993,1.200000000000001,1
3.299999999999997,5.200000000000003,-1.7999999999999998,-2.530000000000001,0.02200000000000002,0.069,-3.3000000000000043,1.1999999999999993,-1.200000000000001,0
13.300000000000011,0.0,13.3,1.210000000000008,-0.019000000000000017,-0.03699999999999998,3.3000000000000043,-5.0,0.40000000000000036,1
-13.300000000000011,0.0,-13.3,-1.210000000000008,0.019000000000000017,0.03699999999999998,-3.3000000000000043,5.0,-0.40000000000000036,0
0.9000000000000057,-14.100000000000009,15.0,-3.7099999999999937,-0.04899999999999999,-0.08400000000000002,-0.5,-3.6999999999999993,-0.6999999999999993,1
-0.9000000000000057,14.100000000000009,-15.0,3.7099999999999937,0.04899999999999999,0.08400000000000002,0.5,3.6999999999999993,0.6999999999999993,0
20.5,-5.700000000000003,26.299999999999997,-3.969999999999999,-0.029000000000000026,-0.0050000000000000044,-13.899999999999999,-7.5,-2.0999999999999996,1
-20.5,5.700000000000003,-26.299999999999997,3.969999999999999,0.029000000000000026,0.0050000000000000044,13.899999999999999,7.5,2.0999999999999996,0
3.700000000000003,2.5,1.2999999999999998,-1.2199999999999989,-0.015000000000000013,-0.02999999999999997,3.700000000000003,-1.5999999999999979,-0.29999999999999893,0
-3.700000000000003,-2.5,-1.2999999999999998,1.2199999999999989,0.015000000000000013,0.02999999999999997,-3.700000000000003,1.5999999999999979,0.29999999999999893,1
13.800000000000011,-0.4000000000000057,14.2,1.3900000000000006,-0.0040000000000000036,-0.03799999999999998,0.8999999999999986,-1.3000000000000007,2.0999999999999996,1
-13.800000000000011,0.4000000000000057,-14.2,-1.3900000000000006,0.0040000000000000036,0.03799999999999998,-0.8999999999999986,1.3000000000000007,-2.0999999999999996,0
0.30000000000001137,1.7999999999999972,-1.5,-4.589999999999989,-0.01100000000000001,0.0030000000000000027,2.3000000000000043,-1.5,0.40000000000000036,0
-0.30000000000001137,-1.7999999999999972,1.5,4.589999999999989,0.01100000000000001,-0.0030000000000000027,-2.3000000000000043,1.5,-0.40000000000000036,0
2.700000000000003,0.29999999999999716,2.3999999999999995,0.20000000000000284,-0.0010000000000000009,-0.01100000000000001,1.5,-1.5999999999999979,1.0999999999999996,0
-2.700000000000003,-0.29999999999999716,-2.3999999999999995,-0.20000000000000284,0.0010000000000000009,0.01100000000000001,-1.5,1.5999999999999979,-1.0999999999999996,1
-6.199999999999989,-13.600000000000009,7.3,1.5,-0.032999999999999974,-0.08400000000000002,0.8000000000000043,-6.699999999999999,1.700000000000001,1
6.199999999999989,13.600000000000009,-7.3,-1.5,0.032999999999999974,0.08400000000000002,-0.8000000000000043,6.699999999999999,-1.700000000000001,0
-4.199999999999989,-12.400000000000006,8.2,-0.7599999999999909,-0.045999999999999985,-0.068,4.899999999999999,-2.099999999999998,2.4000000000000004,1
4.199999999999989,12.400000000000006,-8.2,0.7599999999999909,0.045999999999999985,0.068,-4.899999999999999,2.099999999999998,-2.4000000000000004,0
8.900000000000006,-11.799999999999997,20.7,-6.309999999999988,-0.07200000000000001,-0.05499999999999999,0.30000000000000426,-7.300000000000001,1.0999999999999996,1
-8.900000000000006,11.799999999999997,-20.7,6.309999999999988,0.07200000000000001,0.05499999999999999,-0.30000000000000426,7.300000000000001,-1.0999999999999996,0
-2.5999999999999943,-2.3999999999999915,-0.20000000000000018,-3.530000000000001,-0.0030000000000000027,-0.043999999999999984,-1.2000000000000028,-1.1999999999999993,-0.5,1
2.5999999999999943,2.3999999999999915,0.20000000000000018,3.530000000000001,0.0030000000000000027,0.043999999999999984,1.2000000000000028,1.1999999999999993,0.5,0
-5.0,5.200000000000003,-10.3,-0.9000000000000057,0.02699999999999997,-0.018000000000000016,0.20000000000000284,2.1000000000000014,-0.6999999999999993,0
5.0,-5.200000000000003,10.3,0.9000000000000057,-0.02699999999999997,0.018000000000000016,-0.20000000000000284,-2.1000000000000014,0.6999999999999993,1
11.600000000000009,10.400000000000006,1.2000000000000002,-2.219999999999999,0.02999999999999997,0.014000000000000012,0.20000000000000284,-1.6999999999999993,-1.5,1
-11.600000000000009,-10.400000000000006,-1.2000000000000002,2.219999999999999,-0.02999999999999997,-0.014000000000000012,-0.20000000000000284,1.6999999999999993,1.5,0
-0.7999999999999972,-3.700000000000003,2.9000000000000004,-7.140000000000001,0.0,-0.03300000000000003,-3.6000000000000014,-0.3999999999999986,-2.5999999999999996,1
0.7999999999999972,3.700000000000003,-2.9000000000000004,7.140000000000001,0.0,0.03300000000000003,3.6000000000000014,0.3999999999999986,2.5999999999999996,0
18.799999999999997,4.700000000000003,14.2,-7.400000000000006,0.019999999999999962,0.045999999999999985,-17.0,-4.199999999999999,-4.0,1
-18.799999999999997,-4.700000000000003,-14.2,7.400000000000006,-0.019999999999999962,-0.045999999999999985,17.0,4.199999999999999,4.0,0
2.0,12.900000000000006,-10.8,-4.650000000000006,0.033999999999999975,0.02100000000000002,0.6000000000000014,1.7000000000000028,-2.1999999999999993,0
-2.0,-12.900000000000006,10.8,4.650000000000006,-0.033999999999999975,-0.02100000000000002,-0.6000000000000014,-1.7000000000000028,2.1999999999999993,1
12.100000000000009,10.0,2.0999999999999996,-2.0400000000000063,0.044999999999999984,0.013000000000000012,-2.200000000000003,2.0,0.1999999999999993,1
-12.100000000000009,-10.0,-2.0999999999999996,2.0400000000000063,-0.044999999999999984,-0.013000000000000012,2.200000000000003,-2.0,-0.1999999999999993,0
-1.3999999999999915,12.200000000000003,-13.6,-8.019999999999996,0.03799999999999998,0.05399999999999999,-0.7999999999999972,1.8000000000000007,-1.5,0
1.3999999999999915,-12.200000000000003,13.6,8.019999999999996,-0.03799999999999998,-0.05399999999999999,0.7999999999999972,-1.8000000000000007,1.5,1
1.0,10.700000000000003,-9.7,-3.230000000000004,0.04799999999999999,0.03999999999999998,-1.6000000000000014,1.7000000000000028,-0.8000000000000007,0
-1.0,-10.700000000000003,9.7,3.230000000000004,-0.04799999999999999,-0.03999999999999998,1.6000000000000014,-1.7000000000000028,0.8000000000000007,1
-7.8999999999999915,-3.200000000000003,-4.8,-1.9300000000000068,0.016000000000000014,-0.03300000000000003,-2.299999999999997,-3.3999999999999986,-0.1999999999999993,1
7.8999999999999915,3.200000000000003,4.8,1.9300000000000068,-0.016000000000000014,0.03300000000000003,2.299999999999997,3.3999999999999986,0.1999999999999993,0
-5.8999999999999915,-2.0,-3.9,-4.189999999999998,0.0030000000000000027,-0.017000000000000015,1.7999999999999972,1.2000000000000028,0.5,0
5.8999999999999915,2.0,3.9,4.189999999999998,-0.0030000000000000027,0.017000000000000015,-1.7999999999999972,-1.2000000000000028,-0.5,1
7.200000000000003,-1.3999999999999915,8.6,-9.739999999999995,-0.02300000000000002,-0.0040000000000000036,-2.799999999999997,-4.0,-0.8000000000000007,1
-7.200000000000003,1.3999999999999915,-8.6,9.739999999999995,0.02300000000000002,0.0040000000000000036,2.799999999999997,4.0,0.8000000000000007,0
-2.4000000000000057,7.599999999999994,-10.1,2.6299999999999955,0.02999999999999997,0.025999999999999968,1.4000000000000057,3.3000000000000007,-0.1999999999999993,0
2.4000000000000057,-7.599999999999994,10.1,-2.6299999999999955,-0.02999999999999997,-0.025999999999999968,-1.4000000000000057,-3.3000000000000007,0.1999999999999993,1
14.200000000000003,12.799999999999997,1.4000000000000004,1.3100000000000023,0.032999999999999974,0.057999999999999996,1.4000000000000057,-0.5,-1.0,1
-14.200000000000003,-12.799999999999997,-1.4000000000000004,-1.3100000000000023,-0.032999999999999974,-0.057999999999999996,-1.4000000000000057,0.5,1.0,0
1.7999999999999972,-1.3000000000000114,3.1000000000000005,-3.6099999999999994,0.0030000000000000027,0.010999999999999954,-2.3999999999999986,0.8000000000000007,-2.0999999999999996,1
-1.7999999999999972,1.3000000000000114,-3.1000000000000005,3.6099999999999994,-0.0030000000000000027,-0.010999999999999954,2.3999999999999986,-0.8000000000000007,2.0999999999999996,0
21.39999999999999,7.099999999999994,14.399999999999999,-3.8700000000000045,0.022999999999999965,0.08999999999999997,-15.799999999999997,-3.0,-3.5,1
-21.39999999999999,-7.099999999999994,-14.399999999999999,3.8700000000000045,-0.022999999999999965,-0.08999999999999997,15.799999999999997,3.0,3.5,0
4.599999999999994,15.299999999999997,-10.6,-1.1200000000000045,0.03699999999999998,0.065,1.8000000000000043,2.900000000000002,-1.6999999999999993,0
-4.599999999999994,-15.299999999999997,10.6,1.1200000000000045,-0.03699999999999998,-0.065,-1.8000000000000043,-2.900000000000002,1.6999999999999993,1
14.700000000000003,12.399999999999991,2.3,1.4899999999999949,0.04799999999999999,0.056999999999999995,-1.0,3.1999999999999993,0.6999999999999993,1
-14.700000000000003,-12.399999999999991,-2.3,-1.4899999999999949,-0.04799999999999999,-0.056999999999999995,1.0,-3.1999999999999993,-0.6999999999999993,0
1.2000000000000028,14.599999999999994,-13.399999999999999,-4.489999999999995,0.04099999999999998,0.09799999999999998,0.4000000000000057,3.0,-1.0,0
-1.2000000000000028,-14.599999999999994,13.399999999999999,4.489999999999995,-0.04099999999999998,-0.09799999999999998,-0.4000000000000057,-3.0,1.0,1
3.5999999999999943,13.099999999999994,-9.5,0.29999999999999716,0.05099999999999999,0.08399999999999996,-0.3999999999999986,2.900000000000002,-0.3000000000000007,0
-3.5999999999999943,-13.099999999999994,9.5,-0.29999999999999716,-0.05099999999999999,-0.08399999999999996,0.3999999999999986,-2.900000000000002,0.3000000000000007,1
-5.299999999999997,-0.8000000000000114,-4.6,1.5999999999999943,0.019000000000000017,0.010999999999999954,-1.0999999999999943,-2.1999999999999993,0.3000000000000007,1
5.299999999999997,0.8000000000000114,4.6,-1.5999999999999943,-0.019000000000000017,-0.010999999999999954,1.0999999999999943,2.1999999999999993,-0.3000000000000007,0
-3.299999999999997,0.3999999999999915,-3.6999999999999997,-0.6599999999999966,0.006000000000000005,0.02699999999999997,3.0,2.400000000000002,1.0,0
3.299999999999997,-0.3999999999999915,3.6999999999999997,0.6599999999999966,-0.006000000000000005,-0.02699999999999997,-3.0,-2.400000000000002,-1.0,1
9.799999999999997,1.0,8.8,-6.209999999999994,-0.020000000000000018,0.03999999999999998,-1.5999999999999943,-2.8000000000000007,-0.3000000000000007,1
-9.799999999999997,-1.0,-8.8,6.209999999999994,0.020000000000000018,-0.03999999999999998,1.5999999999999943,2.8000000000000007,0.3000000000000007,0
16.60000000000001,5.200000000000003,11.5,-1.3199999999999932,0.0030000000000000027,0.03200000000000003,0.0,-3.8000000000000007,-0.8000000000000007,1
-16.60000000000001,-5.200000000000003,-11.5,1.3199999999999932,-0.0030000000000000027,-0.03200000000000003,0.0,3.8000000000000007,0.8000000000000007,0
4.200000000000003,-8.900000000000006,13.2,-6.239999999999995,-0.02699999999999997,-0.015000000000000013,-3.8000000000000043,-2.5,-1.9000000000000004,1
-4.200000000000003,8.900000000000006,-13.2,6.239999999999995,0.02699999999999997,0.015000000000000013,3.8000000000000043,2.5,1.9000000000000004,0
23.799999999999997,-0.5,24.5,-6.5,-0.007000000000000006,0.064,-17.200000000000003,-6.300000000000001,-3.3000000000000007,1
-23.799999999999997,0.5,-24.5,6.5,0.007000000000000006,-0.064,17.200000000000003,6.300000000000001,3.3000000000000007,0
7.0,7.700000000000003,-0.5,-3.75,0.007000000000000006,0.039000000000000035,0.3999999999999986,-0.3999999999999986,-1.5,0
-7.0,-7.700000000000003,0.5,3.75,-0.007000000000000006,-0.039000000000000035,-0.3999999999999986,0.3999999999999986,1.5,1
17.10000000000001,4.799999999999997,12.399999999999999,-1.1400000000000006,0.018000000000000016,0.031000000000000028,-2.4000000000000057,-0.10000000000000142,0.8999999999999986,1
-17.10000000000001,-4.799999999999997,-12.399999999999999,1.1400000000000006,-0.018000000000000016,-0.031000000000000028,2.4000000000000057,0.10000000000000142,-0.8999999999999986,0
3.6000000000000085,7.0,-3.3,-7.11999999999999,0.01100000000000001,0.07200000000000001,-1.0,-0.3000000000000007,-0.8000000000000007,0
-3.6000000000000085,-7.0,3.3,7.11999999999999,-0.01100000000000001,-0.07200000000000001,1.0,0.3000000000000007,0.8000000000000007,1
6.0,5.5,0.5999999999999996,-2.3299999999999983,0.02100000000000002,0.057999999999999996,-1.8000000000000043,-0.3999999999999986,-0.10000000000000142,0
-6.0,-5.5,-0.5999999999999996,2.3299999999999983,-0.02100000000000002,-0.057999999999999996,1.8000000000000043,0.3999999999999986,0.10000000000000142,1
-2.8999999999999915,-8.400000000000006,5.5,-1.0300000000000011,-0.010999999999999954,-0.015000000000000013,-2.5,-5.5,0.5,1
2.8999999999999915,8.400000000000006,-5.5,1.0300000000000011,0.010999999999999954,0.015000000000000013,2.5,5.5,-0.5,0
-0.8999999999999915,-7.200000000000003,6.4,-3.289999999999992,-0.023999999999999966,0.0010000000000000009,1.5999999999999943,-0.8999999999999986,1.1999999999999993,0
0.8999999999999915,7.200000000000003,-6.4,3.289999999999992,0.023999999999999966,-0.0010000000000000009,-1.5999999999999943,0.8999999999999986,-1.1999999999999993,1
12.200000000000003,-6.599999999999994,18.9,-8.83999999999999,-0.04999999999999999,0.014000000000000012,-3.0,-6.100000000000001,-0.10000000000000142,1
-12.200000000000003,6.599999999999994,-18.9,8.83999999999999,0.04999999999999999,-0.014000000000000012,3.0,6.100000000000001,0.10000000000000142,0
-12.400000000000006,-14.100000000000009,1.7000000000000002,-4.920000000000002,-0.02999999999999997,-0.04700000000000004,-3.8000000000000043,1.3000000000000007,-1.0999999999999996,1
12.400000000000006,14.100000000000009,-1.7000000000000002,4.920000000000002,0.02999999999999997,0.04700000000000004,3.8000000000000043,-1.3000000000000007,1.0999999999999996,0
7.199999999999989,-5.700000000000003,13.0,-5.180000000000007,-0.010000000000000009,0.03199999999999997,-17.200000000000003,-2.5,-2.5,1
-7.199999999999989,5.700000000000003,-13.0,5.180000000000007,0.010000000000000009,-0.03199999999999997,17.200000000000003,2.5,2.5,0
-9.600000000000009,2.5,-12.0,-2.430000000000007,0.0040000000000000036,0.007000000000000006,0.3999999999999986,3.400000000000002,-0.6999999999999993,0
9.600000000000009,-2.5,12.0,2.430000000000007,-0.0040000000000000036,-0.007000000000000006,-0.3999999999999986,-3.400000000000002,0.6999999999999993,1
0.5,-0.4000000000000057,0.8999999999999995,0.1799999999999926,0.015000000000000013,-0.0010000000000000009,-2.4000000000000057,3.6999999999999993,1.6999999999999993,1
-0.5,0.4000000000000057,-0.8999999999999995,-0.1799999999999926,-0.015000000000000013,0.0010000000000000009,2.4000000000000057,-3.6999999999999993,-1.6999999999999993,0
-13.0,1.7999999999999972,-14.8,-5.799999999999997,0.008000000000000007,0.03999999999999998,-1.0,3.5,0.0,0
13.0,-1.7999999999999972,14.8,5.799999999999997,-0.008000000000000007,-0.03999999999999998,1.0,-3.5,0.0,1
-10.600000000000009,0.29999999999999716,-10.9,-1.0100000000000051,0.018000000000000016,0.025999999999999968,-1.8000000000000043,3.400000000000002,0.6999999999999993,0
10.600000000000009,-0.29999999999999716,10.9,1.0100000000000051,-0.018000000000000016,-0.025999999999999968,1.8000000000000043,-3.400000000000002,-0.6999999999999993,1
-19.5,-13.600000000000009,-6.0,0.28999999999999204,-0.013999999999999957,-0.04700000000000004,-2.5,-1.6999999999999993,1.3000000000000007,0
19.5,13.600000000000009,6.0,-0.28999999999999204,0.013999999999999957,0.04700000000000004,2.5,1.6999999999999993,-1.3000000000000007,0
-17.5,-12.400000000000006,-5.1,-1.9699999999999989,-0.02699999999999997,-0.031000000000000028,1.5999999999999943,2.900000000000002,2.0,0
17.5,12.400000000000006,5.1,1.9699999999999989,0.02699999999999997,0.031000000000000028,-1.5999999999999943,-2.900000000000002,-2.0,1
-4.400000000000006,-11.799999999999997,7.3999999999999995,-7.519999999999996,-0.05299999999999999,-0.018000000000000016,-3.0,-2.3000000000000007,0.6999999999999993,1
4.400000000000006,11.799999999999997,-7.3999999999999995,7.519999999999996,0.05299999999999999,0.018000000000000016,3.0,2.3000000000000007,-0.6999999999999993,0
19.599999999999994,8.400000000000006,11.299999999999999,-0.2600000000000051,0.019999999999999962,0.07900000000000001,-13.399999999999999,-3.8000000000000007,-1.4000000000000004,1
-19.599999999999994,-8.400000000000006,-11.299999999999999,0.2600000000000051,-0.019999999999999962,-0.07900000000000001,13.399999999999999,3.8000000000000007,1.4000000000000004,0
2.799999999999997,16.60000000000001,-13.7,2.489999999999995,0.033999999999999975,0.05400000000000005,4.200000000000003,2.1000000000000014,0.40000000000000036,0
-2.799999999999997,-16.60000000000001,13.7,-2.489999999999995,-0.033999999999999975,-0.05400000000000005,-4.200000000000003,-2.1000000000000014,-0.40000000000000036,1
12.900000000000006,13.700000000000003,-0.8000000000000007,5.099999999999994,0.044999999999999984,0.04600000000000004,1.3999999999999986,2.3999999999999986,2.799999999999999,0
-12.900000000000006,-13.700000000000003,0.8000000000000007,-5.099999999999994,-0.044999999999999984,-0.04600000000000004,-1.3999999999999986,-2.3999999999999986,-2.799999999999999,0
-0.5999999999999943,15.900000000000006,-16.5,-0.8799999999999955,0.03799999999999998,0.08700000000000002,2.8000000000000043,2.1999999999999993,1.0999999999999996,0
0.5999999999999943,-15.900000000000006,16.5,0.8799999999999955,-0.03799999999999998,-0.08700000000000002,-2.8000000000000043,-2.1999999999999993,-1.0999999999999996,1
1.7999999999999972,14.400000000000006,-12.600000000000001,3.9099999999999966,0.04799999999999999,0.07300000000000001,2.0,2.1000000000000014,1.799999999999999,0
-1.7999999999999972,-14.400000000000006,12.600000000000001,-3.9099999999999966,-0.04799999999999999,-0.07300000000000001,-2.0,-2.1000000000000014,-1.799999999999999,1
-7.099999999999994,0.5,-7.7,5.209999999999994,0.016000000000000014,0.0,1.3000000000000043,-3.0,2.4000000000000004,0
7.099999999999994,-0.5,7.7,-5.209999999999994,-0.016000000000000014,0.0,-1.3000000000000043,3.0,-2.4000000000000004,1
-5.099999999999994,1.7000000000000028,-6.800000000000001,2.950000000000003,0.0030000000000000027,0.016000000000000014,5.399999999999999,1.6000000000000014,3.0999999999999996,0
5.099999999999994,-1.7000000000000028,6.800000000000001,-2.950000000000003,-0.0030000000000000027,-0.016000000000000014,-5.399999999999999,-1.6000000000000014,-3.0999999999999996,1
8.0,2.3000000000000114,5.699999999999999,-2.5999999999999943,-0.02300000000000002,0.029000000000000026,0.8000000000000043,-3.6000000000000014,1.799999999999999,0
-8.0,-2.3000000000000114,-5.699999999999999,2.5999999999999943,0.02300000000000002,-0.029000000000000026,-0.8000000000000043,3.6000000000000014,-1.799999999999999,0
-16.799999999999997,8.200000000000003,-25.0,2.75,0.014000000000000012,-0.024999999999999967,17.6,5.900000000000002,1.8000000000000007,0
16.799999999999997,-8.200000000000003,25.0,-2.75,-0.014000000000000012,0.024999999999999967,-17.6,-5.900000000000002,-1.8000000000000007,1
-6.699999999999989,5.299999999999997,-12.1,5.359999999999999,0.025000000000000022,-0.032999999999999974,14.799999999999997,6.199999999999999,4.199999999999999,0
6.699999999999989,-5.299999999999997,12.1,-5.359999999999999,-0.025000000000000022,0.032999999999999974,-14.799999999999997,-6.199999999999999,-4.199999999999999,1
-20.19999999999999,7.5,-27.799999999999997,-0.6199999999999903,0.018000000000000016,0.008000000000000007,16.200000000000003,6.0,2.5,0
20.19999999999999,-7.5,27.799999999999997,0.6199999999999903,-0.018000000000000016,-0.008000000000000007,-16.200000000000003,-6.0,-2.5,1
-17.799999999999997,6.0,-23.9,4.170000000000002,0.028000000000000025,-0.006000000000000005,15.399999999999999,5.900000000000002,3.1999999999999993,0
17.799999999999997,-6.0,23.9,-4.170000000000002,-0.028000000000000025,0.006000000000000005,-15.399999999999999,-5.900000000000002,-3.1999999999999993,1
-26.69999999999999,-7.900000000000006,-19.0,5.469999999999999,-0.003999999999999948,-0.07900000000000001,14.700000000000003,0.8000000000000007,3.8000000000000007,0
26.69999999999999,7.900000000000006,19.0,-5.469999999999999,0.003999999999999948,0.07900000000000001,-14.700000000000003,-0.8000000000000007,-3.8000000000000007,1
-24.69999999999999,-6.700000000000003,-18.099999999999998,3.210000000000008,-0.01699999999999996,-0.063,18.799999999999997,5.400000000000002,4.5,0
24.69999999999999,6.700000000000003,18.099999999999998,-3.210000000000008,0.01699999999999996,0.063,-18.799999999999997,-5.400000000000002,-4.5,1
-11.599999999999994,-6.099999999999994,-5.6,-2.339999999999989,-0.04299999999999998,-0.04999999999999999,14.200000000000003,0.1999999999999993,3.1999999999999993,0
11.599999999999994,6.099999999999994,5.6,2.339999999999989,0.04299999999999998,0.04999999999999999,-14.200000000000003,-0.1999999999999993,-3.1999999999999993,1
10.100000000000009,-2.9000000000000057,12.899999999999999,2.6099999999999994,0.01100000000000001,-0.008000000000000007,-2.8000000000000043,0.29999999999999716,2.3999999999999986,1
-10.100000000000009,2.9000000000000057,-12.899999999999999,-2.6099999999999994,-0.01100000000000001,0.008000000000000007,2.8000000000000043,-0.29999999999999716,-2.3999999999999986,0
-3.3999999999999915,-0.7000000000000028,-2.8,-3.3699999999999903,0.0040000000000000036,0.032999999999999974,-1.3999999999999986,0.09999999999999787,0.6999999999999993,1
3.3999999999999915,0.7000000000000028,2.8,3.3699999999999903,-0.0040000000000000036,-0.032999999999999974,1.3999999999999986,-0.09999999999999787,-0.6999999999999993,0
-1.0,-2.200000000000003,1.0999999999999996,1.4200000000000017,0.014000000000000012,0.01899999999999996,-2.200000000000003,0.0,1.3999999999999986,1
1.0,2.200000000000003,-1.0999999999999996,-1.4200000000000017,-0.014000000000000012,-0.01899999999999996,2.200000000000003,0.0,-1.3999999999999986,0
-9.899999999999991,-16.10000000000001,6.0,2.719999999999999,-0.01799999999999996,-0.05400000000000005,-2.8999999999999986,-5.100000000000001,2.0,1
9.899999999999991,16.10000000000001,-6.0,-2.719999999999999,0.01799999999999996,0.05400000000000005,2.8999999999999986,5.100000000000001,-2.0,0
-7.8999999999999915,-14.900000000000006,6.9,0.46000000000000796,-0.030999999999999972,-0.038000000000000034,1.1999999999999957,-0.5,2.6999999999999993,1
7.8999999999999915,14.900000000000006,-6.9,-0.46000000000000796,0.030999999999999972,0.038000000000000034,-1.1999999999999957,0.5,-2.6999999999999993,0
5.200000000000003,-14.299999999999997,19.4,-5.089999999999989,-0.056999999999999995,-0.025000000000000022,-3.3999999999999986,-5.700000000000003,1.3999999999999986,1
-5.200000000000003,14.299999999999997,-19.4,5.089999999999989,0.056999999999999995,0.025000000000000022,3.3999999999999986,5.700000000000003,-1.3999999999999986,0
-13.5,2.200000000000003,-15.7,-5.97999999999999,-0.007000000000000006,0.04099999999999998,1.4000000000000057,-0.1999999999999993,-1.6999999999999993,0
13.5,-2.200000000000003,15.7,5.97999999999999,0.007000000000000006,-0.04099999999999998,-1.4000000000000057,0.1999999999999993,1.6999999999999993,1
-11.100000000000009,0.7000000000000028,-11.8,-1.1899999999999977,0.0030000000000000027,0.02699999999999997,0.6000000000000014,-0.29999999999999716,-1.0,0
11.100000000000009,-0.7000000000000028,11.8,1.1899999999999977,-0.0030000000000000027,-0.02699999999999997,-0.6000000000000014,0.29999999999999716,1.0,1
-20.0,-13.200000000000003,-6.8999999999999995,0.10999999999999943,-0.02899999999999997,-0.04600000000000004,-0.09999999999999432,-5.399999999999999,-0.3999999999999986,0
20.0,13.200000000000003,6.8999999999999995,-0.10999999999999943,0.02899999999999997,0.04600000000000004,0.09999999999999432,5.399999999999999,0.3999999999999986,1
-18.0,-12.0,-6.0,-2.1499999999999915,-0.04199999999999998,-0.030000000000000027,4.0,-0.7999999999999972,0.3000000000000007,0
18.0,12.0,6.0,2.1499999999999915,0.04199999999999998,0.030000000000000027,-4.0,0.7999999999999972,-0.3000000000000007,1
-4.900000000000006,-11.399999999999991,6.5,-7.699999999999989,-0.068,-0.017000000000000015,-0.5999999999999943,-6.0,-1.0,0
4.900000000000006,11.399999999999991,-6.5,7.699999999999989,0.068,0.017000000000000015,0.5999999999999943,6.0,1.0,0
2.3999999999999915,-1.5,3.8999999999999995,4.789999999999992,0.010000000000000009,-0.014000000000000012,-0.8000000000000043,-0.09999999999999787,0.6999999999999993,0
-2.3999999999999915,1.5,-3.8999999999999995,-4.789999999999992,-0.010000000000000009,0.014000000000000012,0.8000000000000043,0.09999999999999787,-0.6999999999999993,1
-6.5,-15.400000000000006,8.799999999999999,6.089999999999989,-0.021999999999999964,-0.08700000000000002,-1.5,-5.199999999999999,1.3000000000000007,1
6.5,15.400000000000006,-8.799999999999999,-6.089999999999989,0.021999999999999964,0.08700000000000002,1.5,5.199999999999999,-1.3000000000000007,0
-4.5,-14.200000000000003,9.7,3.8299999999999983,-0.034999999999999976,-0.07100000000000001,2.5999999999999943,-0.5999999999999979,2.0,1
4.5,14.200000000000003,-9.7,-3.8299999999999983,0.034999999999999976,0.07100000000000001,-2.5999999999999943,0.5999999999999979,-2.0,0
8.599999999999994,-13.599999999999994,22.2,-1.7199999999999989,-0.061,-0.057999999999999996,-2.0,-5.800000000000001,0.6999999999999993,1
-8.599999999999994,13.599999999999994,-22.2,1.7199999999999989,0.061,0.057999999999999996,2.0,5.800000000000001,-0.6999999999999993,0
-8.899999999999991,-13.900000000000006,4.9,1.2999999999999972,-0.03199999999999997,-0.07300000000000001,-0.6999999999999957,-5.100000000000001,0.6000000000000014,1
8.899999999999991,13.900000000000006,-4.9,-1.2999999999999972,0.03199999999999997,0.07300000000000001,0.6999999999999957,5.100000000000001,-0.6000000000000014,0
-6.8999999999999915,-12.700000000000003,5.800000000000001,-0.9599999999999937,-0.044999999999999984,-0.056999999999999995,3.3999999999999986,-0.5,1.3000000000000007,1
6.8999999999999915,12.700000000000003,-5.800000000000001,0.9599999999999937,0.044999999999999984,0.056999999999999995,-3.3999999999999986,0.5,-1.3000000000000007,0
6.200000000000003,-12.099999999999994,18.3,-6.509999999999991,-0.07100000000000001,-0.043999999999999984,-1.1999999999999957,-5.700000000000003,0.0,1
-6.200000000000003,12.099999999999994,-18.3,6.509999999999991,0.07100000000000001,0.043999999999999984,1.1999999999999957,5.700000000000003,0.0,0
2.0,1.2000000000000028,0.9000000000000001,-2.259999999999991,-0.013000000000000012,0.016000000000000014,4.099999999999994,4.600000000000001,0.6999999999999993,0
-2.0,-1.2000000000000028,-0.9000000000000001,2.259999999999991,0.013000000000000012,-0.016000000000000014,-4.099999999999994,-4.600000000000001,-0.6999999999999993,1
15.099999999999994,1.8000000000000114,13.4,-7.809999999999988,-0.039000000000000035,0.029000000000000026,-0.5,-0.6000000000000014,-0.6000000000000014,1
-15.099999999999994,-1.8000000000000114,-13.4,7.809999999999988,0.039000000000000035,-0.029000000000000026,0.5,0.6000000000000014,0.6000000000000014,0
13.099999999999994,0.6000000000000085,12.5,-5.549999999999997,-0.026000000000000023,0.013000000000000012,-4.599999999999994,-5.200000000000003,-1.3000000000000007,1
-13.099999999999994,-0.6000000000000085,-12.5,5.549999999999997,0.026000000000000023,-0.013000000000000012,4.599999999999994,5.200000000000003,1.3000000000000007,0
-6.200000000000003,9.600000000000009,-15.700000000000001,-1.7900000000000063,0.029000000000000026,0.011999999999999955,-2.299999999999997,4.5,-0.10000000000000142,0
6.200000000000003,-9.600000000000009,15.700000000000001,1.7900000000000063,-0.029000000000000026,-0.011999999999999955,2.299999999999997,-4.5,0.10000000000000142,1
-10.900000000000006,-3.299999999999997,-7.700000000000001,-1.0,-0.024999999999999967,-0.01100000000000001,0.5,-0.40000000000000213,-0.8000000000000007,1
10.900000000000006,3.299999999999997,7.700000000000001,1.0,0.024999999999999967,0.01100000000000001,-0.5,0.40000000000000213,0.8000000000000007,0
9.699999999999989,7.6000000000000085,2.0,-7.099999999999994,-0.006999999999999951,-0.03600000000000003,-11.799999999999997,2.0,-2.200000000000001,0
-9.699999999999989,-7.6000000000000085,-2.0,7.099999999999994,0.006999999999999951,0.03600000000000003,11.799999999999997,-2.0,2.200000000000001,0
-9.800000000000011,2.6000000000000085,-12.4,0.6899999999999977,-0.011999999999999955,-0.008000000000000007,-5.100000000000001,1.8999999999999986,-0.10000000000000142,0
9.800000000000011,-2.6000000000000085,12.4,-0.6899999999999977,0.011999999999999955,0.008000000000000007,5.100000000000001,-1.8999999999999986,0.10000000000000142,1
-9.800000000000011,-6.0,-3.8000000000000007,-2.700000000000003,-0.04999999999999999,-0.07800000000000001,4.200000000000003,-3.200000000000003,0.1999999999999993,0
9.800000000000011,6.0,3.8000000000000007,2.700000000000003,0.04999999999999999,0.07800000000000001,-4.200000000000003,3.200000000000003,-0.1999999999999993,0
-10.400000000000006,6.300000000000011,-16.700000000000003,-3.6099999999999994,0.026000000000000023,-0.031000000000000028,-1.7000000000000028,1.2999999999999972,-0.7000000000000011,0
10.400000000000006,-6.300000000000011,16.700000000000003,3.6099999999999994,-0.026000000000000023,0.031000000000000028,1.7000000000000028,-1.2999999999999972,0.7000000000000011,1
-5.700000000000003,8.800000000000011,-14.5,-8.670000000000002,0.014000000000000012,-0.020000000000000018,-5.299999999999997,0.3999999999999986,-4.699999999999999,0
5.700000000000003,-8.800000000000011,14.5,8.670000000000002,-0.014000000000000012,0.020000000000000018,5.299999999999997,-0.3999999999999986,4.699999999999999,1
-6.6000000000000085,8.900000000000006,-15.600000000000001,0.030000000000001137,0.019000000000000017,0.00599999999999995,-0.3999999999999986,4.799999999999997,-2.3000000000000007,0
6.6000000000000085,-8.900000000000006,15.600000000000001,-0.030000000000001137,-0.019000000000000017,-0.00599999999999995,0.3999999999999986,-4.799999999999997,2.3000000000000007,1
0.6999999999999886,13.200000000000003,-12.4,-5.0,0.04400000000000004,0.003999999999999948,-3.299999999999997,1.3999999999999986,0.3999999999999986,0
-0.6999999999999886,-13.200000000000003,12.4,5.0,-0.04400000000000004,-0.003999999999999948,3.299999999999997,-1.3999999999999986,-0.3999999999999986,1
-1.7000000000000028,4.200000000000003,-5.9,-8.920000000000002,0.01100000000000001,-0.019000000000000017,-6.299999999999997,-0.40000000000000213,-2.8000000000000007,0
1.7000000000000028,-4.200000000000003,5.9,8.920000000000002,-0.01100000000000001,0.019000000000000017,6.299999999999997,0.40000000000000213,2.8000000000000007,1
-11.5,-1.8999999999999915,-9.600000000000001,-0.75,-0.057999999999999996,0.024999999999999967,4.299999999999997,-1.4000000000000021,2.1999999999999993,0
11.5,1.8999999999999915,9.600000000000001,0.75,0.057999999999999996,-0.024999999999999967,-4.299999999999997,1.4000000000000021,-2.1999999999999993,1
-8.200000000000003,4.6000000000000085,-12.8,1.4699999999999989,0.010000000000000009,0.044999999999999984,0.0,4.299999999999997,1.5,0
8.200000000000003,-4.6000000000000085,12.8,-1.4699999999999989,-0.010000000000000009,-0.044999999999999984,0.0,-4.299999999999997,-1.5,1
-10.800000000000011,1.0,-11.8,-0.12000000000000455,0.0030000000000000027,-0.039000000000000035,-0.6000000000000014,6.099999999999998,0.1999999999999993,0
10.800000000000011,-1.0,11.8,0.12000000000000455,-0.0030000000000000027,0.039000000000000035,0.6000000000000014,-6.099999999999998,-0.1999999999999993,1
-5.5,-3.5999999999999943,-1.9000000000000004,1.8499999999999943,-0.022999999999999965,-0.064,-1.7999999999999972,1.3999999999999986,-1.3000000000000007,0
5.5,3.5999999999999943,1.9000000000000004,-1.8499999999999943,0.022999999999999965,0.064,1.7999999999999972,-1.3999999999999986,1.3000000000000007,1
-4.300000000000011,1.1000000000000085,-5.4,2.75,0.02100000000000002,-0.027000000000000024,2.299999999999997,6.099999999999998,4.5,0
4.300000000000011,-1.1000000000000085,5.4,-2.75,-0.02100000000000002,0.027000000000000024,-2.299999999999997,-6.099999999999998,-4.5,1
-4.700000000000003,-12.900000000000006,8.0,0.7900000000000063,-0.05399999999999999,-0.022999999999999965,2.799999999999997,-4.900000000000002,-0.6999999999999993,1
4.700000000000003,12.900000000000006,-8.0,-0.7900000000000063,0.05399999999999999,0.022999999999999965,-2.799999999999997,4.900000000000002,0.6999999999999993,0
15.899999999999991,-2.0,17.7,-5.309999999999988,-0.035999999999999976,-0.04799999999999999,-9.5,-2.5,-2.0999999999999996,1
-15.899999999999991,2.0,-17.7,5.309999999999988,0.035999999999999976,0.04799999999999999,9.5,2.5,2.0999999999999996,0
-3.6000000000000085,-7.0,3.3,2.480000000000004,-0.04099999999999998,-0.019999999999999962,-2.8000000000000043,-2.6000000000000014,0.0,1
3.6000000000000085,7.0,-3.3,-2.480000000000004,0.04099999999999998,0.019999999999999962,2.8000000000000043,2.6000000000000014,0.0,0
-3.6000000000000085,-15.600000000000009,11.9,-0.9099999999999966,-0.07900000000000001,-0.08999999999999997,6.5,-7.700000000000003,0.3000000000000007,1
3.6000000000000085,15.600000000000009,-11.9,0.9099999999999966,0.07900000000000001,0.08999999999999997,-6.5,7.700000000000003,-0.3000000000000007,0
-4.200000000000003,-3.299999999999997,-1.0000000000000004,-1.8199999999999932,-0.0030000000000000027,-0.04299999999999998,0.5999999999999943,-3.200000000000003,-0.5999999999999996,0
4.200000000000003,3.299999999999997,1.0000000000000004,1.8199999999999932,0.0030000000000000027,0.04299999999999998,-0.5999999999999943,3.200000000000003,0.5999999999999996,1
0.5,-0.7999999999999972,1.1999999999999997,-6.8799999999999955,-0.015000000000000013,-0.03199999999999997,-3.0,-4.100000000000001,-4.599999999999998,1
-0.5,0.7999999999999972,-1.1999999999999997,6.8799999999999955,0.015000000000000013,0.03199999999999997,3.0,4.100000000000001,4.599999999999998,0
-0.4000000000000057,-0.7000000000000028,0.10000000000000009,1.8200000000000074,-0.010000000000000009,-0.006000000000000005,1.8999999999999986,0.29999999999999716,-2.1999999999999993,0
0.4000000000000057,0.7000000000000028,-0.10000000000000009,-1.8200000000000074,0.010000000000000009,0.006000000000000005,-1.8999999999999986,-0.29999999999999716,2.1999999999999993,1
6.8999999999999915,3.5999999999999943,3.3,-3.2099999999999937,0.015000000000000013,-0.008000000000000007,-1.0,-3.1000000000000014,0.5,0
-6.8999999999999915,-3.5999999999999943,-3.3,3.2099999999999937,-0.015000000000000013,0.008000000000000007,1.0,3.1000000000000014,-0.5,0
4.5,-5.400000000000006,9.8,-7.1299999999999955,-0.018000000000000016,-0.030999999999999972,-4.0,-4.900000000000002,-2.6999999999999993,1
-4.5,5.400000000000006,-9.8,7.1299999999999955,0.018000000000000016,0.030999999999999972,4.0,4.900000000000002,2.6999999999999993,0
-5.299999999999997,-11.5,6.1,1.0400000000000063,-0.08700000000000002,0.013000000000000012,6.599999999999994,-5.900000000000002,2.3000000000000007,1
5.299999999999997,11.5,-6.1,-1.0400000000000063,0.08700000000000002,-0.013000000000000012,-6.599999999999994,5.900000000000002,-2.3000000000000007,0
-2.0,-5.0,2.9,3.260000000000005,-0.019000000000000017,0.03300000000000003,2.299999999999997,-0.20000000000000284,1.6000000000000014,1
2.0,5.0,-2.9,-3.260000000000005,0.019000000000000017,-0.03300000000000003,-2.299999999999997,0.20000000000000284,-1.6000000000000014,0
-4.6000000000000085,-8.600000000000009,3.9,1.6700000000000017,-0.026000000000000023,-0.05099999999999999,1.6999999999999957,1.5999999999999979,0.3000000000000007,1
4.6000000000000085,8.600000000000009,-3.9,-1.6700000000000017,0.026000000000000023,0.05099999999999999,-1.6999999999999957,-1.5999999999999979,-0.3000000000000007,0
0.7000000000000028,-13.200000000000003,13.8,3.6400000000000006,-0.05199999999999999,-0.07599999999999996,0.5,-3.1000000000000014,-1.1999999999999993,1
-0.7000000000000028,13.200000000000003,-13.8,-3.6400000000000006,0.05199999999999999,0.07599999999999996,-0.5,3.1000000000000014,1.1999999999999993,0
1.8999999999999915,-8.5,10.3,4.540000000000006,-0.008000000000000007,-0.03899999999999998,4.599999999999994,1.5999999999999979,4.600000000000001,1
-1.8999999999999915,8.5,-10.3,-4.540000000000006,0.008000000000000007,0.03899999999999998,-4.599999999999994,-1.5999999999999979,-4.600000000000001,0
20.599999999999994,10.900000000000006,9.700000000000001,-6.099999999999994,0.018000000000000016,-0.025000000000000022,-12.299999999999997,2.400000000000002,-1.4000000000000004,0
-20.599999999999994,-10.900000000000006,-9.700000000000001,6.099999999999994,-0.018000000000000016,0.025000000000000022,12.299999999999997,-2.400000000000002,1.4000000000000004,1
1.0999999999999943,5.900000000000006,-4.699999999999999,1.6899999999999977,0.013000000000000012,0.0030000000000000027,-5.600000000000001,2.3000000000000007,0.6999999999999993,0
-1.0999999999999943,-5.900000000000006,4.699999999999999,-1.6899999999999977,-0.013000000000000012,-0.0030000000000000027,5.600000000000001,-2.3000000000000007,-0.6999999999999993,1
1.0999999999999943,-2.700000000000003,3.9000000000000004,-1.7000000000000028,-0.025000000000000022,-0.067,3.700000000000003,-2.8000000000000007,1.0,0
-1.0999999999999943,2.700000000000003,-3.9000000000000004,1.7000000000000028,0.025000000000000022,0.067,-3.700000000000003,2.8000000000000007,-1.0,1
0.5,9.600000000000009,-9.0,-2.6099999999999994,0.05099999999999999,-0.020000000000000018,-2.200000000000003,1.6999999999999993,0.09999999999999964,0
-0.5,-9.600000000000009,9.0,2.6099999999999994,-0.05099999999999999,0.020000000000000018,2.200000000000003,-1.6999999999999993,-0.09999999999999964,1
5.200000000000003,12.100000000000009,-6.8,-7.670000000000002,0.03899999999999998,-0.009000000000000008,-5.799999999999997,0.8000000000000007,-3.8999999999999986,0
-5.200000000000003,-12.100000000000009,6.8,7.670000000000002,-0.03899999999999998,0.009000000000000008,5.799999999999997,-0.8000000000000007,3.8999999999999986,1
4.299999999999997,12.200000000000003,-7.8999999999999995,1.0300000000000011,0.043999999999999984,0.01699999999999996,-0.8999999999999986,5.199999999999999,-1.5,0
-4.299999999999997,-12.200000000000003,7.8999999999999995,-1.0300000000000011,-0.043999999999999984,-0.01699999999999996,0.8999999999999986,-5.199999999999999,1.5,1
11.599999999999994,16.5,-4.699999999999999,-4.0,0.069,0.014999999999999958,-3.799999999999997,1.8000000000000007,1.1999999999999993,0
-11.599999999999994,-16.5,4.699999999999999,4.0,-0.069,-0.014999999999999958,3.799999999999997,-1.8000000000000007,-1.1999999999999993,1
9.200000000000003,7.5,1.8000000000000007,-7.920000000000002,0.035999999999999976,-0.008000000000000007,-6.799999999999997,0.0,-2.0,0
-9.200000000000003,-7.5,-1.8000000000000007,7.920000000000002,-0.035999999999999976,0.008000000000000007,6.799999999999997,0.0,2.0,1
-0.5999999999999943,1.4000000000000057,-1.8999999999999995,0.25,-0.03300000000000003,0.035999999999999976,3.799999999999997,-1.0,3.0,0
0.5999999999999943,-1.4000000000000057,1.8999999999999995,-0.25,0.03300000000000003,-0.035999999999999976,-3.799999999999997,1.0,-3.0,1
2.700000000000003,7.900000000000006,-5.1,2.469999999999999,0.034999999999999976,0.055999999999999994,-0.5,4.699999999999999,2.3000000000000007,0
-2.700000000000003,-7.900000000000006,5.1,-2.469999999999999,-0.034999999999999976,-0.055999999999999994,0.5,-4.699999999999999,-2.3000000000000007,1
0.09999999999999432,4.299999999999997,-4.1,0.8799999999999955,0.02799999999999997,-0.028000000000000025,-1.1000000000000014,6.5,1.0,0
-0.09999999999999432,-4.299999999999997,4.1,-0.8799999999999955,-0.02799999999999997,0.028000000000000025,1.1000000000000014,-6.5,-1.0,1
5.400000000000006,-0.29999999999999716,5.800000000000001,2.8499999999999943,0.0020000000000000018,-0.05299999999999999,-2.299999999999997,1.8000000000000007,-0.5,0
-5.400000000000006,0.29999999999999716,-5.800000000000001,-2.8499999999999943,-0.0020000000000000018,0.05299999999999999,2.299999999999997,-1.8000000000000007,0.5,1
6.599999999999994,4.400000000000006,2.3000000000000007,3.75,0.045999999999999985,-0.016000000000000014,1.7999999999999972,6.5,5.300000000000001,0
-6.599999999999994,-4.400000000000006,-2.3000000000000007,-3.75,-0.045999999999999985,0.016000000000000014,-1.7999999999999972,-6.5,-5.300000000000001,1
-19.5,-5.0,-14.4,7.789999999999992,-0.0050000000000000044,0.028000000000000025,6.699999999999996,-0.10000000000000142,2.0999999999999996,0
19.5,5.0,14.4,-7.789999999999992,0.0050000000000000044,-0.028000000000000025,-6.699999999999996,0.10000000000000142,-2.0999999999999996,1
-19.5,-13.600000000000009,-5.800000000000001,4.3999999999999915,-0.04300000000000004,-0.04199999999999998,16.0,-5.200000000000003,2.4000000000000004,0
19.5,13.600000000000009,5.800000000000001,-4.3999999999999915,0.04300000000000004,0.04199999999999998,-16.0,5.200000000000003,-2.4000000000000004,0
-20.099999999999994,-1.2999999999999972,-18.700000000000003,3.489999999999995,0.032999999999999974,0.0050000000000000044,10.099999999999994,-0.7000000000000028,1.5,0
20.099999999999994,1.2999999999999972,18.700000000000003,-3.489999999999995,-0.032999999999999974,-0.0050000000000000044,-10.099999999999994,0.7000000000000028,-1.5,1
-15.399999999999991,1.2000000000000028,-16.5,-1.5700000000000074,0.020999999999999963,0.016000000000000014,6.5,-1.6000000000000014,-2.4999999999999982,0
15.399999999999991,-1.2000000000000028,16.5,1.5700000000000074,-0.020999999999999963,-0.016000000000000014,-6.5,1.6000000000000014,2.4999999999999982,1
-16.299999999999997,1.2999999999999972,-17.6,7.1299999999999955,0.025999999999999968,0.04199999999999998,11.399999999999999,2.799999999999997,-0.09999999999999964,0
16.299999999999997,-1.2999999999999972,17.6,-7.1299999999999955,-0.025999999999999968,-0.04199999999999998,-11.399999999999999,-2.799999999999997,0.09999999999999964,1
-9.0,5.599999999999994,-14.4,2.0999999999999943,0.05099999999999999,0.03999999999999998,8.5,-0.6000000000000014,2.5999999999999996,0
9.0,-5.599999999999994,14.4,-2.0999999999999943,-0.05099999999999999,-0.03999999999999998,-8.5,0.6000000000000014,-2.5999999999999996,1
-11.399999999999991,-3.4000000000000057,-7.9,-1.8200000000000074,0.01799999999999996,0.017000000000000015,5.5,-2.400000000000002,-0.5999999999999996,0
11.399999999999991,3.4000000000000057,7.9,1.8200000000000074,-0.01799999999999996,-0.017000000000000015,-5.5,2.400000000000002,0.5999999999999996,1
-21.19999999999999,-9.5,-11.600000000000001,6.349999999999994,-0.051000000000000045,0.061,16.099999999999994,-3.400000000000002,4.4,0
21.19999999999999,9.5,11.600000000000001,-6.349999999999994,0.051000000000000045,-0.061,-16.099999999999994,3.400000000000002,-4.4,1
-17.89999999999999,-3.0,-14.8,8.569999999999993,0.01699999999999996,0.08100000000000002,11.799999999999997,2.299999999999997,3.700000000000001,0
17.89999999999999,3.0,14.8,-8.569999999999993,-0.01699999999999996,-0.08100000000000002,-11.799999999999997,-2.299999999999997,-3.700000000000001,1
-20.5,-6.6000000000000085,-13.8,6.97999999999999,0.009999999999999953,-0.0030000000000000027,11.199999999999996,4.099999999999998,2.4000000000000004,0
20.5,6.6000000000000085,13.8,-6.97999999999999,-0.009999999999999953,0.0030000000000000027,-11.199999999999996,-4.099999999999998,-2.4000000000000004,1
-15.199999999999989,-11.200000000000003,-3.9000000000000004,8.949999999999989,-0.016000000000000014,-0.02799999999999997,10.0,-0.6000000000000014,0.9000000000000004,0
15.199999999999989,11.200000000000003,3.9000000000000004,-8.949999999999989,0.016000000000000014,0.02799999999999997,-10.0,0.6000000000000014,-0.9000000000000004,1
-14.0,-6.5,-7.4,9.849999999999994,0.02799999999999997,0.009000000000000008,14.099999999999994,4.099999999999998,6.700000000000001,0
14.0,6.5,7.4,-9.849999999999994,-0.02799999999999997,-0.009000000000000008,-14.099999999999994,-4.099999999999998,-6.700000000000001,1
0.0,-8.600000000000009,8.6,-3.3900000000000006,-0.038000000000000034,-0.07,9.300000000000004,-5.100000000000001,0.3000000000000007,1
0.0,8.600000000000009,-8.6,3.3900000000000006,0.038000000000000034,0.07,-9.300000000000004,5.100000000000001,-0.3000000000000007,0
-0.5999999999999943,3.700000000000003,-4.300000000000001,-4.299999999999997,0.03799999999999998,-0.02300000000000002,3.3999999999999986,-0.6000000000000014,-0.5999999999999996,0
0.5999999999999943,-3.700000000000003,4.300000000000001,4.299999999999997,-0.03799999999999998,0.02300000000000002,-3.3999999999999986,0.6000000000000014,0.5999999999999996,1
4.1000000000000085,6.200000000000003,-2.1,-9.36,0.025999999999999968,-0.01200000000000001,-0.19999999999999574,-1.5,-4.599999999999998,0
-4.1000000000000085,-6.200000000000003,2.1,9.36,-0.025999999999999968,0.01200000000000001,0.19999999999999574,1.5,4.599999999999998,0
3.200000000000003,6.299999999999997,-3.1999999999999997,-0.6599999999999966,0.030999999999999972,0.013999999999999957,4.700000000000003,2.8999999999999986,-2.1999999999999993,0
-3.200000000000003,-6.299999999999997,3.1999999999999997,0.6599999999999966,-0.030999999999999972,-0.013999999999999957,-4.700000000000003,-2.8999999999999986,2.1999999999999993,1
10.5,10.599999999999994,0.0,-5.689999999999998,0.055999999999999994,0.011999999999999955,1.8000000000000043,-0.5,0.5,0
-10.5,-10.599999999999994,0.0,5.689999999999998,-0.055999999999999994,-0.011999999999999955,-1.8000000000000043,0.5,-0.5,1
8.100000000000009,1.5999999999999943,6.5,-9.61,0.022999999999999965,-0.01100000000000001,-1.1999999999999957,-2.3000000000000007,-2.6999999999999993,1
-8.100000000000009,-1.5999999999999943,-6.5,9.61,-0.022999999999999965,0.01100000000000001,1.1999999999999957,2.3000000000000007,2.6999999999999993,0
-1.6999999999999886,-4.5,2.8000000000000003,-1.4399999999999977,-0.04600000000000004,0.032999999999999974,9.399999999999999,-3.3000000000000007,2.3000000000000007,1
1.6999999999999886,4.5,-2.8000000000000003,1.4399999999999977,0.04600000000000004,-0.032999999999999974,-9.399999999999999,3.3000000000000007,-2.3000000000000007,0
1.6000000000000085,2.0,-0.4,0.7800000000000011,0.021999999999999964,0.05299999999999999,5.100000000000001,2.3999999999999986,1.6000000000000014,0
-1.6000000000000085,-2.0,0.4,-0.7800000000000011,-0.021999999999999964,-0.05299999999999999,-5.100000000000001,-2.3999999999999986,-1.6000000000000014,0
-1.0,-1.6000000000000085,0.6,-0.8100000000000023,0.014999999999999958,-0.031000000000000028,4.5,4.199999999999999,0.3000000000000007,0
1.0,1.6000000000000085,-0.6,0.8100000000000023,-0.014999999999999958,0.031000000000000028,-4.5,-4.199999999999999,-0.3000000000000007,1
4.300000000000011,-6.200000000000003,10.5,1.1599999999999966,-0.01100000000000001,-0.055999999999999994,3.3000000000000043,-0.5,-1.1999999999999993,1
-4.300000000000011,6.200000000000003,-10.5,-1.1599999999999966,0.01100000000000001,0.055999999999999994,-3.3000000000000043,0.5,1.1999999999999993,0
5.5,-1.5,7.0,2.0600000000000023,0.032999999999999974,-0.019000000000000017,7.399999999999999,4.199999999999999,4.600000000000001,1
-5.5,1.5,-7.0,-2.0600000000000023,-0.032999999999999974,0.019000000000000017,-7.399999999999999,-4.199999999999999,-4.600000000000001,0
-0.5999999999999943,12.300000000000011,-12.9,-0.9099999999999966,0.07600000000000001,0.046999999999999986,-5.900000000000006,4.5,-0.9000000000000004,0
0.5999999999999943,-12.300000000000011,12.9,0.9099999999999966,-0.07600000000000001,-0.046999999999999986,5.900000000000006,-4.5,0.9000000000000004,1
4.1000000000000085,14.800000000000011,-10.7,-5.969999999999999,0.064,0.057999999999999996,-9.5,3.6000000000000014,-4.899999999999999,0
-4.1000000000000085,-14.800000000000011,10.7,5.969999999999999,-0.064,-0.057999999999999996,9.5,-3.6000000000000014,4.899999999999999,1
3.200000000000003,14.900000000000006,-11.8,2.730000000000004,0.069,0.08399999999999996,-4.600000000000001,8.0,-2.5,0
-3.200000000000003,-14.900000000000006,11.8,-2.730000000000004,-0.069,-0.08399999999999996,4.600000000000001,-8.0,2.5,1
10.5,19.200000000000003,-8.6,-2.299999999999997,0.09400000000000003,0.08199999999999996,-7.5,4.600000000000001,0.1999999999999993,0
-10.5,-19.200000000000003,8.6,2.299999999999997,-0.09400000000000003,-0.08199999999999996,7.5,-4.600000000000001,-0.1999999999999993,1
8.100000000000009,10.200000000000003,-2.0999999999999996,-6.219999999999999,0.061,0.059,-10.5,2.8000000000000007,-3.0,0
-8.100000000000009,-10.200000000000003,2.0999999999999996,6.219999999999999,-0.061,-0.059,10.5,-2.8000000000000007,3.0,1
-1.6999999999999886,4.1000000000000085,-5.8,1.9500000000000028,-0.008000000000000007,0.10299999999999998,0.09999999999999432,1.8000000000000007,2.0,0
1.6999999999999886,-4.1000000000000085,5.8,-1.9500000000000028,0.008000000000000007,-0.10299999999999998,-0.09999999999999432,-1.8000000000000007,-2.0,1
1.6000000000000085,10.600000000000009,-9.0,4.170000000000002,0.06,0.123,-4.200000000000003,7.5,1.3000000000000007,0
-1.6000000000000085,-10.600000000000009,9.0,-4.170000000000002,-0.06,-0.123,4.200000000000003,-7.5,-1.3000000000000007,1
-1.0,7.0,-8.0,2.5799999999999983,0.05299999999999999,0.03899999999999998,-4.800000000000004,9.3,0.0,0
1.0,-7.0,8.0,-2.5799999999999983,-0.05299999999999999,-0.03899999999999998,4.800000000000004,-9.3,0.0,1
4.300000000000011,2.4000000000000057,1.9000000000000004,4.549999999999997,0.027000000000000024,0.014000000000000012,-6.0,4.600000000000001,-1.5,0
-4.300000000000011,-2.4000000000000057,-1.9000000000000004,-4.549999999999997,-0.027000000000000024,-0.014000000000000012,6.0,-4.600000000000001,1.5,1
5.5,7.1000000000000085,-1.5999999999999996,5.450000000000003,0.07100000000000001,0.05099999999999999,-1.9000000000000057,9.3,4.300000000000001,0
-5.5,-7.1000000000000085,1.5999999999999996,-5.450000000000003,-0.07100000000000001,-0.05099999999999999,1.9000000000000057,-9.3,-4.300000000000001,1
4.700000000000003,2.5,2.2,-5.060000000000002,-0.01200000000000001,0.01100000000000001,-3.5999999999999943,-0.8999999999999986,-3.9999999999999982,1
-4.700000000000003,-2.5,-2.2,5.060000000000002,0.01200000000000001,-0.01100000000000001,3.5999999999999943,0.8999999999999986,3.9999999999999982,0
3.799999999999997,2.5999999999999943,1.1000000000000005,3.6400000000000006,-0.007000000000000006,0.03699999999999998,1.3000000000000043,3.5,-1.5999999999999996,1
-3.799999999999997,-2.5999999999999943,-1.1000000000000005,-3.6400000000000006,0.007000000000000006,-0.03699999999999998,-1.3000000000000043,-3.5,1.5999999999999996,0
11.099999999999994,6.8999999999999915,4.300000000000001,-1.3900000000000006,0.018000000000000016,0.034999999999999976,-1.5999999999999943,0.10000000000000142,1.0999999999999996,1
-11.099999999999994,-6.8999999999999915,-4.300000000000001,1.3900000000000006,-0.018000000000000016,-0.034999999999999976,1.5999999999999943,-0.10000000000000142,-1.0999999999999996,0
8.700000000000003,-2.1000000000000085,10.8,-5.310000000000002,-0.015000000000000013,0.01200000000000001,-4.599999999999994,-1.6999999999999993,-2.0999999999999996,1
-8.700000000000003,2.1000000000000085,-10.8,5.310000000000002,0.015000000000000013,-0.01200000000000001,4.599999999999994,1.6999999999999993,2.0999999999999996,0
-1.0999999999999943,-8.200000000000003,7.1000000000000005,2.8599999999999994,-0.08400000000000002,0.055999999999999994,6.0,-2.6999999999999993,2.9000000000000004,1
1.0999999999999943,8.200000000000003,-7.1000000000000005,-2.8599999999999994,0.08400000000000002,-0.055999999999999994,-6.0,2.6999999999999993,-2.9000000000000004,0
2.200000000000003,-1.7000000000000028,3.9000000000000004,5.079999999999998,-0.016000000000000014,0.07600000000000001,1.7000000000000028,3.0,2.200000000000001,1
-2.200000000000003,1.7000000000000028,-3.9000000000000004,-5.079999999999998,0.016000000000000014,-0.07600000000000001,-1.7000000000000028,-3.0,-2.200000000000001,0
-0.4000000000000057,-5.300000000000011,4.9,3.489999999999995,-0.02300000000000002,-0.008000000000000007,1.1000000000000014,4.800000000000001,0.9000000000000004,1
0.4000000000000057,5.300000000000011,-4.9,-3.489999999999995,0.02300000000000002,0.008000000000000007,-1.1000000000000014,-4.800000000000001,-0.9000000000000004,0
4.900000000000006,-9.900000000000006,14.8,5.459999999999994,-0.04899999999999999,-0.032999999999999974,-0.09999999999999432,0.10000000000000142,-0.5999999999999996,1
-4.900000000000006,9.900000000000006,-14.8,-5.459999999999994,0.04899999999999999,0.032999999999999974,0.09999999999999432,-0.10000000000000142,0.5999999999999996,0
6.099999999999994,-5.200000000000003,11.3,6.359999999999999,-0.0050000000000000044,0.0040000000000000036,4.0,4.800000000000001,5.200000000000001,1
-6.099999999999994,5.200000000000003,-11.3,-6.359999999999999,0.0050000000000000044,-0.0040000000000000036,-4.0,-4.800000000000001,-5.200000000000001,0
-0.9000000000000057,0.09999999999999432,-1.0999999999999996,8.700000000000003,0.0050000000000000044,0.025999999999999968,4.899999999999999,4.399999999999999,2.3999999999999986,0
0.9000000000000057,-0.09999999999999432,1.0999999999999996,-8.700000000000003,-0.0050000000000000044,-0.025999999999999968,-4.899999999999999,-4.399999999999999,-2.3999999999999986,1
6.3999999999999915,4.3999999999999915,2.1,3.6700000000000017,0.030000000000000027,0.023999999999999966,2.0,1.0,5.099999999999998,0
-6.3999999999999915,-4.3999999999999915,-2.1,-3.6700000000000017,-0.030000000000000027,-0.023999999999999966,-2.0,-1.0,-5.099999999999998,1
4.0,-4.6000000000000085,8.600000000000001,-0.25,-0.0030000000000000027,0.0010000000000000009,-1.0,-0.8000000000000007,1.8999999999999986,1
-4.0,4.6000000000000085,-8.600000000000001,0.25,0.0030000000000000027,-0.0010000000000000009,1.0,0.8000000000000007,-1.8999999999999986,0
-5.799999999999997,-10.700000000000003,4.9,7.920000000000002,-0.07200000000000001,0.044999999999999984,9.599999999999994,-1.8000000000000007,6.899999999999999,1
5.799999999999997,10.700000000000003,-4.9,-7.920000000000002,0.07200000000000001,-0.044999999999999984,-9.599999999999994,1.8000000000000007,-6.899999999999999,0
-2.5,-4.200000000000003,1.7000000000000002,10.14,-0.0040000000000000036,0.065,5.299999999999997,3.8999999999999986,6.199999999999999,0
2.5,4.200000000000003,-1.7000000000000002,-10.14,0.0040000000000000036,-0.065,-5.299999999999997,-3.8999999999999986,-6.199999999999999,0
-5.1000000000000085,-7.800000000000011,2.7,8.549999999999997,-0.01100000000000001,-0.019000000000000017,4.699999999999996,5.699999999999999,4.899999999999999,0
5.1000000000000085,7.800000000000011,-2.7,-8.549999999999997,0.01100000000000001,0.019000000000000017,-4.699999999999996,-5.699999999999999,-4.899999999999999,1
0.20000000000000284,-12.400000000000006,12.600000000000001,10.519999999999996,-0.03699999999999998,-0.043999999999999984,3.5,1.0,3.3999999999999986,1
-0.20000000000000284,12.400000000000006,-12.600000000000001,-10.519999999999996,0.03699999999999998,0.043999999999999984,-3.5,-1.0,-3.3999999999999986,0
1.3999999999999915,-7.700000000000003,9.100000000000001,11.420000000000002,0.007000000000000006,-0.007000000000000006,7.599999999999994,5.699999999999999,9.2,1
-1.3999999999999915,7.700000000000003,-9.100000000000001,-11.420000000000002,-0.007000000000000006,0.007000000000000006,-7.599999999999994,-5.699999999999999,-9.2,0
7.299999999999997,4.299999999999997,3.1999999999999997,-5.030000000000001,0.025000000000000022,-0.0020000000000000018,-2.8999999999999986,-3.3999999999999986,2.6999999999999993,1
-7.299999999999997,-4.299999999999997,-3.1999999999999997,5.030000000000001,-0.025000000000000022,0.0020000000000000018,2.8999999999999986,3.3999999999999986,-2.6999999999999993,0
4.900000000000006,-4.700000000000003,9.7,-8.950000000000003,-0.008000000000000007,-0.024999999999999967,-5.899999999999999,-5.199999999999999,-0.5,1
-4.900000000000006,4.700000000000003,-9.7,8.950000000000003,0.008000000000000007,0.024999999999999967,5.899999999999999,5.199999999999999,0.5,0
-4.8999999999999915,-10.799999999999997,6.0,-0.7800000000000011,-0.07700000000000001,0.019000000000000017,4.699999999999996,-6.199999999999999,4.5,1
4.8999999999999915,10.799999999999997,-6.0,0.7800000000000011,0.07700000000000001,-0.019000000000000017,-4.699999999999996,6.199999999999999,-4.5,0
-1.5999999999999943,-4.299999999999997,2.8,1.4399999999999977,-0.009000000000000008,0.039000000000000035,0.3999999999999986,-0.5,3.8000000000000007,1
1.5999999999999943,4.299999999999997,-2.8,-1.4399999999999977,0.009000000000000008,-0.039000000000000035,-0.3999999999999986,0.5,-3.8000000000000007,0
-4.200000000000003,-7.900000000000006,3.8,-0.15000000000000568,-0.016000000000000014,-0.044999999999999984,-0.20000000000000284,1.3000000000000007,2.5,1
4.200000000000003,7.900000000000006,-3.8,0.15000000000000568,0.016000000000000014,0.044999999999999984,0.20000000000000284,-1.3000000000000007,-2.5,0
1.1000000000000085,-12.5,13.7,1.8199999999999932,-0.04199999999999998,-0.06999999999999995,-1.3999999999999986,-3.3999999999999986,1.0,1
-1.1000000000000085,12.5,-13.7,-1.8199999999999932,0.04199999999999998,0.06999999999999995,1.3999999999999986,3.3999999999999986,-1.0,0
2.299999999999997,-7.799999999999997,10.2,2.719999999999999,0.0020000000000000018,-0.032999999999999974,2.6999999999999957,1.3000000000000007,6.800000000000001,1
-2.299999999999997,7.799999999999997,-10.2,-2.719999999999999,-0.0020000000000000018,0.032999999999999974,-2.6999999999999957,-1.3000000000000007,-6.800000000000001,0
-2.3999999999999915,-9.0,6.5,-3.9200000000000017,-0.03300000000000003,-0.022999999999999965,-3.0,-1.8000000000000007,-3.1999999999999993,1
2.3999999999999915,9.0,-6.5,3.9200000000000017,0.03300000000000003,0.022999999999999965,3.0,1.8000000000000007,3.1999999999999993,0
-12.199999999999989,-15.099999999999994,2.8000000000000003,4.25,-0.10200000000000004,0.02100000000000002,7.599999999999994,-2.8000000000000007,1.8000000000000007,1
12.199999999999989,15.099999999999994,-2.8000000000000003,-4.25,0.10200000000000004,-0.02100000000000002,-7.599999999999994,2.8000000000000007,-1.8000000000000007,0
-8.899999999999991,-8.599999999999994,-0.4,6.469999999999999,-0.03400000000000003,0.041000000000000036,3.299999999999997,2.8999999999999986,1.1000000000000014,1
8.899999999999991,8.599999999999994,0.4,-6.469999999999999,0.03400000000000003,-0.041000000000000036,-3.299999999999997,-2.8999999999999986,-1.1000000000000014,0
-11.5,-12.200000000000003,0.6,4.8799999999999955,-0.041000000000000036,-0.04299999999999998,2.6999999999999957,4.699999999999999,-0.1999999999999993,1
11.5,12.200000000000003,-0.6,-4.8799999999999955,0.041000000000000036,0.04299999999999998,-2.6999999999999957,-4.699999999999999,0.1999999999999993,0
-6.199999999999989,-16.799999999999997,10.5,6.849999999999994,-0.067,-0.06799999999999995,1.5,0.0,-1.6999999999999993,1
6.199999999999989,16.799999999999997,-10.5,-6.849999999999994,0.067,0.06799999999999995,-1.5,0.0,1.6999999999999993,0
-5.0,-12.099999999999994,7.0,7.75,-0.02300000000000002,-0.030999999999999972,5.599999999999994,4.699999999999999,4.100000000000001,1
5.0,12.099999999999994,-7.0,-7.75,0.02300000000000002,0.030999999999999972,-5.599999999999994,-4.699999999999999,-4.100000000000001,0
-9.799999999999997,-6.099999999999994,-3.7,8.170000000000002,-0.069,0.043999999999999984,10.599999999999994,-1.0,5.0,0
9.799999999999997,6.099999999999994,3.7,-8.170000000000002,0.069,-0.043999999999999984,-10.599999999999994,1.0,-5.0,0
-6.5,0.4000000000000057,-6.9,10.39,-0.0010000000000000009,0.064,6.299999999999997,4.699999999999999,4.300000000000001,0
6.5,-0.4000000000000057,6.9,-10.39,0.0010000000000000009,-0.064,-6.299999999999997,-4.699999999999999,-4.300000000000001,1
-9.100000000000009,-3.200000000000003,-5.9,8.799999999999997,-0.008000000000000007,-0.020000000000000018,5.699999999999996,6.5,3.0,0
9.100000000000009,3.200000000000003,5.9,-8.799999999999997,0.008000000000000007,0.020000000000000018,-5.699999999999996,-6.5,-3.0,1
-3.799999999999997,-7.799999999999997,4.0,10.769999999999996,-0.033999999999999975,-0.044999999999999984,4.5,1.8000000000000007,1.5,0
3.799999999999997,7.799999999999997,-4.0,-10.769999999999996,0.033999999999999975,0.044999999999999984,-4.5,-1.8000000000000007,-1.5,0
-2.6000000000000085,-3.0999999999999943,0.5,11.670000000000002,0.010000000000000009,-0.008000000000000007,8.599999999999994,6.5,7.300000000000001,0
2.6000000000000085,3.0999999999999943,-0.5,-11.670000000000002,-0.010000000000000009,0.008000000000000007,-8.599999999999994,-6.5,-7.300000000000001,0
3.299999999999997,6.5,-3.2,2.219999999999999,0.068,0.020000000000000018,-4.299999999999997,5.699999999999999,-0.6999999999999993,0
-3.299999999999997,-6.5,3.2,-2.219999999999999,-0.068,-0.020000000000000018,4.299999999999997,-5.699999999999999,0.6999999999999993,1
0.6999999999999886,2.8999999999999915,-2.2,0.6299999999999955,0.061,-0.064,-4.899999999999999,7.5,-2.0,0
-0.6999999999999886,-2.8999999999999915,2.2,-0.6299999999999955,-0.061,0.064,4.899999999999999,-7.5,2.0,1
6.0,-1.7000000000000028,7.7,2.5999999999999943,0.03500000000000003,-0.08899999999999997,-6.099999999999994,2.8000000000000007,-3.5,0
-6.0,1.7000000000000028,-7.7,-2.5999999999999943,-0.03500000000000003,0.08899999999999997,6.099999999999994,-2.8000000000000007,3.5,0
7.199999999999989,3.0,4.2,3.5,0.07900000000000001,-0.05199999999999999,-2.0,7.5,2.3000000000000007,0
-7.199999999999989,-3.0,-4.2,-3.5,-0.07900000000000001,0.05199999999999999,2.0,-7.5,-2.3000000000000007,0
-2.6000000000000085,-3.6000000000000085,1.0,-1.5900000000000034,-0.007000000000000006,-0.08400000000000002,-0.6000000000000014,1.8000000000000007,-1.3000000000000007,0
2.6000000000000085,3.6000000000000085,-1.0,1.5900000000000034,0.007000000000000006,0.08400000000000002,0.6000000000000014,-1.8000000000000007,1.3000000000000007,1
2.700000000000003,-8.200000000000003,10.9,0.37999999999999545,-0.032999999999999974,-0.10899999999999999,-1.7999999999999972,-2.8999999999999986,-2.8000000000000007,1
-2.700000000000003,8.200000000000003,-10.9,-0.37999999999999545,0.032999999999999974,0.10899999999999999,1.7999999999999972,2.8999999999999986,2.8000000000000007,0
3.8999999999999915,-3.5,7.4,1.2800000000000011,0.01100000000000001,-0.07200000000000001,2.299999999999997,1.8000000000000007,3.0,1
-3.8999999999999915,3.5,-7.4,-1.2800000000000011,-0.01100000000000001,0.07200000000000001,-2.299999999999997,-1.8000000000000007,-3.0,0
5.300000000000011,-4.599999999999994,9.9,1.9699999999999989,-0.025999999999999968,-0.024999999999999967,-1.1999999999999957,-4.699999999999999,-1.5,1
-5.300000000000011,4.599999999999994,-9.9,-1.9699999999999989,0.025999999999999968,0.024999999999999967,1.1999999999999957,4.699999999999999,1.5,0
6.5,0.10000000000000853,6.4,2.8700000000000045,0.018000000000000016,0.01200000000000001,2.8999999999999986,0.0,4.300000000000001,1
-6.5,-0.10000000000000853,-6.4,-2.8700000000000045,-0.018000000000000016,-0.01200000000000001,-2.8999999999999986,0.0,-4.300000000000001,0
1.1999999999999886,4.700000000000003,-3.5,0.9000000000000057,0.043999999999999984,0.03699999999999998,4.099999999999994,4.699999999999999,5.800000000000001,0
-1.1999999999999886,-4.700000000000003,3.5,-0.9000000000000057,-0.043999999999999984,-0.03699999999999998,-4.099999999999994,-4.699999999999999,-5.800000000000001,0
-1.7999999999999972,5.8999999999999915,-7.7,5.840000000000003,0.056999999999999995,0.028000000000000025,3.700000000000003,6.100000000000001,0.40000000000000036,0
1.7999999999999972,-5.8999999999999915,7.7,-5.840000000000003,-0.056999999999999995,-0.028000000000000025,-3.700000000000003,-6.100000000000001,-0.40000000000000036,1
11.799999999999997,4.5,7.300000000000001,11.170000000000002,0.062,0.0,-3.5,5.5,-0.5,1
-11.799999999999997,-4.5,-7.300000000000001,-11.170000000000002,-0.062,0.0,3.5,-5.5,0.5,0
12.399999999999991,11.5,0.9000000000000004,9.070000000000007,0.08200000000000002,0.12400000000000005,-0.3999999999999986,9.100000000000001,-2.3999999999999986,1
-12.399999999999991,-11.5,-0.9000000000000004,-9.070000000000007,-0.08200000000000002,-0.12400000000000005,0.3999999999999986,-9.100000000000001,2.3999999999999986,0
-3.9000000000000057,8.599999999999994,-12.5,6.489999999999995,0.056999999999999995,0.064,6.799999999999997,3.900000000000002,1.8000000000000007,0
3.9000000000000057,-8.599999999999994,12.5,-6.489999999999995,-0.056999999999999995,-0.064,-6.799999999999997,-3.900000000000002,-1.8000000000000007,1
3.3999999999999915,7.700000000000003,-4.3,-0.25,0.062,0.08100000000000002,-0.8999999999999986,4.100000000000001,0.20000000000000107,0
-3.3999999999999915,-7.700000000000003,4.3,0.25,-0.062,-0.08100000000000002,0.8999999999999986,-4.100000000000001,-0.20000000000000107,1
-2.0,-3.700000000000003,1.7000000000000002,2.1700000000000017,-0.0030000000000000027,-0.0009999999999999454,2.200000000000003,0.6999999999999993,0.6000000000000014,1
2.0,3.700000000000003,-1.7000000000000002,-2.1700000000000017,0.0030000000000000027,0.0009999999999999454,-2.200000000000003,-0.6999999999999993,-0.6000000000000014,0
1.5999999999999943,8.5,-6.9,2.6299999999999955,0.07300000000000001,0.05600000000000005,-1.2999999999999972,0.5,-0.29999999999999893,0
-1.5999999999999943,-8.5,6.9,-2.6299999999999955,-0.07300000000000001,-0.05600000000000005,1.2999999999999972,-0.5,0.29999999999999893,1
11.5,8.799999999999997,2.7,1.4899999999999949,0.04899999999999999,0.09600000000000003,-4.700000000000003,2.6000000000000014,-2.0,0
-11.5,-8.799999999999997,-2.7,-1.4899999999999949,-0.04899999999999999,-0.09600000000000003,4.700000000000003,-2.6000000000000014,2.0,0
0.5,6.8999999999999915,-6.4,6.799999999999997,0.046999999999999986,0.08000000000000002,0.8999999999999986,4.199999999999999,-0.6999999999999993,0
-0.5,-6.8999999999999915,6.4,-6.799999999999997,-0.046999999999999986,-0.08000000000000002,-0.8999999999999986,-4.199999999999999,0.6999999999999993,1
0.09999999999999432,-0.20000000000000284,0.2999999999999998,-0.3100000000000023,-0.007000000000000006,-0.043999999999999984,2.3999999999999986,2.1000000000000014,-2.0,1
-0.09999999999999432,0.20000000000000284,-0.2999999999999998,0.3100000000000023,0.007000000000000006,0.043999999999999984,-2.3999999999999986,-2.1000000000000014,2.0,0
4.700000000000003,1.5999999999999943,3.2,6.8500000000000085,0.031000000000000028,0.017000000000000015,0.20000000000000284,2.3000000000000007,0.8000000000000007,1
-4.700000000000003,-1.5999999999999943,-3.2,-6.8500000000000085,-0.031000000000000028,-0.017000000000000015,-0.20000000000000284,-2.3000000000000007,-0.8000000000000007,0
6.599999999999994,11.0,-4.5,8.939999999999998,0.07600000000000001,0.09200000000000003,6.200000000000003,3.900000000000002,0.0,0
-6.599999999999994,-11.0,4.5,-8.939999999999998,-0.07600000000000001,-0.09200000000000003,-6.200000000000003,-3.900000000000002,0.0,1
4.099999999999994,6.700000000000003,-2.5,9.590000000000003,0.055999999999999994,0.040000000000000036,4.799999999999997,4.400000000000002,1.200000000000001,0
-4.099999999999994,-6.700000000000003,2.5,-9.590000000000003,-0.055999999999999994,-0.040000000000000036,-4.799999999999997,-4.400000000000002,-1.200000000000001,1
-1.7999999999999972,0.5,-2.3,3.260000000000005,0.03200000000000003,0.041000000000000036,2.799999999999997,3.6999999999999993,0.40000000000000036,0
1.7999999999999972,-0.5,2.3,-3.260000000000005,-0.03200000000000003,-0.041000000000000036,-2.799999999999997,-3.6999999999999993,-0.40000000000000036,1
5.0,7.200000000000003,-2.3,-2.260000000000005,0.059,0.07800000000000001,-1.3999999999999986,0.3000000000000007,-1.5999999999999996,0
-5.0,-7.200000000000003,2.3,2.260000000000005,-0.059,-0.07800000000000001,1.3999999999999986,-0.3000000000000007,1.5999999999999996,1
13.599999999999994,-1.3999999999999915,15.0,5.329999999999998,0.0050000000000000044,-0.028000000000000025,-7.200000000000003,-0.6000000000000014,-0.9000000000000004,1
-13.599999999999994,1.3999999999999915,-15.0,-5.329999999999998,-0.0050000000000000044,0.028000000000000025,7.200000000000003,0.6000000000000014,0.9000000000000004,0
14.199999999999989,5.6000000000000085,8.600000000000001,3.230000000000004,0.025000000000000022,0.09600000000000003,-4.100000000000001,3.0,-2.799999999999999,1
-14.199999999999989,-5.6000000000000085,-8.600000000000001,-3.230000000000004,-0.025000000000000022,-0.09600000000000003,4.100000000000001,-3.0,2.799999999999999,0
-2.1000000000000085,2.700000000000003,-4.8,0.6499999999999915,0.0,0.035999999999999976,3.0999999999999943,-2.1999999999999993,1.4000000000000004,0
2.1000000000000085,-2.700000000000003,4.8,-0.6499999999999915,0.0,-0.035999999999999976,-3.0999999999999943,2.1999999999999993,-1.4000000000000004,1
5.199999999999989,1.8000000000000114,3.4000000000000004,-6.090000000000003,0.0050000000000000044,0.05299999999999999,-4.600000000000001,-2.0,-0.1999999999999993,1
-5.199999999999989,-1.8000000000000114,-3.4000000000000004,6.090000000000003,-0.0050000000000000044,-0.05299999999999999,4.600000000000001,2.0,0.1999999999999993,0
-0.20000000000000284,-9.599999999999994,9.4,-3.6700000000000017,-0.06,-0.02899999999999997,-1.5,-5.400000000000002,0.20000000000000107,1
0.20000000000000284,9.599999999999994,-9.4,3.6700000000000017,0.06,0.02899999999999997,1.5,5.400000000000002,-0.20000000000000107,0
3.3999999999999915,2.6000000000000085,0.8000000000000003,-3.210000000000008,0.016000000000000014,0.028000000000000025,-5.0,-5.600000000000001,-0.6999999999999993,1
-3.3999999999999915,-2.6000000000000085,-0.8000000000000003,3.210000000000008,-0.016000000000000014,-0.028000000000000025,5.0,5.600000000000001,0.6999999999999993,0
13.299999999999997,2.9000000000000057,10.4,-4.3500000000000085,-0.008000000000000007,0.068,-8.400000000000006,-3.5,-2.4000000000000004,1
-13.299999999999997,-2.9000000000000057,-10.4,4.3500000000000085,0.008000000000000007,-0.068,8.400000000000006,3.5,2.4000000000000004,0
2.299999999999997,1.0,1.3000000000000003,0.9599999999999937,-0.010000000000000009,0.05199999999999999,-2.8000000000000043,-1.9000000000000021,-1.0999999999999996,0
-2.299999999999997,-1.0,-1.3000000000000003,-0.9599999999999937,0.010000000000000009,-0.05199999999999999,2.8000000000000043,1.9000000000000021,1.0999999999999996,1
1.8999999999999915,-6.099999999999994,8.0,-6.150000000000006,-0.064,-0.07200000000000001,-1.3000000000000043,-4.0,-2.4000000000000004,1
-1.8999999999999915,6.099999999999994,-8.0,6.150000000000006,0.064,0.07200000000000001,1.3000000000000043,4.0,2.4000000000000004,0
6.5,-4.299999999999997,10.9,1.0100000000000051,-0.025999999999999968,-0.01100000000000001,-3.5,-3.8000000000000007,0.40000000000000036,1
-6.5,4.299999999999997,-10.9,-1.0100000000000051,0.025999999999999968,0.01100000000000001,3.5,3.8000000000000007,-0.40000000000000036,0
8.399999999999991,5.1000000000000085,3.2,3.0999999999999943,0.019000000000000017,0.064,2.5,-2.1999999999999993,-0.40000000000000036,1
-8.399999999999991,-5.1000000000000085,-3.2,-3.0999999999999943,-0.019000000000000017,-0.064,-2.5,2.1999999999999993,0.40000000000000036,0
5.8999999999999915,0.8000000000000114,5.2,3.75,-0.0010000000000000009,0.01200000000000001,1.0999999999999943,-1.6999999999999993,0.8000000000000007,0
-5.8999999999999915,-0.8000000000000114,-5.2,-3.75,0.0010000000000000009,-0.01200000000000001,-1.0999999999999943,1.6999999999999993,-0.8000000000000007,1
0.0,-5.3999999999999915,5.4,-2.5799999999999983,-0.024999999999999967,0.013000000000000012,-0.9000000000000057,-2.400000000000002,0.0,1
0.0,5.3999999999999915,-5.4,2.5799999999999983,0.024999999999999967,-0.013000000000000012,0.9000000000000057,2.400000000000002,0.0,0
6.799999999999997,1.3000000000000114,5.4,-8.100000000000009,0.0020000000000000018,0.04999999999999999,-5.100000000000001,-5.800000000000001,-2.0,1
-6.799999999999997,-1.3000000000000114,-5.4,8.100000000000009,-0.0020000000000000018,-0.04999999999999999,5.100000000000001,5.800000000000001,2.0,0
0.5999999999999943,7.0,-6.4,-2.0999999999999943,0.020000000000000018,0.12400000000000005,3.1000000000000014,3.6000000000000014,-1.8999999999999986,0
-0.5999999999999943,-7.0,6.4,2.0999999999999943,-0.020000000000000018,-0.12400000000000005,-3.1000000000000014,-3.6000000000000014,1.8999999999999986,1
-15.700000000000003,4.099999999999994,-19.8,-4.680000000000007,-0.0050000000000000044,0.064,10.299999999999997,-1.5999999999999979,2.3000000000000007,0
15.700000000000003,-4.099999999999994,19.8,4.680000000000007,0.0050000000000000044,-0.064,-10.299999999999997,1.5999999999999979,-2.3000000000000007,1
-8.400000000000006,3.200000000000003,-11.600000000000001,-11.420000000000002,0.0,0.08100000000000002,2.6000000000000014,-1.3999999999999986,0.7000000000000011,0
8.400000000000006,-3.200000000000003,11.600000000000001,11.420000000000002,0.0,-0.08100000000000002,-2.6000000000000014,1.3999999999999986,-0.7000000000000011,1
-13.799999999999997,-8.200000000000003,-5.6000000000000005,-9.0,-0.065,-0.0009999999999999454,5.700000000000003,-4.800000000000001,1.1000000000000014,0
13.799999999999997,8.200000000000003,5.6000000000000005,9.0,0.065,0.0009999999999999454,-5.700000000000003,4.800000000000001,-1.1000000000000014,1
-10.200000000000003,4.0,-14.200000000000001,-8.540000000000006,0.01100000000000001,0.05600000000000005,2.200000000000003,-5.0,0.20000000000000107,0
10.200000000000003,-4.0,14.200000000000001,8.540000000000006,-0.01100000000000001,-0.05600000000000005,-2.200000000000003,5.0,-0.20000000000000107,1
-0.29999999999999716,4.299999999999997,-4.6000000000000005,-9.680000000000007,-0.013000000000000012,0.09600000000000003,-1.2000000000000028,-2.8999999999999986,-1.5,0
0.29999999999999716,-4.299999999999997,4.6000000000000005,9.680000000000007,0.013000000000000012,-0.09600000000000003,1.2000000000000028,2.8999999999999986,1.5,1
-11.299999999999997,2.3999999999999915,-13.700000000000001,-4.3700000000000045,-0.015000000000000013,0.08000000000000002,4.399999999999999,-1.3000000000000007,-0.1999999999999993,0
11.299999999999997,-2.3999999999999915,13.700000000000001,4.3700000000000045,0.015000000000000013,-0.08000000000000002,-4.399999999999999,1.3000000000000007,0.1999999999999993,1
-11.700000000000003,-4.700000000000003,-7.000000000000001,-11.480000000000004,-0.069,-0.043999999999999984,5.899999999999999,-3.3999999999999986,-1.5,0
11.700000000000003,4.700000000000003,7.000000000000001,11.480000000000004,0.069,0.043999999999999984,-5.899999999999999,3.3999999999999986,1.5,1
-7.099999999999994,-2.9000000000000057,-4.1000000000000005,-4.319999999999993,-0.030999999999999972,0.017000000000000015,3.700000000000003,-3.1999999999999993,1.3000000000000007,0
7.099999999999994,2.9000000000000057,4.1000000000000005,4.319999999999993,0.030999999999999972,-0.017000000000000015,-3.700000000000003,3.1999999999999993,-1.3000000000000007,1
-5.200000000000003,6.5,-11.8,-2.230000000000004,0.014000000000000012,0.09200000000000003,9.700000000000003,-1.5999999999999979,0.5,0
5.200000000000003,-6.5,11.8,2.230000000000004,-0.014000000000000012,-0.09200000000000003,-9.700000000000003,1.5999999999999979,-0.5,1
-7.700000000000003,2.200000000000003,-9.8,-1.5799999999999983,-0.006000000000000005,0.040000000000000036,8.299999999999997,-1.0999999999999979,1.700000000000001,0
7.700000000000003,-2.200000000000003,9.8,1.5799999999999983,0.006000000000000005,-0.040000000000000036,-8.299999999999997,1.0999999999999979,-1.700000000000001,1
-13.599999999999994,-4.0,-9.600000000000001,-7.909999999999997,-0.02999999999999997,0.041000000000000036,6.299999999999997,-1.8000000000000007,0.9000000000000004,0
13.599999999999994,4.0,9.600000000000001,7.909999999999997,0.02999999999999997,-0.041000000000000036,-6.299999999999997,1.8000000000000007,-0.9000000000000004,1
-6.799999999999997,2.700000000000003,-9.600000000000001,-13.430000000000007,-0.0030000000000000027,0.07800000000000001,2.1000000000000014,-5.199999999999999,-1.0999999999999996,0
6.799999999999997,-2.700000000000003,9.600000000000001,13.430000000000007,0.0030000000000000027,-0.07800000000000001,-2.1000000000000014,5.199999999999999,1.0999999999999996,1
-16.299999999999997,-2.9000000000000057,-13.4,-2.5800000000000125,-0.025000000000000022,-0.06000000000000005,7.199999999999996,-5.199999999999999,4.199999999999999,0
16.299999999999997,2.9000000000000057,13.4,2.5800000000000125,0.025000000000000022,0.06000000000000005,-7.199999999999996,5.199999999999999,-4.199999999999999,1
-9.0,-3.799999999999997,-5.2,-9.320000000000007,-0.020000000000000018,-0.04300000000000004,-0.5,-5.0,2.5999999999999996,0
9.0,3.799999999999997,5.2,9.320000000000007,0.020000000000000018,0.04300000000000004,0.5,5.0,-2.5999999999999996,1
-14.399999999999991,-15.200000000000003,0.7999999999999998,-6.900000000000006,-0.08500000000000002,-0.125,2.6000000000000014,-8.400000000000002,3.0,0
14.399999999999991,15.200000000000003,-0.7999999999999998,6.900000000000006,0.08500000000000002,0.125,-2.6000000000000014,8.400000000000002,-3.0,0
-10.799999999999997,-3.0,-7.800000000000001,-6.440000000000012,-0.009000000000000008,-0.068,-0.8999999999999986,-8.600000000000001,2.0999999999999996,0
10.799999999999997,3.0,7.800000000000001,6.440000000000012,0.009000000000000008,0.068,0.8999999999999986,8.600000000000001,-2.0999999999999996,1
-0.8999999999999915,-2.700000000000003,1.7999999999999998,-7.5800000000000125,-0.03300000000000003,-0.028000000000000025,-4.300000000000004,-6.5,0.3999999999999986,0
0.8999999999999915,2.700000000000003,-1.7999999999999998,7.5800000000000125,0.03300000000000003,0.028000000000000025,4.300000000000004,6.5,-0.3999999999999986,1
-11.899999999999991,-4.6000000000000085,-7.300000000000001,-2.2700000000000102,-0.03500000000000003,-0.04400000000000004,1.2999999999999972,-4.900000000000002,1.6999999999999993,0
11.899999999999991,4.6000000000000085,7.300000000000001,2.2700000000000102,0.03500000000000003,0.04400000000000004,-1.2999999999999972,4.900000000000002,-1.6999999999999993,1
-12.299999999999997,-11.700000000000003,-0.6000000000000005,-9.38000000000001,-0.08900000000000002,-0.16800000000000004,2.799999999999997,-7.0,0.3999999999999986,0
12.299999999999997,11.700000000000003,0.6000000000000005,9.38000000000001,0.08900000000000002,0.16800000000000004,-2.799999999999997,7.0,-0.3999999999999986,0
-7.699999999999989,-9.900000000000006,2.3,-2.219999999999999,-0.05099999999999999,-0.10700000000000004,0.6000000000000014,-6.800000000000001,3.1999999999999993,0
7.699999999999989,9.900000000000006,-2.3,2.219999999999999,0.05099999999999999,0.10700000000000004,-0.6000000000000014,6.800000000000001,-3.1999999999999993,0
-5.799999999999997,-0.5,-5.4,-0.13000000000000966,-0.006000000000000005,-0.03200000000000003,6.600000000000001,-5.199999999999999,2.3999999999999986,0
5.799999999999997,0.5,5.4,0.13000000000000966,0.006000000000000005,0.03200000000000003,-6.600000000000001,5.199999999999999,-2.3999999999999986,1
-8.299999999999997,-4.799999999999997,-3.4000000000000004,0.519999999999996,-0.026000000000000023,-0.08400000000000002,5.199999999999996,-4.699999999999999,3.5999999999999996,0
8.299999999999997,4.799999999999997,3.4000000000000004,-0.519999999999996,0.026000000000000023,0.08400000000000002,-5.199999999999996,4.699999999999999,-3.5999999999999996,1
-14.199999999999989,-11.0,-3.2,-5.810000000000002,-0.04999999999999999,-0.08300000000000002,3.1999999999999957,-5.400000000000002,2.799999999999999,0
14.199999999999989,11.0,3.2,5.810000000000002,0.04999999999999999,0.08300000000000002,-3.1999999999999957,5.400000000000002,-2.799999999999999,1
-7.3999999999999915,-4.299999999999997,-3.2,-11.330000000000013,-0.02300000000000002,-0.04600000000000004,-1.0,-8.8,0.7999999999999989,0
7.3999999999999915,4.299999999999997,3.2,11.330000000000013,0.02300000000000002,0.04600000000000004,1.0,8.8,-0.7999999999999989,1
7.299999999999997,-0.8999999999999915,8.2,-6.739999999999995,0.0050000000000000044,0.017000000000000015,-7.699999999999996,0.1999999999999993,-1.5999999999999996,1
-7.299999999999997,0.8999999999999915,-8.2,6.739999999999995,-0.0050000000000000044,-0.017000000000000015,7.699999999999996,-0.1999999999999993,1.5999999999999996,0
1.9000000000000057,-12.299999999999997,14.2,-4.319999999999993,-0.06,-0.06499999999999995,-4.599999999999994,-3.200000000000003,-1.1999999999999993,1
-1.9000000000000057,12.299999999999997,-14.2,4.319999999999993,0.06,0.06499999999999995,4.599999999999994,3.200000000000003,1.1999999999999993,0
5.5,-0.09999999999999432,5.6,-3.8599999999999994,0.016000000000000014,-0.007999999999999952,-8.099999999999994,-3.400000000000002,-2.0999999999999996,1
-5.5,0.09999999999999432,-5.6,3.8599999999999994,-0.016000000000000014,0.007999999999999952,8.099999999999994,3.400000000000002,2.0999999999999996,0
15.400000000000006,0.20000000000000284,15.2,-5.0,-0.008000000000000007,0.03200000000000003,-11.5,-1.3000000000000007,-3.8000000000000007,1
-15.400000000000006,-0.20000000000000284,-15.2,5.0,0.008000000000000007,-0.03200000000000003,11.5,1.3000000000000007,3.8000000000000007,0
4.400000000000006,-1.7000000000000028,6.1,0.3100000000000023,-0.010000000000000009,0.016000000000000014,-5.899999999999999,0.29999999999999716,-2.5,1
-4.400000000000006,1.7000000000000028,-6.1,-0.3100000000000023,0.010000000000000009,-0.016000000000000014,5.899999999999999,-0.29999999999999716,2.5,0
4.0,-8.799999999999997,12.8,-6.799999999999997,-0.064,-0.10799999999999998,-4.399999999999999,-1.8000000000000007,-3.8000000000000007,1
-4.0,8.799999999999997,-12.8,6.799999999999997,0.064,0.10799999999999998,4.399999999999999,1.8000000000000007,3.8000000000000007,0
8.600000000000009,-7.0,15.7,0.36000000000001364,-0.025999999999999968,-0.046999999999999986,-6.599999999999994,-1.6000000000000014,-1.0,1
-8.600000000000009,7.0,-15.7,-0.36000000000001364,0.025999999999999968,0.046999999999999986,6.599999999999994,1.6000000000000014,1.0,0
10.5,2.4000000000000057,8.0,2.450000000000003,0.019000000000000017,0.028000000000000025,-0.5999999999999943,0.0,-1.8000000000000007,1
-10.5,-2.4000000000000057,-8.0,-2.450000000000003,-0.019000000000000017,-0.028000000000000025,0.5999999999999943,0.0,1.8000000000000007,0
8.0,-1.8999999999999915,10.0,3.1000000000000085,-0.0010000000000000009,-0.023999999999999966,-2.0,0.5,-0.5999999999999996,1
-8.0,1.8999999999999915,-10.0,-3.1000000000000085,0.0010000000000000009,0.023999999999999966,2.0,-0.5,0.5999999999999996,0
2.1000000000000085,-8.099999999999994,10.2,-3.2299999999999898,-0.024999999999999967,-0.022999999999999965,-4.0,-0.20000000000000284,-1.4000000000000004,1
-2.1000000000000085,8.099999999999994,-10.2,3.2299999999999898,0.024999999999999967,0.022999999999999965,4.0,0.20000000000000284,1.4000000000000004,0
8.900000000000006,-1.3999999999999915,10.2,-8.75,0.0020000000000000018,0.014000000000000012,-8.199999999999996,-3.6000000000000014,-3.4000000000000004,1
-8.900000000000006,1.3999999999999915,-10.2,8.75,-0.0020000000000000018,-0.014000000000000012,8.199999999999996,3.6000000000000014,3.4000000000000004,0
-5.3999999999999915,-11.400000000000006,6.0,2.4200000000000017,-0.065,-0.08199999999999996,3.1000000000000014,-3.400000000000002,0.40000000000000036,1
5.3999999999999915,11.400000000000006,-6.0,-2.4200000000000017,0.065,0.08199999999999996,-3.1000000000000014,3.400000000000002,-0.40000000000000036,0
-1.7999999999999972,0.7999999999999972,-2.6,2.8799999999999955,0.01100000000000001,-0.024999999999999967,-0.3999999999999986,-3.6000000000000014,-0.5,0
1.7999999999999972,-0.7999999999999972,2.6,-2.8799999999999955,-0.01100000000000001,0.024999999999999967,0.3999999999999986,3.6000000000000014,0.5,1
8.100000000000009,1.0999999999999943,7.0,1.7399999999999949,-0.013000000000000012,0.015000000000000013,-3.8000000000000043,-1.5,-2.200000000000001,1
-8.100000000000009,-1.0999999999999943,-7.0,-1.7399999999999949,0.013000000000000012,-0.015000000000000013,3.8000000000000043,1.5,2.200000000000001,0
-2.8999999999999915,-0.8000000000000114,-2.1,7.049999999999997,-0.015000000000000013,-0.0010000000000000009,1.7999999999999972,0.09999999999999787,-0.9000000000000004,0
2.8999999999999915,0.8000000000000114,2.1,-7.049999999999997,0.015000000000000013,0.0010000000000000009,-1.7999999999999972,-0.09999999999999787,0.9000000000000004,1
-3.299999999999997,-7.900000000000006,4.6,-0.060000000000002274,-0.069,-0.125,3.299999999999997,-2.0,-2.200000000000001,1
3.299999999999997,7.900000000000006,-4.6,0.060000000000002274,0.069,0.125,-3.299999999999997,2.0,2.200000000000001,0
1.3000000000000114,-6.1000000000000085,7.5,7.1000000000000085,-0.030999999999999972,-0.064,1.1000000000000014,-1.8000000000000007,0.5999999999999996,1
-1.3000000000000114,6.1000000000000085,-7.5,-7.1000000000000085,0.030999999999999972,0.064,-1.1000000000000014,1.8000000000000007,-0.5999999999999996,0
3.200000000000003,3.299999999999997,-0.2,9.189999999999998,0.014000000000000012,0.01100000000000001,7.100000000000001,-0.1999999999999993,-0.20000000000000107,0
-3.200000000000003,-3.299999999999997,0.2,-9.189999999999998,-0.014000000000000012,-0.01100000000000001,-7.100000000000001,0.1999999999999993,0.20000000000000107,1
0.7000000000000028,-1.0,1.8,9.840000000000003,-0.006000000000000005,-0.04099999999999998,5.699999999999996,0.3000000000000007,1.0,0
-0.7000000000000028,1.0,-1.8,-9.840000000000003,0.006000000000000005,0.04099999999999998,-5.699999999999996,-0.3000000000000007,-1.0,1
-5.199999999999989,-7.200000000000003,2.0,3.510000000000005,-0.02999999999999997,-0.03999999999999998,3.6999999999999957,-0.40000000000000213,0.1999999999999993,0
5.199999999999989,7.200000000000003,-2.0,-3.510000000000005,0.02999999999999997,0.03999999999999998,-3.6999999999999957,0.40000000000000213,-0.1999999999999993,1
1.6000000000000085,-0.5,2.0,-2.010000000000005,-0.0030000000000000027,-0.0030000000000000027,-0.5,-3.8000000000000007,-1.8000000000000007,1
-1.6000000000000085,0.5,-2.0,2.010000000000005,0.0030000000000000027,0.0030000000000000027,0.5,3.8000000000000007,1.8000000000000007,0
3.5999999999999943,12.200000000000003,-8.6,0.45999999999999375,0.07600000000000001,0.056999999999999995,-3.5,-0.1999999999999993,-0.9000000000000004,0
-3.5999999999999943,-12.200000000000003,8.6,-0.45999999999999375,-0.07600000000000001,-0.056999999999999995,3.5,0.1999999999999993,0.9000000000000004,1
13.5,12.5,1.0,-0.6800000000000068,0.05199999999999999,0.09699999999999998,-6.900000000000006,1.9000000000000021,-2.6000000000000014,0
-13.5,-12.5,-1.0,0.6800000000000068,-0.05199999999999999,-0.09699999999999998,6.900000000000006,-1.9000000000000021,2.6000000000000014,1
2.5,10.599999999999994,-8.1,4.6299999999999955,0.04999999999999999,0.08099999999999996,-1.3000000000000043,3.5,-1.3000000000000007,0
-2.5,-10.599999999999994,8.1,-4.6299999999999955,-0.04999999999999999,-0.08099999999999996,1.3000000000000043,-3.5,1.3000000000000007,1
2.0999999999999943,3.5,-1.4000000000000004,-2.480000000000004,-0.0040000000000000036,-0.04300000000000004,0.19999999999999574,1.4000000000000021,-2.6000000000000014,0
-2.0999999999999943,-3.5,1.4000000000000004,2.480000000000004,0.0040000000000000036,0.04300000000000004,-0.19999999999999574,-1.4000000000000021,2.6000000000000014,0
6.700000000000003,5.299999999999997,1.5,4.680000000000007,0.03400000000000003,0.01799999999999996,-2.0,1.6000000000000014,0.1999999999999993,0
-6.700000000000003,-5.299999999999997,-1.5,-4.680000000000007,-0.03400000000000003,-0.01799999999999996,2.0,-1.6000000000000014,-0.1999999999999993,0
8.599999999999994,14.700000000000003,-6.2,6.769999999999996,0.07900000000000001,0.09299999999999997,4.0,3.200000000000003,-0.6000000000000014,0
-8.599999999999994,-14.700000000000003,6.2,-6.769999999999996,-0.07900000000000001,-0.09299999999999997,-4.0,-3.200000000000003,0.6000000000000014,1
6.099999999999994,10.400000000000006,-4.2,7.420000000000002,0.059,0.04099999999999998,2.5999999999999943,3.700000000000003,0.5999999999999996,0
-6.099999999999994,-10.400000000000006,4.2,-7.420000000000002,-0.059,-0.04099999999999998,-2.5999999999999943,-3.700000000000003,-0.5999999999999996,1
0.20000000000000284,4.200000000000003,-4.0,1.0900000000000034,0.03500000000000003,0.04199999999999998,0.5999999999999943,3.0,-0.20000000000000107,0
-0.20000000000000284,-4.200000000000003,4.0,-1.0900000000000034,-0.03500000000000003,-0.04199999999999998,-0.5999999999999943,-3.0,0.20000000000000107,1
7.0,10.900000000000006,-4.0,-4.430000000000007,0.062,0.07899999999999996,-3.6000000000000014,-0.3999999999999986,-2.200000000000001,0
-7.0,-10.900000000000006,4.0,4.430000000000007,-0.062,-0.07899999999999996,3.6000000000000014,0.3999999999999986,2.200000000000001,1
9.900000000000006,0.29999999999999716,9.6,-1.1400000000000006,-0.02400000000000002,0.03999999999999998,-3.4000000000000057,2.1000000000000014,-1.700000000000001,1
-9.900000000000006,-0.29999999999999716,-9.6,1.1400000000000006,0.02400000000000002,-0.03999999999999998,3.4000000000000057,-2.1000000000000014,1.700000000000001,0
-1.0999999999999943,-1.6000000000000085,0.5,4.170000000000002,-0.026000000000000023,0.023999999999999966,2.1999999999999957,3.6999999999999993,-0.40000000000000036,0
1.0999999999999943,1.6000000000000085,-0.5,-4.170000000000002,0.026000000000000023,-0.023999999999999966,-2.1999999999999957,-3.6999999999999993,0.40000000000000036,1
-1.5,-8.700000000000003,7.199999999999999,-2.9399999999999977,-0.08000000000000002,-0.10000000000000003,3.6999999999999957,1.6000000000000014,-1.700000000000001,1
1.5,8.700000000000003,-7.199999999999999,2.9399999999999977,0.08000000000000002,0.10000000000000003,-3.6999999999999957,-1.6000000000000014,1.700000000000001,0
3.1000000000000085,-6.900000000000006,10.1,4.220000000000013,-0.04199999999999998,-0.039000000000000035,1.5,1.8000000000000007,1.0999999999999996,1
-3.1000000000000085,6.900000000000006,-10.1,-4.220000000000013,0.04199999999999998,0.039000000000000035,-1.5,-1.8000000000000007,-1.0999999999999996,0
5.0,2.5,2.4,6.310000000000002,0.0030000000000000027,0.035999999999999976,7.5,3.400000000000002,0.29999999999999893,0
-5.0,-2.5,-2.4,-6.310000000000002,-0.0030000000000000027,-0.035999999999999976,-7.5,-3.400000000000002,-0.29999999999999893,1
2.5,-1.7999999999999972,4.4,6.960000000000008,-0.017000000000000015,-0.016000000000000014,6.099999999999994,3.900000000000002,1.5,0
-2.5,1.7999999999999972,-4.4,-6.960000000000008,0.017000000000000015,0.016000000000000014,-6.099999999999994,-3.900000000000002,-1.5,1
-3.3999999999999915,-8.0,4.6,0.6300000000000097,-0.04099999999999998,-0.015000000000000013,4.099999999999994,3.1999999999999993,0.6999999999999993,0
3.3999999999999915,8.0,-4.6,-0.6300000000000097,0.04099999999999998,0.015000000000000013,-4.099999999999994,-3.1999999999999993,-0.6999999999999993,1
3.4000000000000057,-1.2999999999999972,4.6,-4.890000000000001,-0.014000000000000012,0.021999999999999964,-0.10000000000000142,-0.1999999999999993,-1.3000000000000007,1
-3.4000000000000057,1.2999999999999972,-4.6,4.890000000000001,0.014000000000000012,-0.021999999999999964,0.10000000000000142,0.1999999999999993,1.3000000000000007,0
-11.0,-1.9000000000000057,-9.1,5.310000000000002,-0.0020000000000000018,-0.016000000000000014,5.600000000000001,1.5999999999999979,1.3000000000000007,0
11.0,1.9000000000000057,9.1,-5.310000000000002,0.0020000000000000018,0.016000000000000014,-5.600000000000001,-1.5999999999999979,-1.3000000000000007,1
-11.400000000000006,-9.0,-2.4000000000000004,-1.7999999999999972,-0.055999999999999994,-0.14,7.100000000000001,-0.5,0.0,1
11.400000000000006,9.0,2.4000000000000004,1.7999999999999972,0.055999999999999994,0.14,-7.100000000000001,0.5,0.0,0
-6.799999999999997,-7.200000000000003,0.5,5.360000000000014,-0.01799999999999996,-0.07900000000000001,4.900000000000006,-0.3000000000000007,2.8000000000000007,1
6.799999999999997,7.200000000000003,-0.5,-5.360000000000014,0.01799999999999996,0.07900000000000001,-4.900000000000006,0.3000000000000007,-2.8000000000000007,0
-4.900000000000006,2.200000000000003,-7.2,7.450000000000003,0.027000000000000024,-0.0040000000000000036,10.900000000000006,1.3000000000000007,2.0,0
4.900000000000006,-2.200000000000003,7.2,-7.450000000000003,-0.027000000000000024,0.0040000000000000036,-10.900000000000006,-1.3000000000000007,-2.0,1
-7.400000000000006,-2.0999999999999943,-5.2,8.100000000000009,0.007000000000000006,-0.055999999999999994,9.5,1.8000000000000007,3.200000000000001,0
7.400000000000006,2.0999999999999943,5.2,-8.100000000000009,-0.007000000000000006,0.055999999999999994,-9.5,-1.8000000000000007,-3.200000000000001,1
-13.299999999999997,-8.299999999999997,-5.0,1.7700000000000102,-0.01699999999999996,-0.05499999999999999,7.5,1.0999999999999979,2.4000000000000004,0
13.299999999999997,8.299999999999997,5.0,-1.7700000000000102,0.01699999999999996,0.05499999999999999,-7.5,-1.0999999999999979,-2.4000000000000004,1
-6.5,-1.5999999999999943,-5.0,-3.75,0.010000000000000009,-0.018000000000000016,3.3000000000000043,-2.3000000000000007,0.40000000000000036,0
6.5,1.5999999999999943,5.0,3.75,-0.010000000000000009,0.018000000000000016,-3.3000000000000043,2.3000000000000007,-0.40000000000000036,1
-0.4000000000000057,-7.099999999999994,6.699999999999999,-7.109999999999999,-0.05399999999999999,-0.124,1.5,-2.099999999999998,-1.3000000000000007,1
0.4000000000000057,7.099999999999994,-6.699999999999999,7.109999999999999,0.05399999999999999,0.124,-1.5,2.099999999999998,1.3000000000000007,0
4.200000000000003,-5.299999999999997,9.6,0.05000000000001137,-0.01599999999999996,-0.063,-0.6999999999999957,-1.8999999999999986,1.5,1
-4.200000000000003,5.299999999999997,-9.6,-0.05000000000001137,0.01599999999999996,0.063,0.6999999999999957,1.8999999999999986,-1.5,0
6.099999999999994,4.1000000000000085,1.9,2.1400000000000006,0.029000000000000026,0.01200000000000001,5.300000000000004,-0.29999999999999716,0.6999999999999993,1
-6.099999999999994,-4.1000000000000085,-1.9,-2.1400000000000006,-0.029000000000000026,-0.01200000000000001,-5.300000000000004,0.29999999999999716,-0.6999999999999993,0
3.5999999999999943,-0.19999999999998863,3.9,2.7900000000000063,0.009000000000000008,-0.03999999999999998,3.8999999999999986,0.20000000000000284,1.9000000000000004,0
-3.5999999999999943,0.19999999999998863,-3.9,-2.7900000000000063,-0.009000000000000008,0.03999999999999998,-3.8999999999999986,-0.20000000000000284,-1.9000000000000004,1
-2.299999999999997,-6.3999999999999915,4.1,-3.539999999999992,-0.014999999999999958,-0.03899999999999998,1.8999999999999986,-0.5,1.0999999999999996,1
2.299999999999997,6.3999999999999915,-4.1,3.539999999999992,0.014999999999999958,0.03899999999999998,-1.8999999999999986,0.5,-1.0999999999999996,0
4.5,0.30000000000001137,4.1,-9.060000000000002,0.01200000000000001,-0.0020000000000000018,-2.299999999999997,-3.8999999999999986,-0.9000000000000004,1
-4.5,-0.30000000000001137,-4.1,9.060000000000002,-0.01200000000000001,0.0020000000000000018,2.299999999999997,3.8999999999999986,0.9000000000000004,0
4.6000000000000085,1.7999999999999972,2.9000000000000004,7.160000000000011,0.038000000000000034,0.061,-2.1999999999999957,0.1999999999999993,2.8000000000000007,0
-4.6000000000000085,-1.7999999999999972,-2.9000000000000004,-7.160000000000011,-0.038000000000000034,-0.061,2.1999999999999957,-0.1999999999999993,-2.8000000000000007,0
6.5,11.200000000000003,-4.8,9.25,0.08300000000000002,0.136,3.8000000000000043,1.8000000000000007,2.0,0
-6.5,-11.200000000000003,4.8,-9.25,-0.08300000000000002,-0.136,-3.8000000000000043,-1.8000000000000007,-2.0,1
4.0,6.900000000000006,-2.8,9.900000000000006,0.063,0.08400000000000002,2.3999999999999986,2.3000000000000007,3.200000000000001,0
-4.0,-6.900000000000006,2.8,-9.900000000000006,-0.063,-0.08400000000000002,-2.3999999999999986,-2.3000000000000007,-3.200000000000001,1
-1.8999999999999915,0.7000000000000028,-2.5999999999999996,3.5700000000000074,0.039000000000000035,0.08500000000000002,0.3999999999999986,1.5999999999999979,2.4000000000000004,0
1.8999999999999915,-0.7000000000000028,2.5999999999999996,-3.5700000000000074,-0.039000000000000035,-0.08500000000000002,-0.3999999999999986,-1.5999999999999979,-2.4000000000000004,1
4.900000000000006,7.400000000000006,-2.5999999999999996,-1.9500000000000028,0.066,0.122,-3.799999999999997,-1.8000000000000007,0.40000000000000036,0
-4.900000000000006,-7.400000000000006,2.5999999999999996,1.9500000000000028,-0.066,-0.122,3.799999999999997,1.8000000000000007,-0.40000000000000036,1
1.8999999999999915,9.400000000000006,-7.7,2.089999999999989,0.044999999999999984,0.07500000000000001,6.0,1.6000000000000014,-0.8000000000000007,0
-1.8999999999999915,-9.400000000000006,7.7,-2.089999999999989,-0.044999999999999984,-0.07500000000000001,-6.0,-1.6000000000000014,0.8000000000000007,1
-0.6000000000000085,5.1000000000000085,-5.7,2.739999999999995,0.024999999999999967,0.02300000000000002,4.599999999999994,2.1000000000000014,0.40000000000000036,0
0.6000000000000085,-5.1000000000000085,5.7,-2.739999999999995,-0.024999999999999967,-0.02300000000000002,-4.599999999999994,-2.1000000000000014,-0.40000000000000036,1
-6.5,-1.0999999999999943,-5.5,-3.5900000000000034,0.0010000000000000009,0.02400000000000002,2.5999999999999943,1.3999999999999986,-0.40000000000000036,0
6.5,1.0999999999999943,5.5,3.5900000000000034,-0.0010000000000000009,-0.02400000000000002,-2.5999999999999943,-1.3999999999999986,0.40000000000000036,1
0.29999999999999716,5.6000000000000085,-5.5,-9.110000000000014,0.02799999999999997,0.061,-1.6000000000000014,-2.0,-2.4000000000000004,0
-0.29999999999999716,-5.6000000000000085,5.5,9.110000000000014,-0.02799999999999997,-0.061,1.6000000000000014,2.0,2.4000000000000004,1
-2.5,-4.299999999999997,2.0,0.6500000000000057,-0.020000000000000018,-0.05199999999999999,-1.4000000000000057,0.5,1.200000000000001,0
2.5,4.299999999999997,-2.0,-0.6500000000000057,0.020000000000000018,0.05199999999999999,1.4000000000000057,-0.5,-1.200000000000001,1
-8.399999999999991,-10.5,2.2,-5.679999999999993,-0.043999999999999984,-0.05099999999999999,-3.4000000000000057,-0.20000000000000284,0.40000000000000036,0
8.399999999999991,10.5,-2.2,5.679999999999993,0.043999999999999984,0.05099999999999999,3.4000000000000057,0.20000000000000284,-0.40000000000000036,0
-1.5999999999999943,-3.799999999999997,2.2,-11.200000000000003,-0.017000000000000015,-0.014000000000000012,-7.600000000000001,-3.6000000000000014,-1.5999999999999996,1
1.5999999999999943,3.799999999999997,-2.2,11.200000000000003,0.017000000000000015,0.014000000000000012,7.600000000000001,3.6000000000000014,1.5999999999999996,0
-5.8999999999999915,-6.200000000000003,0.20000000000000018,-6.329999999999998,-0.023999999999999966,0.0010000000000000009,-2.0,-0.7000000000000028,-0.8000000000000007,1
5.8999999999999915,6.200000000000003,-0.20000000000000018,6.329999999999998,0.023999999999999966,-0.0010000000000000009,2.0,0.7000000000000028,0.8000000000000007,0
0.9000000000000057,0.5,0.20000000000000018,-11.850000000000009,0.0030000000000000027,0.03799999999999998,-6.199999999999996,-4.100000000000001,-2.8000000000000007,1
-0.9000000000000057,-0.5,-0.20000000000000018,11.850000000000009,-0.0030000000000000027,-0.03799999999999998,6.199999999999996,4.100000000000001,2.8000000000000007,0
6.799999999999997,6.700000000000003,0.0,-5.52000000000001,0.02699999999999997,0.03699999999999998,-4.199999999999996,-3.3999999999999986,-2.0,1
-6.799999999999997,-6.700000000000003,0.0,5.52000000000001,-0.02699999999999997,-0.03699999999999998,4.199999999999996,3.3999999999999986,2.0,0
12.099999999999994,-2.8999999999999915,15.0,-0.9000000000000057,0.017000000000000015,-0.0030000000000000027,-5.5,1.3000000000000007,-1.5999999999999996,1
-12.099999999999994,2.8999999999999915,-15.0,0.9000000000000057,-0.017000000000000015,0.0030000000000000027,5.5,-1.3000000000000007,1.5999999999999996,0
3.5,-2.5,6.0,-0.8800000000000097,0.02100000000000002,-0.01799999999999996,-1.5,-0.6000000000000014,0.0,1
-3.5,2.5,-6.0,0.8800000000000097,-0.02100000000000002,0.01799999999999996,1.5,0.6000000000000014,0.0,0
7.299999999999997,-2.700000000000003,10.0,-1.0700000000000074,-0.014999999999999958,0.0010000000000000009,-2.6999999999999957,-2.3000000000000007,0.1999999999999993,1
-7.299999999999997,2.700000000000003,-10.0,1.0700000000000074,0.014999999999999958,-0.0010000000000000009,2.6999999999999957,2.3000000000000007,-0.1999999999999993,0
-3.200000000000003,-10.599999999999994,7.3999999999999995,-1.1600000000000108,-0.006999999999999951,-0.02999999999999997,-2.1999999999999957,-1.1999999999999993,0.1999999999999993,1
3.200000000000003,10.599999999999994,-7.3999999999999995,1.1600000000000108,0.006999999999999951,0.02999999999999997,2.1999999999999957,1.1999999999999993,-0.1999999999999993,0
7.299999999999997,-7.700000000000003,15.0,0.5999999999999943,-0.0010000000000000009,-0.0020000000000000018,-3.0999999999999943,0.8000000000000007,0.09999999999999964,1
-7.299999999999997,7.700000000000003,-15.0,-0.5999999999999943,0.0010000000000000009,0.0020000000000000018,3.0999999999999943,-0.8000000000000007,-0.09999999999999964,0
7.099999999999994,-5.200000000000003,12.3,-3.8000000000000114,0.0010000000000000009,0.025000000000000022,-6.799999999999997,-5.600000000000001,0.40000000000000036,1
-7.099999999999994,5.200000000000003,-12.3,3.8000000000000114,-0.0010000000000000009,-0.025000000000000022,6.799999999999997,5.600000000000001,-0.40000000000000036,0
16.099999999999994,-9.5,25.6,1.0,-0.009999999999999953,-0.05199999999999999,-6.399999999999999,-0.8000000000000007,0.40000000000000036,1
-16.099999999999994,9.5,-25.6,-1.0,0.009999999999999953,0.05199999999999999,6.399999999999999,0.8000000000000007,-0.40000000000000036,0
0.0,-11.200000000000003,11.2,-0.29000000000000625,-0.014999999999999958,-0.010999999999999954,-4.599999999999994,-8.2,1.799999999999999,1
0.0,11.200000000000003,-11.2,0.29000000000000625,0.014999999999999958,0.010999999999999954,4.599999999999994,8.2,-1.799999999999999,0
2.0,-2.700000000000003,4.699999999999999,-0.7800000000000011,-0.006999999999999951,-0.033999999999999975,0.6000000000000014,0.3999999999999986,-1.5,1
-2.0,2.700000000000003,-4.699999999999999,0.7800000000000011,0.006999999999999951,0.033999999999999975,-0.6000000000000014,-0.3999999999999986,1.5,0
23.299999999999997,-1.3999999999999915,24.799999999999997,-3.280000000000001,-0.01799999999999996,-0.05399999999999999,-3.799999999999997,-0.8000000000000007,-1.4000000000000004,1
-23.299999999999997,1.3999999999999915,-24.799999999999997,3.280000000000001,0.01799999999999996,0.05399999999999999,3.799999999999997,0.8000000000000007,1.4000000000000004,0
-1.2999999999999972,-12.399999999999991,11.1,0.37999999999999545,-0.02799999999999997,-0.068,-0.5,-4.800000000000001,-0.20000000000000107,1
1.2999999999999972,12.399999999999991,-11.1,-0.37999999999999545,0.02799999999999997,0.068,0.5,4.800000000000001,0.20000000000000107,0
5.8999999999999915,3.700000000000003,2.1999999999999993,-2.6000000000000085,0.03300000000000003,-0.013999999999999957,-6.099999999999994,-0.6000000000000014,-4.200000000000001,1
-5.8999999999999915,-3.700000000000003,-2.1999999999999993,2.6000000000000085,-0.03300000000000003,0.013999999999999957,6.099999999999994,0.6000000000000014,4.200000000000001,0
11.899999999999991,8.200000000000003,3.6999999999999993,-3.1099999999999994,0.02400000000000002,0.04600000000000004,-1.8999999999999986,1.3999999999999986,-3.0999999999999996,1
-11.899999999999991,-8.200000000000003,-3.6999999999999993,3.1099999999999994,-0.02400000000000002,-0.04600000000000004,1.8999999999999986,-1.3999999999999986,3.0999999999999996,0
-0.10000000000000853,-8.5,8.4,1.509999999999991,0.02300000000000002,-0.03699999999999998,-6.299999999999997,-0.5,0.7999999999999989,1
0.10000000000000853,8.5,-8.4,-1.509999999999991,-0.02300000000000002,0.03699999999999998,6.299999999999997,0.5,-0.7999999999999989,0
7.5,-15.0,22.5,-2.6500000000000057,-0.012999999999999956,-0.032999999999999974,-7.099999999999994,-2.5,-2.200000000000001,1
-7.5,15.0,-22.5,2.6500000000000057,0.012999999999999956,0.032999999999999974,7.099999999999994,2.5,2.200000000000001,0
-8.599999999999994,0.3999999999999915,-9.0,0.01999999999999602,0.0040000000000000036,-0.014999999999999958,4.0,-1.9000000000000021,1.5999999999999996,0
8.599999999999994,-0.3999999999999915,9.0,-0.01999999999999602,-0.0040000000000000036,0.014999999999999958,-4.0,1.9000000000000021,-1.5999999999999996,1
-4.799999999999997,0.19999999999998863,-5.0,-0.1700000000000017,-0.03199999999999997,0.0040000000000000036,2.8000000000000043,-3.6000000000000014,1.799999999999999,0
4.799999999999997,-0.19999999999998863,5.0,0.1700000000000017,0.03199999999999997,-0.0040000000000000036,-2.8000000000000043,3.6000000000000014,-1.799999999999999,1
-15.299999999999997,-7.700000000000003,-7.6000000000000005,-0.2600000000000051,-0.023999999999999966,-0.02699999999999997,3.3000000000000043,-2.5,1.799999999999999,0
15.299999999999997,7.700000000000003,7.6000000000000005,0.2600000000000051,0.023999999999999966,0.02699999999999997,-3.3000000000000043,2.5,-1.799999999999999,1
-4.799999999999997,-4.800000000000011,0.0,1.5,-0.018000000000000016,0.0010000000000000009,2.4000000000000057,-0.5,1.6999999999999993,1
4.799999999999997,4.800000000000011,0.0,-1.5,0.018000000000000016,-0.0010000000000000009,-2.4000000000000057,0.5,-1.6999999999999993,0
-5.0,-2.3000000000000114,-2.7,-2.9000000000000057,-0.016000000000000014,0.028000000000000025,-1.2999999999999972,-6.900000000000002,2.0,1
5.0,2.3000000000000114,2.7,2.9000000000000057,0.016000000000000014,-0.028000000000000025,1.2999999999999972,6.900000000000002,-2.0,0
4.0,-6.6000000000000085,10.6,1.9000000000000057,-0.02699999999999997,-0.04899999999999999,-0.8999999999999986,-2.1000000000000014,2.0,1
-4.0,6.6000000000000085,-10.6,-1.9000000000000057,0.02699999999999997,0.04899999999999999,0.8999999999999986,2.1000000000000014,-2.0,0
-12.099999999999994,-8.300000000000011,-3.8000000000000003,0.6099999999999994,-0.03199999999999997,-0.007999999999999952,0.9000000000000057,-9.5,3.3999999999999986,1
12.099999999999994,8.300000000000011,3.8000000000000003,-0.6099999999999994,0.03199999999999997,0.007999999999999952,-0.9000000000000057,9.5,-3.3999999999999986,0
-10.099999999999994,0.19999999999998863,-10.3,0.12000000000000455,-0.023999999999999966,-0.030999999999999972,6.100000000000001,-0.9000000000000021,0.09999999999999964,0
10.099999999999994,-0.19999999999998863,10.3,-0.12000000000000455,0.023999999999999966,0.030999999999999972,-6.100000000000001,0.9000000000000021,-0.09999999999999964,1
11.200000000000003,1.5,9.799999999999999,-2.3799999999999955,-0.034999999999999976,-0.05099999999999999,1.7000000000000028,-2.1000000000000014,0.1999999999999993,1
-11.200000000000003,-1.5,-9.799999999999999,2.3799999999999955,0.034999999999999976,0.05099999999999999,-1.7000000000000028,2.1000000000000014,-0.1999999999999993,0
-13.399999999999991,-9.5,-3.9000000000000004,1.2800000000000011,-0.044999999999999984,-0.065,5.0,-6.100000000000001,1.3999999999999986,0
13.399999999999991,9.5,3.9000000000000004,-1.2800000000000011,0.044999999999999984,0.065,-5.0,6.100000000000001,-1.3999999999999986,1
-6.200000000000003,6.599999999999994,-12.8,-1.7000000000000028,0.016000000000000014,-0.010999999999999954,-0.5999999999999943,-1.9000000000000021,-2.6000000000000014,0
6.200000000000003,-6.599999999999994,12.8,1.7000000000000028,-0.016000000000000014,0.010999999999999954,0.5999999999999943,1.9000000000000021,2.6000000000000014,1
-0.20000000000000284,11.099999999999994,-11.3,-2.2099999999999937,0.007000000000000006,0.049000000000000044,3.6000000000000014,0.09999999999999787,-1.5,0
0.20000000000000284,-11.099999999999994,11.3,2.2099999999999937,-0.007000000000000006,-0.049000000000000044,-3.6000000000000014,-0.09999999999999787,1.5,1
-12.200000000000003,-5.6000000000000085,-6.6000000000000005,2.4099999999999966,0.006000000000000005,-0.033999999999999975,-0.7999999999999972,-1.8000000000000007,2.3999999999999986,1
12.200000000000003,5.6000000000000085,6.6000000000000005,-2.4099999999999966,-0.006000000000000005,0.033999999999999975,0.7999999999999972,1.8000000000000007,-2.3999999999999986,0
-4.599999999999994,-12.100000000000009,7.5,-1.75,-0.02999999999999997,-0.02999999999999997,-1.5999999999999943,-3.8000000000000007,-0.6000000000000014,1
4.599999999999994,12.100000000000009,-7.5,1.75,0.02999999999999997,0.02999999999999997,1.5999999999999943,3.8000000000000007,0.6000000000000014,0
3.799999999999997,-0.20000000000000284,4.0,-0.18999999999999773,-0.035999999999999976,0.01899999999999996,-1.1999999999999957,-1.6999999999999993,0.1999999999999993,1
-3.799999999999997,0.20000000000000284,-4.0,0.18999999999999773,0.035999999999999976,-0.01899999999999996,1.1999999999999957,1.6999999999999993,-0.1999999999999993,0
-6.700000000000003,-8.099999999999994,1.4000000000000001,-0.28000000000000114,-0.02799999999999997,-0.01200000000000001,-0.6999999999999957,-0.5999999999999979,0.1999999999999993,1
6.700000000000003,8.099999999999994,-1.4000000000000001,0.28000000000000114,0.02799999999999997,0.01200000000000001,0.6999999999999957,0.5999999999999979,-0.1999999999999993,0
3.799999999999997,-5.200000000000003,9.0,1.480000000000004,-0.02200000000000002,0.01599999999999996,-1.5999999999999943,1.4000000000000021,0.09999999999999964,1
-3.799999999999997,5.200000000000003,-9.0,-1.480000000000004,0.02200000000000002,-0.01599999999999996,1.5999999999999943,-1.4000000000000021,-0.09999999999999964,0
3.5999999999999943,-2.700000000000003,6.300000000000001,-2.9200000000000017,-0.020000000000000018,0.04299999999999998,-5.299999999999997,-5.0,0.40000000000000036,1
-3.5999999999999943,2.700000000000003,-6.300000000000001,2.9200000000000017,0.020000000000000018,-0.04299999999999998,5.299999999999997,5.0,-0.40000000000000036,0
12.599999999999994,-7.0,19.6,1.8800000000000097,-0.030999999999999972,-0.03400000000000003,-4.899999999999999,-0.1999999999999993,0.40000000000000036,1
-12.599999999999994,7.0,-19.6,-1.8800000000000097,0.030999999999999972,0.03400000000000003,4.899999999999999,0.1999999999999993,-0.40000000000000036,0
-3.5,-8.700000000000003,5.2,0.5900000000000034,-0.035999999999999976,0.007000000000000006,-3.0999999999999943,-7.599999999999998,1.799999999999999,1
3.5,8.700000000000003,-5.2,-0.5900000000000034,0.035999999999999976,-0.007000000000000006,3.0999999999999943,7.599999999999998,-1.799999999999999,0
-1.5,-0.20000000000000284,-1.2999999999999998,0.10000000000000853,-0.02799999999999997,-0.016000000000000014,2.1000000000000014,1.0,-1.5,1
1.5,0.20000000000000284,1.2999999999999998,-0.10000000000000853,0.02799999999999997,0.016000000000000014,-2.1000000000000014,-1.0,1.5,0
19.799999999999997,1.1000000000000085,18.8,-2.3999999999999915,-0.03899999999999998,-0.03600000000000003,-2.299999999999997,-0.1999999999999993,-1.4000000000000004,1
-19.799999999999997,-1.1000000000000085,-18.8,2.3999999999999915,0.03899999999999998,0.03600000000000003,2.299999999999997,0.1999999999999993,1.4000000000000004,0
-4.799999999999997,-9.899999999999991,5.1,1.2600000000000051,-0.04899999999999999,-0.050000000000000044,1.0,-4.199999999999999,-0.20000000000000107,1
4.799999999999997,9.899999999999991,-5.1,-1.2600000000000051,0.04899999999999999,0.050000000000000044,-1.0,4.199999999999999,0.20000000000000107,0
2.3999999999999915,6.200000000000003,-3.8000000000000003,-1.7199999999999989,0.01200000000000001,0.0040000000000000036,-4.599999999999994,0.0,-4.200000000000001,0
-2.3999999999999915,-6.200000000000003,3.8000000000000003,1.7199999999999989,-0.01200000000000001,-0.0040000000000000036,4.599999999999994,0.0,4.200000000000001,1
8.399999999999991,10.700000000000003,-2.3000000000000003,-2.2299999999999898,0.0030000000000000027,0.064,-0.3999999999999986,2.0,-3.0999999999999996,1
-8.399999999999991,-10.700000000000003,2.3000000000000003,2.2299999999999898,-0.0030000000000000027,-0.064,0.3999999999999986,-2.0,3.0999999999999996,0
-3.6000000000000085,-6.0,2.4,2.3900000000000006,0.0020000000000000018,-0.019000000000000017,-4.799999999999997,0.10000000000000142,0.7999999999999989,1
3.6000000000000085,6.0,-2.4,-2.3900000000000006,-0.0020000000000000018,0.019000000000000017,4.799999999999997,-0.10000000000000142,-0.7999999999999989,0
4.0,-12.5,16.5,-1.769999999999996,-0.033999999999999975,-0.015000000000000013,-5.599999999999994,-1.8999999999999986,-2.200000000000001,1
-4.0,12.5,-16.5,1.769999999999996,0.033999999999999975,0.015000000000000013,5.599999999999994,1.8999999999999986,2.200000000000001,0
-10.5,-7.8999999999999915,-2.5999999999999996,-0.09000000000000341,0.008000000000000007,-0.030999999999999972,0.5,1.1000000000000014,0.0,1
10.5,7.8999999999999915,2.5999999999999996,0.09000000000000341,-0.008000000000000007,0.030999999999999972,-0.5,-1.1000000000000014,0.0,0
0.0,-5.0,5.0,1.6700000000000017,0.013999999999999957,-0.0030000000000000027,-0.3999999999999986,3.1000000000000014,-0.09999999999999964,1
0.0,5.0,-5.0,-1.6700000000000017,-0.013999999999999957,0.0030000000000000027,0.3999999999999986,-3.1000000000000014,0.09999999999999964,0
-0.20000000000000284,-2.5,2.3000000000000003,-2.730000000000004,0.01599999999999996,0.02400000000000002,-4.100000000000001,-3.3000000000000007,0.20000000000000107,1
0.20000000000000284,2.5,-2.3000000000000003,2.730000000000004,-0.01599999999999996,-0.02400000000000002,4.100000000000001,3.3000000000000007,-0.20000000000000107,0
8.799999999999997,-6.799999999999997,15.6,2.0700000000000074,0.0050000000000000044,-0.05299999999999999,-3.700000000000003,1.5,0.20000000000000107,1
-8.799999999999997,6.799999999999997,-15.6,-2.0700000000000074,-0.0050000000000000044,0.05299999999999999,3.700000000000003,-1.5,-0.20000000000000107,0
-7.299999999999997,-8.5,1.2000000000000002,0.7800000000000011,0.0,-0.011999999999999955,-1.8999999999999986,-5.899999999999999,1.5999999999999996,1
7.299999999999997,8.5,-1.2000000000000002,-0.7800000000000011,0.0,0.011999999999999955,1.8999999999999986,5.899999999999999,-1.5999999999999996,0
-5.299999999999997,0.0,-5.3,0.29000000000000625,0.008000000000000007,-0.034999999999999976,3.299999999999997,2.6999999999999993,-1.6999999999999993,1
5.299999999999997,0.0,5.3,-0.29000000000000625,-0.008000000000000007,0.034999999999999976,-3.299999999999997,-2.6999999999999993,1.6999999999999993,0
16.0,1.3000000000000114,14.799999999999999,-2.2099999999999937,-0.0030000000000000027,-0.05499999999999999,-1.1000000000000014,1.5,-1.5999999999999996,1
-16.0,-1.3000000000000114,-14.799999999999999,2.2099999999999937,0.0030000000000000027,0.05499999999999999,1.1000000000000014,-1.5,1.5999999999999996,0
-8.599999999999994,-9.699999999999989,1.1,1.4500000000000028,-0.013000000000000012,-0.069,2.1999999999999957,-2.5,-0.40000000000000036,1
8.599999999999994,9.699999999999989,-1.1,-1.4500000000000028,0.013000000000000012,0.069,-2.1999999999999957,2.5,0.40000000000000036,0
-1.4000000000000057,6.400000000000006,-7.800000000000001,-1.5300000000000011,0.04799999999999999,-0.014999999999999958,-3.3999999999999986,1.6999999999999993,-4.4,0
1.4000000000000057,-6.400000000000006,7.800000000000001,1.5300000000000011,-0.04799999999999999,0.014999999999999958,3.3999999999999986,-1.6999999999999993,4.4,1
4.599999999999994,10.900000000000006,-6.300000000000001,-2.039999999999992,0.03899999999999998,0.04500000000000004,0.7999999999999972,3.6999999999999993,-3.299999999999999,1
-4.599999999999994,-10.900000000000006,6.300000000000001,2.039999999999992,-0.03899999999999998,-0.04500000000000004,-0.7999999999999972,-3.6999999999999993,3.299999999999999,0
-7.400000000000006,-5.799999999999997,-1.5999999999999999,2.5799999999999983,0.03799999999999998,-0.03799999999999998,-3.6000000000000014,1.8000000000000007,0.5999999999999996,1
7.400000000000006,5.799999999999997,1.5999999999999999,-2.5799999999999983,-0.03799999999999998,0.03799999999999998,3.6000000000000014,-1.8000000000000007,-0.5999999999999996,0
0.20000000000000284,-12.299999999999997,12.5,-1.5799999999999983,0.0020000000000000018,-0.033999999999999975,-4.399999999999999,-0.1999999999999993,-2.4000000000000004,1
-0.20000000000000284,12.299999999999997,-12.5,1.5799999999999983,-0.0020000000000000018,0.033999999999999975,4.399999999999999,0.1999999999999993,2.4000000000000004,0
10.5,2.8999999999999915,7.6000000000000005,1.7600000000000051,0.00599999999999995,0.02799999999999997,-0.8999999999999986,2.0,-0.09999999999999964,1
-10.5,-2.8999999999999915,-7.6000000000000005,-1.7600000000000051,-0.00599999999999995,-0.02799999999999997,0.8999999999999986,-2.0,0.09999999999999964,0
10.299999999999997,5.3999999999999915,4.9,-2.6400000000000006,0.007999999999999952,0.05499999999999999,-4.600000000000001,-4.400000000000002,0.20000000000000107,1
-10.299999999999997,-5.3999999999999915,-4.9,2.6400000000000006,-0.007999999999999952,-0.05499999999999999,4.600000000000001,4.400000000000002,-0.20000000000000107,0
19.299999999999997,1.0999999999999943,18.2,2.160000000000011,-0.0030000000000000027,-0.02200000000000002,-4.200000000000003,0.3999999999999986,0.20000000000000107,1
-19.299999999999997,-1.0999999999999943,-18.2,-2.160000000000011,0.0030000000000000027,0.02200000000000002,4.200000000000003,-0.3999999999999986,-0.20000000000000107,0
3.200000000000003,-0.6000000000000085,3.8,0.8700000000000045,-0.008000000000000007,0.019000000000000017,-2.3999999999999986,-7.0,1.5999999999999996,1
-3.200000000000003,0.6000000000000085,-3.8,-0.8700000000000045,0.008000000000000007,-0.019000000000000017,2.3999999999999986,7.0,-1.5999999999999996,0
5.200000000000003,7.8999999999999915,-2.7,0.38000000000000966,0.0,-0.0040000000000000036,2.799999999999997,1.5999999999999979,-1.6999999999999993,0
-5.200000000000003,-7.8999999999999915,2.7,-0.38000000000000966,0.0,0.0040000000000000036,-2.799999999999997,-1.5999999999999979,1.6999999999999993,1
26.5,9.200000000000003,17.4,-2.1199999999999903,-0.01100000000000001,-0.02400000000000002,-1.6000000000000014,0.3999999999999986,-1.5999999999999996,1
-26.5,-9.200000000000003,-17.4,2.1199999999999903,0.01100000000000001,0.02400000000000002,1.6000000000000014,-0.3999999999999986,1.5999999999999996,0
1.9000000000000057,-1.7999999999999972,3.7,1.5400000000000063,-0.02100000000000002,-0.038000000000000034,1.6999999999999957,-3.6000000000000014,-0.40000000000000036,0
-1.9000000000000057,1.7999999999999972,-3.7,-1.5400000000000063,0.02100000000000002,0.038000000000000034,-1.6999999999999957,3.6000000000000014,0.40000000000000036,1
9.099999999999994,14.299999999999997,-5.2,-1.4399999999999977,0.03999999999999998,0.016000000000000014,-3.8999999999999986,0.5999999999999979,-4.4,0
-9.099999999999994,-14.299999999999997,5.2,1.4399999999999977,-0.03999999999999998,-0.016000000000000014,3.8999999999999986,-0.5999999999999979,4.4,1
15.099999999999994,18.799999999999997,-3.7,-1.9499999999999886,0.030999999999999972,0.07600000000000001,0.29999999999999716,2.599999999999998,-3.299999999999999,1
-15.099999999999994,-18.799999999999997,3.7,1.9499999999999886,-0.030999999999999972,-0.07600000000000001,-0.29999999999999716,-2.599999999999998,3.299999999999999,0
3.0999999999999943,2.0999999999999943,1.0,2.6700000000000017,0.02999999999999997,-0.007000000000000006,-4.100000000000001,0.6999999999999993,0.5999999999999996,1
-3.0999999999999943,-2.0999999999999943,-1.0,-2.6700000000000017,-0.02999999999999997,0.007000000000000006,4.100000000000001,-0.6999999999999993,-0.5999999999999996,0
10.700000000000003,-4.400000000000006,15.1,-1.4899999999999949,-0.006000000000000005,-0.0030000000000000027,-4.899999999999999,-1.3000000000000007,-2.4000000000000004,1
-10.700000000000003,4.400000000000006,-15.1,1.4899999999999949,0.006000000000000005,0.0030000000000000027,4.899999999999999,1.3000000000000007,2.4000000000000004,0
-0.20000000000000284,2.5,-2.7,-4.400000000000006,0.0020000000000000018,0.027000000000000024,-3.700000000000003,-6.400000000000002,0.3000000000000007,1
0.20000000000000284,-2.5,2.7,4.400000000000006,-0.0020000000000000018,-0.027000000000000024,3.700000000000003,6.400000000000002,-0.3000000000000007,0
8.799999999999997,-1.7999999999999972,10.6,0.4000000000000057,-0.008999999999999952,-0.04999999999999999,-3.3000000000000043,-1.6000000000000014,0.3000000000000007,1
-8.799999999999997,1.7999999999999972,-10.6,-0.4000000000000057,0.008999999999999952,0.04999999999999999,3.3000000000000043,1.6000000000000014,-0.3000000000000007,0
-7.299999999999997,-3.5,-3.8000000000000003,-0.8900000000000006,-0.013999999999999957,-0.008999999999999952,-1.5,-9.0,1.6999999999999993,0
7.299999999999997,3.5,3.8000000000000003,0.8900000000000006,0.013999999999999957,0.008999999999999952,1.5,9.0,-1.6999999999999993,0
-5.299999999999997,5.0,-10.3,-1.3799999999999955,-0.00599999999999995,-0.03199999999999997,3.6999999999999957,-0.40000000000000213,-1.5999999999999996,0
5.299999999999997,-5.0,10.3,1.3799999999999955,0.00599999999999995,0.03199999999999997,-3.6999999999999957,0.40000000000000213,1.5999999999999996,1
16.0,6.300000000000011,9.799999999999999,-3.8799999999999955,-0.01699999999999996,-0.05199999999999999,-0.7000000000000028,-1.6000000000000014,-1.5,1
-16.0,-6.300000000000011,-9.799999999999999,3.8799999999999955,0.01699999999999996,0.05199999999999999,0.7000000000000028,1.6000000000000014,1.5,0
-8.599999999999994,-4.699999999999989,-3.9000000000000004,-0.21999999999999886,-0.02699999999999997,-0.066,2.5999999999999943,-5.600000000000001,-0.3000000000000007,0
8.599999999999994,4.699999999999989,3.9000000000000004,0.21999999999999886,0.02699999999999997,0.066,-2.5999999999999943,5.600000000000001,0.3000000000000007,1
-1.4000000000000057,11.400000000000006,-12.8,-3.200000000000003,0.03400000000000003,-0.011999999999999955,-3.0,-1.4000000000000021,-4.300000000000001,0
1.4000000000000057,-11.400000000000006,12.8,3.200000000000003,-0.03400000000000003,0.011999999999999955,3.0,1.4000000000000021,4.300000000000001,1
4.599999999999994,15.900000000000006,-11.3,-3.7099999999999937,0.025000000000000022,0.04800000000000004,1.1999999999999957,0.5999999999999979,-3.1999999999999993,0
-4.599999999999994,-15.900000000000006,11.3,3.7099999999999937,-0.025000000000000022,-0.04800000000000004,-1.1999999999999957,-0.5999999999999979,3.1999999999999993,1
-7.400000000000006,-0.7999999999999972,-6.6000000000000005,0.9099999999999966,0.02400000000000002,-0.034999999999999976,-3.200000000000003,-1.3000000000000007,0.6999999999999993,0
7.400000000000006,0.7999999999999972,6.6000000000000005,-0.9099999999999966,-0.02400000000000002,0.034999999999999976,3.200000000000003,1.3000000000000007,-0.6999999999999993,0
0.20000000000000284,-7.299999999999997,7.5,-3.25,-0.011999999999999955,-0.030999999999999972,-4.0,-3.3000000000000007,-2.3000000000000007,1
-0.20000000000000284,7.299999999999997,-7.5,3.25,0.011999999999999955,0.030999999999999972,4.0,3.3000000000000007,2.3000000000000007,0
9.0,-4.299999999999997,13.3,4.800000000000011,-0.010999999999999954,-0.07700000000000001,0.3999999999999986,4.800000000000001,0.0,0
-9.0,4.299999999999997,-13.3,-4.800000000000011,0.010999999999999954,0.07700000000000001,-0.3999999999999986,-4.800000000000001,0.0,0
-7.099999999999994,-6.0,-1.1,3.510000000000005,-0.01599999999999996,-0.035999999999999976,2.200000000000003,-2.599999999999998,1.3999999999999986,0
7.099999999999994,6.0,1.1,-3.510000000000005,0.01599999999999996,0.035999999999999976,-2.200000000000003,2.599999999999998,-1.3999999999999986,1
-5.099999999999994,2.5,-7.6,3.0200000000000102,-0.007999999999999952,-0.059,7.399999999999999,6.0,-1.9000000000000004,0
5.099999999999994,-2.5,7.6,-3.0200000000000102,0.007999999999999952,0.059,-7.399999999999999,-6.0,1.9000000000000004,1
16.200000000000003,3.8000000000000114,12.5,0.5200000000000102,-0.01899999999999996,-0.07900000000000001,3.0,4.800000000000001,-1.8000000000000007,1
-16.200000000000003,-3.8000000000000114,-12.5,-0.5200000000000102,0.01899999999999996,0.07900000000000001,-3.0,-4.800000000000001,1.8000000000000007,0
-8.399999999999991,-7.199999999999989,-1.2000000000000002,4.180000000000007,-0.02899999999999997,-0.09300000000000003,6.299999999999997,0.8000000000000007,-0.6000000000000014,0
8.399999999999991,7.199999999999989,1.2000000000000002,-4.180000000000007,0.02899999999999997,0.09300000000000003,-6.299999999999997,-0.8000000000000007,0.6000000000000014,1
-1.2000000000000028,8.900000000000006,-10.100000000000001,1.2000000000000028,0.03200000000000003,-0.03899999999999998,0.7000000000000028,5.0,-4.600000000000001,0
1.2000000000000028,-8.900000000000006,10.100000000000001,-1.2000000000000028,-0.03200000000000003,0.03899999999999998,-0.7000000000000028,-5.0,4.600000000000001,1
4.799999999999997,13.400000000000006,-8.600000000000001,0.6900000000000119,0.02300000000000002,0.02100000000000002,4.899999999999999,7.0,-3.5,0
-4.799999999999997,-13.400000000000006,8.600000000000001,-0.6900000000000119,-0.02300000000000002,-0.02100000000000002,-4.899999999999999,-7.0,3.5,1
-7.200000000000003,-3.299999999999997,-3.9000000000000004,5.310000000000002,0.02200000000000002,-0.062,0.5,5.100000000000001,0.3999999999999986,0
7.200000000000003,3.299999999999997,3.9000000000000004,-5.310000000000002,-0.02200000000000002,0.062,-0.5,-5.100000000000001,-0.3999999999999986,1
0.4000000000000057,-9.799999999999997,10.2,1.1500000000000057,-0.013999999999999957,-0.057999999999999996,-0.29999999999999716,3.1000000000000014,-2.6000000000000014,1
-0.4000000000000057,9.799999999999997,-10.2,-1.1500000000000057,0.013999999999999957,0.057999999999999996,0.29999999999999716,-3.1000000000000014,2.6000000000000014,0
-16.099999999999994,-1.7000000000000028,-14.4,-1.2900000000000063,-0.0050000000000000044,0.041000000000000036,1.8000000000000043,-7.399999999999999,1.3999999999999986,0
16.099999999999994,1.7000000000000028,14.4,1.2900000000000063,0.0050000000000000044,-0.041000000000000036,-1.8000000000000043,7.399999999999999,-1.3999999999999986,1
-14.099999999999994,6.799999999999997,-20.9,-1.7800000000000011,0.0030000000000000027,0.018000000000000016,7.0,1.1999999999999993,-1.9000000000000004,0
14.099999999999994,-6.799999999999997,20.9,1.7800000000000011,-0.0030000000000000027,-0.018000000000000016,-7.0,-1.1999999999999993,1.9000000000000004,1
7.200000000000003,8.100000000000009,-0.8000000000000007,-4.280000000000001,-0.008000000000000007,-0.0020000000000000018,2.6000000000000014,0.0,-1.8000000000000007,1
-7.200000000000003,-8.100000000000009,0.8000000000000007,4.280000000000001,0.008000000000000007,0.0020000000000000018,-2.6000000000000014,0.0,1.8000000000000007,0
-17.39999999999999,-2.8999999999999915,-14.5,-0.6200000000000045,-0.018000000000000016,-0.016000000000000014,5.899999999999999,-4.0,-0.6000000000000014,0
17.39999999999999,2.8999999999999915,14.5,0.6200000000000045,0.018000000000000016,0.016000000000000014,-5.899999999999999,4.0,0.6000000000000014,1
-10.200000000000003,13.200000000000003,-23.4,-3.6000000000000085,0.04299999999999998,0.038000000000000034,0.30000000000000426,0.1999999999999993,-4.600000000000001,0
10.200000000000003,-13.200000000000003,23.4,3.6000000000000085,-0.04299999999999998,-0.038000000000000034,-0.30000000000000426,-0.1999999999999993,4.600000000000001,1
-4.200000000000003,17.700000000000003,-21.9,-4.109999999999999,0.033999999999999975,0.09800000000000003,4.5,2.1999999999999993,-3.5,0
4.200000000000003,-17.700000000000003,21.9,4.109999999999999,-0.033999999999999975,-0.09800000000000003,-4.5,-2.1999999999999993,3.5,1
-16.200000000000003,1.0,-17.2,0.5099999999999909,0.032999999999999974,0.015000000000000013,0.10000000000000142,0.3000000000000007,0.3999999999999986,0
16.200000000000003,-1.0,17.2,-0.5099999999999909,-0.032999999999999974,-0.015000000000000013,-0.10000000000000142,-0.3000000000000007,-0.3999999999999986,1
-8.599999999999994,-5.5,-3.0999999999999996,-3.6500000000000057,-0.0030000000000000027,0.019000000000000017,-0.6999999999999957,-1.6999999999999993,-2.6000000000000014,1
8.599999999999994,5.5,3.0999999999999996,3.6500000000000057,0.0030000000000000027,-0.019000000000000017,0.6999999999999957,1.6999999999999993,2.6000000000000014,0
2.0,8.5,-6.5,-0.4899999999999949,0.008000000000000007,-0.02300000000000002,5.199999999999996,8.599999999999998,-3.299999999999999,0
-2.0,-8.5,6.5,0.4899999999999949,-0.008000000000000007,0.02300000000000002,-5.199999999999996,-8.599999999999998,3.299999999999999,1
23.299999999999997,9.800000000000011,13.6,-2.989999999999995,-0.0030000000000000027,-0.04300000000000004,0.7999999999999972,7.399999999999999,-3.1999999999999993,1
-23.299999999999997,-9.800000000000011,-13.6,2.989999999999995,0.0030000000000000027,0.04300000000000004,-0.7999999999999972,-7.399999999999999,3.1999999999999993,0
-1.2999999999999972,-1.1999999999999886,-0.10000000000000009,0.6700000000000017,-0.013000000000000012,-0.05700000000000005,4.099999999999994,3.3999999999999986,-2.0,0
1.2999999999999972,1.1999999999999886,0.10000000000000009,-0.6700000000000017,0.013000000000000012,0.05700000000000005,-4.099999999999994,-3.3999999999999986,2.0,1
5.8999999999999915,14.900000000000006,-9.0,-2.3100000000000023,0.04799999999999999,-0.0030000000000000027,-1.5,7.599999999999998,-6.0,0
-5.8999999999999915,-14.900000000000006,9.0,2.3100000000000023,-0.04799999999999999,0.0030000000000000027,1.5,-7.599999999999998,6.0,1
11.899999999999991,19.400000000000006,-7.5,-2.819999999999993,0.03899999999999998,0.056999999999999995,2.6999999999999957,9.599999999999998,-4.899999999999999,0
-11.899999999999991,-19.400000000000006,7.5,2.819999999999993,-0.03899999999999998,-0.056999999999999995,-2.6999999999999957,-9.599999999999998,4.899999999999999,1
-0.10000000000000853,2.700000000000003,-2.8000000000000003,1.7999999999999972,0.03799999999999998,-0.026000000000000023,-1.7000000000000028,7.699999999999999,-1.0,0
0.10000000000000853,-2.700000000000003,2.8000000000000003,-1.7999999999999972,-0.03799999999999998,0.026000000000000023,1.7000000000000028,-7.699999999999999,1.0,0
7.5,-3.799999999999997,11.3,-2.3599999999999994,0.0020000000000000018,-0.02200000000000002,-2.5,5.699999999999999,-4.0,1
-7.5,3.799999999999997,-11.3,2.3599999999999994,-0.0020000000000000018,0.02200000000000002,2.5,-5.699999999999999,4.0,0
21.299999999999997,1.3000000000000114,20.099999999999998,-2.5,-0.01100000000000001,-0.020000000000000018,-4.399999999999999,-1.1999999999999993,0.09999999999999964,1
-21.299999999999997,-1.3000000000000114,-20.099999999999998,2.5,0.01100000000000001,0.020000000000000018,4.399999999999999,1.1999999999999993,-0.09999999999999964,0
-3.299999999999997,-9.699999999999989,6.4,1.1599999999999966,-0.02100000000000002,-0.03400000000000003,-1.1000000000000014,-5.199999999999999,1.299999999999999,1
3.299999999999997,9.699999999999989,-6.4,-1.1599999999999966,0.02100000000000002,0.03400000000000003,1.1000000000000014,5.199999999999999,-1.299999999999999,0
3.8999999999999915,6.400000000000006,-2.5000000000000004,-1.8200000000000074,0.03999999999999998,0.020000000000000018,-6.699999999999996,-1.0,-2.700000000000001,0
-3.8999999999999915,-6.400000000000006,2.5000000000000004,1.8200000000000074,-0.03999999999999998,-0.020000000000000018,6.699999999999996,1.0,2.700000000000001,1
9.899999999999991,10.900000000000006,-1.0000000000000004,-2.3299999999999983,0.030999999999999972,0.08000000000000002,-2.5,1.0,-1.5999999999999996,1
-9.899999999999991,-10.900000000000006,1.0000000000000004,2.3299999999999983,-0.030999999999999972,-0.08000000000000002,2.5,-1.0,1.5999999999999996,0
-2.1000000000000085,-5.799999999999997,3.6999999999999997,2.289999999999992,0.02999999999999997,-0.0030000000000000027,-6.899999999999999,-0.8999999999999986,2.299999999999999,1
2.1000000000000085,5.799999999999997,-3.6999999999999997,-2.289999999999992,-0.02999999999999997,0.0030000000000000027,6.899999999999999,0.8999999999999986,-2.299999999999999,0
5.5,-12.299999999999997,17.8,-1.8700000000000045,-0.006000000000000005,0.0010000000000000009,-7.699999999999996,-2.8999999999999986,-0.7000000000000011,1
-5.5,12.299999999999997,-17.8,1.8700000000000045,0.006000000000000005,-0.0010000000000000009,7.699999999999996,2.8999999999999986,0.7000000000000011,0
-24.599999999999994,-11.0,-13.7,3.6599999999999966,-0.010000000000000009,-0.014000000000000012,3.299999999999997,-4.0,1.1999999999999993,0
24.599999999999994,11.0,13.7,-3.6599999999999966,0.010000000000000009,0.014000000000000012,-3.299999999999997,4.0,-1.1999999999999993,1
-17.400000000000006,5.099999999999994,-22.6,0.6799999999999926,0.05099999999999999,0.040000000000000036,-2.299999999999997,0.1999999999999993,-2.8000000000000007,0
17.400000000000006,-5.099999999999994,22.6,-0.6799999999999926,-0.05099999999999999,-0.040000000000000036,2.299999999999997,-0.1999999999999993,2.8000000000000007,1
-11.400000000000006,9.599999999999994,-21.1,0.1700000000000017,0.04199999999999998,0.10000000000000003,1.8999999999999986,2.1999999999999993,-1.6999999999999993,0
11.400000000000006,-9.599999999999994,21.1,-0.1700000000000017,-0.04199999999999998,-0.10000000000000003,-1.8999999999999986,-2.1999999999999993,1.6999999999999993,1
-23.400000000000006,-7.1000000000000085,-16.4,4.789999999999992,0.04099999999999998,0.017000000000000015,-2.5,0.3000000000000007,2.1999999999999993,0
23.400000000000006,7.1000000000000085,16.4,-4.789999999999992,-0.04099999999999998,-0.017000000000000015,2.5,-0.3000000000000007,-2.1999999999999993,1
-15.799999999999997,-13.600000000000009,-2.299999999999999,0.6299999999999955,0.0050000000000000044,0.02100000000000002,-3.299999999999997,-1.6999999999999993,-0.8000000000000007,0
15.799999999999997,13.600000000000009,2.299999999999999,-0.6299999999999955,-0.0050000000000000044,-0.02100000000000002,3.299999999999997,1.6999999999999993,0.8000000000000007,0
7.199999999999989,16.099999999999994,-8.9,-2.980000000000004,0.061,0.05400000000000005,-5.599999999999994,4.199999999999999,-4.0,0
-7.199999999999989,-16.099999999999994,8.9,2.980000000000004,-0.061,-0.05400000000000005,5.599999999999994,-4.199999999999999,4.0,1
13.199999999999989,20.599999999999994,-7.4,-3.489999999999995,0.05199999999999999,0.11400000000000005,-1.3999999999999986,6.199999999999999,-2.8999999999999986,1
-13.199999999999989,-20.599999999999994,7.4,3.489999999999995,-0.05199999999999999,-0.11400000000000005,1.3999999999999986,-6.199999999999999,2.8999999999999986,0
1.1999999999999886,3.8999999999999915,-2.7,1.1299999999999955,0.05099999999999999,0.031000000000000028,-5.799999999999997,4.300000000000001,1.0,1
-1.1999999999999886,-3.8999999999999915,2.7,-1.1299999999999955,-0.05099999999999999,-0.031000000000000028,5.799999999999997,-4.300000000000001,-1.0,0
8.799999999999997,-2.6000000000000085,11.4,-3.030000000000001,0.015000000000000013,0.03500000000000003,-6.599999999999994,2.3000000000000007,-2.0,1
-8.799999999999997,2.6000000000000085,-11.4,3.030000000000001,-0.015000000000000013,-0.03500000000000003,6.599999999999994,-2.3000000000000007,2.0,0
6.0,4.5,1.5,-0.5099999999999909,-0.009000000000000008,0.06,4.199999999999996,2.0,1.1000000000000014,1
-6.0,-4.5,-1.5,0.5099999999999909,0.009000000000000008,-0.06,-4.199999999999996,-2.0,-1.1000000000000014,0
-6.0,-12.200000000000003,6.2,4.109999999999999,-0.010000000000000009,-0.02300000000000002,-0.20000000000000284,0.10000000000000142,5.0,1
6.0,12.200000000000003,-6.2,-4.109999999999999,0.010000000000000009,0.02300000000000002,0.20000000000000284,-0.10000000000000142,-5.0,0
1.6000000000000085,-18.700000000000003,20.3,-0.04999999999999716,-0.045999999999999985,-0.019000000000000017,-1.0,-1.8999999999999986,2.0,1
-1.6000000000000085,18.700000000000003,-20.3,0.04999999999999716,0.045999999999999985,0.019000000000000017,1.0,1.8999999999999986,-2.0,0
-12.0,-16.700000000000003,4.7,4.61999999999999,-0.0010000000000000009,-0.08300000000000002,-4.399999999999999,-1.8999999999999986,3.8999999999999986,1
12.0,16.700000000000003,-4.7,-4.61999999999999,0.0010000000000000009,0.08300000000000002,4.399999999999999,1.8999999999999986,-3.8999999999999986,0
-4.3999999999999915,-23.200000000000003,18.8,0.45999999999999375,-0.03699999999999998,-0.07900000000000001,-5.199999999999996,-3.8999999999999986,0.8999999999999986,1
4.3999999999999915,23.200000000000003,-18.8,-0.45999999999999375,0.03699999999999998,0.07900000000000001,5.199999999999996,3.8999999999999986,-0.8999999999999986,0
7.6000000000000085,-6.5,14.1,-4.159999999999997,-0.035999999999999976,0.0040000000000000036,-0.7999999999999972,-2.0,-3.0,1
-7.6000000000000085,6.5,-14.1,4.159999999999997,0.035999999999999976,-0.0040000000000000036,0.7999999999999972,2.0,3.0,0
